game_id,season,game_type,week,gameday,weekday,gametime,away_team,away_score,home_team,home_score,location,result,total,overtime,old_game_id,gsis,nfl_detail_id,pfr,pff,espn,ftn,away_rest,home_rest,away_moneyline,home_moneyline,spread_line,away_spread_odds,home_spread_odds,total_line,under_odds,over_odds,div_game,roof,surface,temp,wind,away_qb_id,home_qb_id,away_qb_name,home_qb_name,away_coach,home_coach,referee,stadium_id,stadium
2002_01_DAL_HOU,2002,REG,1,2002-09-08,Sunday,20:30,DAL,10,HOU,19,Home,9,29,0,2002090813,18108,,200209080htx,,220908034,,7,7,,,-8.5,,,33.5,,,0,closed,grass,,,00-0020404,00-0020608,Quincy Carter,David Carr,Dave Campo,Dom Capers,Bill Carollo,HOU00,Reliant Stadium
2002_02_HOU_SD,2002,REG,2,2002-09-15,Sunday,16:15,HOU,3,SD,24,Home,21,27,0,2002091513,18122,,200209150sdg,,220915024,,7,7,,,13.5,,,34.0,,,0,outdoors,grass,74,8,00-0020608,00-0020531,David Carr,Drew Brees,Dom Capers,Marty Schottenheimer,Mike Carey,SDG00,Qualcomm Stadium
2002_03_IND_HOU,2002,REG,3,2002-09-22,Sunday,13:00,IND,23,HOU,3,Home,-20,26,0,2002092206,18127,,200209220htx,,220922034,,7,7,,,-10.5,,,38.0,,,1,open,grass,,,00-0010346,00-0020608,Peyton Manning,David Carr,Tony Dungy,Dom Capers,Tony Corrente,HOU00,Reliant Stadium
2002_04_HOU_PHI,2002,REG,4,2002-09-29,Sunday,13:00,HOU,17,PHI,35,Home,18,52,0,2002092908,18145,,200209290phi,,220929021,,7,7,,,19.0,,,36.0,,,0,outdoors,fieldturf,64,10,00-0020608,00-0011022,David Carr,Donovan McNabb,Dom Capers,Andy Reid,Johnny Grier,PHI99,Veterans Stadium
2002_06_BUF_HOU,2002,REG,6,2002-10-13,Sunday,13:00,BUF,31,HOU,24,Home,-7,55,0,2002101304,18170,,200210130htx,,221013034,,7,14,,,-7.0,,,44.0,,,0,closed,grass,,,00-0001361,00-0020608,Drew Bledsoe,David Carr,Gregg Williams,Dom Capers,Ed Hochuli,HOU00,Reliant Stadium
2002_07_HOU_CLE,2002,REG,7,2002-10-20,Sunday,16:05,HOU,17,CLE,34,Home,17,51,0,2002102005,18191,,200210200cle,,221020005,,7,7,,,8.5,,,36.5,,,0,outdoors,grass,50,6,00-0020608,00-0003535,David Carr,Tim Couch,Dom Capers,Butch Davis,Gerry Austin,CLE00,Cleveland Browns Stadium
2002_08_HOU_JAX,2002,REG,8,2002-10-27,Sunday,16:15,HOU,21,JAX,19,Home,-2,40,0,2002102709,18206,,200210270jax,,221027030,,7,7,,,11.0,,,38.0,,,1,outdoors,grass,78,9,00-0020608,00-0002110,David Carr,Mark Brunell,Dom Capers,Tom Coughlin,Ron Blum,JAX00,Alltel Stadium
2002_09_CIN_HOU,2002,REG,9,2002-11-03,Sunday,13:00,CIN,38,HOU,3,Home,-35,41,0,2002110302,18215,,200211030htx,,221103034,,7,7,,,2.5,,,36.5,,,0,closed,grass,,,00-0009311,00-0020608,Jon Kitna,David Carr,Dick LeBeau,Dom Capers,Larry Nemmers,HOU00,Reliant Stadium
2002_10_HOU_TEN,2002,REG,10,2002-11-10,Sunday,13:00,HOU,10,TEN,17,Home,7,27,0,2002111006,18231,,200211100oti,,221110010,,7,7,,,9.0,,,39.5,,,1,outdoors,grass,76,20,00-0020608,00-0011024,David Carr,Steve McNair,Dom Capers,Jeff Fisher,Bill Leavy,NAS00,The Coliseum
2002_11_JAX_HOU,2002,REG,11,2002-11-17,Sunday,13:00,JAX,24,HOU,21,Home,-3,45,0,2002111711,18250,,200211170htx,,221117034,,7,7,,,-6.5,,,36.5,,,1,open,grass,,,00-0002110,00-0020608,Mark Brunell,David Carr,Tom Coughlin,Dom Capers,Dick Hantak,HOU00,Reliant Stadium
2002_12_NYG_HOU,2002,REG,12,2002-11-24,Sunday,16:15,NYG,14,HOU,16,Home,2,30,0,2002112408,18266,,200211240htx,,221124034,,7,7,,,-5.5,,,34.0,,,0,open,grass,,,00-0003292,00-0020608,Kerry Collins,David Carr,Jim Fassel,Dom Capers,Terry McAulay,HOU00,Reliant Stadium
2002_13_HOU_IND,2002,REG,13,2002-12-01,Sunday,16:05,HOU,3,IND,19,Home,16,22,0,2002120107,18280,,200212010clt,,221201011,,7,7,,,11.5,,,39.5,,,1,dome,astroturf,,,00-0020608,00-0010346,David Carr,Peyton Manning,Dom Capers,Tony Dungy,Johnny Grier,IND99,RCA Dome
2002_14_HOU_PIT,2002,REG,14,2002-12-08,Sunday,13:00,HOU,24,PIT,6,Home,-18,30,0,2002120808,18291,,200212080pit,,221208023,,7,7,,,14.0,,,37.5,,,0,outdoors,grass,35,13,00-0020608,00-0010261,David Carr,Tommy Maddox,Dom Capers,Bill Cowher,Bob McElwee,PIT00,Heinz Field
2002_15_BAL_HOU,2002,REG,15,2002-12-15,Sunday,13:00,BAL,23,HOU,19,Home,-4,42,0,2002121500,18308,,200212150htx,,221215034,,7,7,,,-3.0,,,35.0,,,0,open,grass,,,00-0001335,00-0020608,Jeff Blake,David Carr,Brian Billick,Dom Capers,Bernie Kukar,HOU00,Reliant Stadium
2002_16_HOU_WAS,2002,REG,16,2002-12-22,Sunday,13:00,HOU,10,WAS,26,Home,16,36,0,2002122206,18328,,200212220was,,221222028,,7,7,,,6.5,,,36.5,,,0,outdoors,grass,54,12,00-0020608,00-0021379,David Carr,Patrick Ramsey,Dom Capers,Steve Spurrier,Jeff Triplette,WAS00,FedExField
2002_17_TEN_HOU,2002,REG,17,2002-12-29,Sunday,13:00,TEN,13,HOU,3,Home,-10,16,0,2002122901,18339,,200212290htx,,221229034,,7,7,,,-9.5,,,35.5,,,1,open,grass,,,00-0011024,00-0020608,Steve McNair,David Carr,Jeff Fisher,Dom Capers,Walt Coleman,HOU00,Reliant Stadium
2003_01_HOU_MIA,2003,REG,1,2003-09-07,Sunday,13:00,HOU,21,MIA,20,Home,-1,41,0,2003090704,26502,,200309070mia,,230907015,,7,7,,,14.0,,,34.5,,,0,outdoors,grass,89,6,00-0020608,00-0005180,David Carr,Jay Fiedler,Dom Capers,Dave Wannstedt,Terry McAulay,MIA00,Pro Player Stadium
2003_02_HOU_NO,2003,REG,2,2003-09-14,Sunday,13:00,HOU,10,NO,31,Home,21,41,0,2003091403,26516,,200309140nor,,230914018,,7,7,,,8.0,,,40.5,,,0,dome,fieldturf,,,00-0020608,00-0001823,David Carr,Aaron Brooks,Dom Capers,Jim Haslett,Peter Morelli,NOR00,Louisiana Superdome
2003_03_KC_HOU,2003,REG,3,2003-09-21,Sunday,13:00,KC,42,HOU,14,Home,-28,56,0,2003092108,26529,,200309210htx,,230921034,,7,7,,,-7.5,,,44.0,,,0,closed,grass,,,00-0006355,00-0020608,Trent Green,David Carr,Dick Vermeil,Dom Capers,Ron Blum,HOU00,Reliant Stadium
2003_04_JAX_HOU,2003,REG,4,2003-09-28,Sunday,13:00,JAX,20,HOU,24,Home,4,44,0,2003092808,26326,,200309280htx,,230928034,,7,7,,,-2.5,,,37.5,,,1,open,grass,,,00-0022177,00-0020608,Byron Leftwich,David Carr,Jack Del Rio,Dom Capers,Tony Corrente,HOU00,Reliant Stadium
2003_06_HOU_TEN,2003,REG,6,2003-10-12,Sunday,13:00,HOU,17,TEN,38,Home,21,55,0,2003101201,26358,,200310120oti,,231012010,,14,7,,,8.5,,,39.5,,,1,outdoors,grass,69,3,00-0020608,00-0011024,David Carr,Steve McNair,Dom Capers,Jeff Fisher,Gerald Austin,NAS00,The Coliseum
2003_07_NYJ_HOU,2003,REG,7,2003-10-19,Sunday,16:05,NYJ,19,HOU,14,Home,-5,33,0,2003101905,26370,,200310190htx,,231019034,,7,7,,,-3.5,,,38.0,,,0,open,grass,,,00-0016193,00-0020608,Vinny Testaverde,David Carr,Herm Edwards,Dom Capers,Ed Hochuli,HOU00,Reliant Stadium
2003_08_HOU_IND,2003,REG,8,2003-10-26,Sunday,16:15,HOU,21,IND,30,Home,9,51,0,2003102605,26381,,200310260clt,,231026011,,7,14,,,13.0,,,44.0,,,1,dome,astroturf,,,00-0020608,00-0010346,David Carr,Peyton Manning,Dom Capers,Tony Dungy,Walt Coleman,IND99,RCA Dome
2003_09_CAR_HOU,2003,REG,9,2003-11-02,Sunday,13:00,CAR,10,HOU,14,Home,4,24,0,2003110200,26396,,200311020htx,,231102034,,7,7,,,-6.0,,,37.0,,,0,closed,grass,,,00-0004161,00-0000722,Jake Delhomme,Tony Banks,John Fox,Dom Capers,Ron Blum,HOU00,Reliant Stadium
2003_10_HOU_CIN,2003,REG,10,2003-11-09,Sunday,13:00,HOU,27,CIN,34,Home,7,61,0,2003110902,26407,,200311090cin,,231109004,,7,7,,,4.0,,,40.0,,,0,outdoors,grass,43,7,00-0020608,00-0009311,David Carr,Jon Kitna,Dom Capers,Marvin Lewis,Terry McAulay,CIN00,Paul Brown Stadium
2003_11_HOU_BUF,2003,REG,11,2003-11-16,Sunday,13:00,HOU,12,BUF,10,Home,-2,22,0,2003111609,26420,,200311160buf,,231116002,,7,7,,,7.0,,,37.5,,,0,outdoors,astroplay,47,3,00-0020608,00-0001361,David Carr,Drew Bledsoe,Dom Capers,Gregg Williams,Johnny Grier,BUF00,Ralph Wilson Stadium
2003_12_NE_HOU,2003,REG,12,2003-11-23,Sunday,13:00,NE,23,HOU,20,Home,-3,43,1,2003112302,26441,,200311230htx,,231123034,,7,7,,,-5.0,,,37.0,,,0,closed,grass,,,00-0019596,00-0000722,Tom Brady,Tony Banks,Bill Belichick,Dom Capers,Mike Carey,HOU00,Reliant Stadium
2003_13_ATL_HOU,2003,REG,13,2003-11-30,Sunday,13:00,ATL,13,HOU,17,Home,4,30,0,2003113007,26457,,200311300htx,,231130034,,7,7,,,3.0,,,42.5,,,0,closed,grass,,,00-0019087,00-0000722,Doug Johnson,Tony Banks,Dan Reeves,Dom Capers,Larry Nemmers,HOU00,Reliant Stadium
2003_14_HOU_JAX,2003,REG,14,2003-12-07,Sunday,13:00,HOU,0,JAX,27,Home,27,27,0,2003120705,26472,,200312070jax,,231207030,,7,7,,,9.5,,,37.5,,,1,outdoors,grass,56,7,00-0022091,00-0022177,Dave Ragone,Byron Leftwich,Dom Capers,Jack Del Rio,Jeff Triplette,JAX00,Alltel Stadium
2003_15_HOU_TB,2003,REG,15,2003-12-14,Sunday,13:00,HOU,3,TB,16,Home,13,19,0,2003121402,26492,,200312140tam,,231214027,,7,7,,,11.5,,,36.0,,,0,outdoors,grass,67,7,00-0022091,00-0008442,Dave Ragone,Brad Johnson,Dom Capers,Jon Gruden,Gerald Austin,TAM00,Raymond James Stadium
2003_16_TEN_HOU,2003,REG,16,2003-12-21,Sunday,13:00,TEN,27,HOU,24,Home,-3,51,0,2003122103,26550,,200312210htx,,231221034,,7,7,,,-5.5,,,39.0,,,1,open,grass,,,00-0011024,00-0020608,Steve McNair,David Carr,Jeff Fisher,Dom Capers,Peter Morelli,HOU00,Reliant Stadium
2003_17_IND_HOU,2003,REG,17,2003-12-28,Sunday,13:00,IND,20,HOU,17,Home,-3,37,0,2003122803,26563,,200312280htx,,231228034,,7,7,,,-9.0,,,46.5,,,1,closed,grass,,,00-0010346,00-0020608,Peyton Manning,David Carr,Tony Dungy,Dom Capers,Ed Hochuli,HOU00,Reliant Stadium
2004_01_SD_HOU,2004,REG,1,2004-09-12,Sunday,13:00,SD,27,HOU,20,Home,-7,47,0,2004091203,26913,,200409120htx,,240912034,,7,7,,,4.5,,,44.0,,,0,closed,grass,,,00-0020531,00-0020608,Drew Brees,David Carr,Marty Schottenheimer,Dom Capers,Bill Leavy,HOU00,Reliant Stadium
2004_02_HOU_DET,2004,REG,2,2004-09-19,Sunday,13:00,HOU,16,DET,28,Home,12,44,0,2004091902,26927,,200409190det,,240919008,,7,7,,,3.0,,,43.5,,,0,dome,fieldturf,,,00-0020608,00-0021141,David Carr,Joey Harrington,Dom Capers,Steve Mariucci,Jeff Triplette,DET00,Ford Field
2004_03_HOU_KC,2004,REG,3,2004-09-26,Sunday,13:00,HOU,24,KC,21,Home,-3,45,0,2004092603,26944,,200409260kan,,240926012,,7,7,,,7.5,,,48.0,,,0,outdoors,grass,71,3,00-0020608,00-0006355,David Carr,Trent Green,Dom Capers,Dick Vermeil,Peter Morelli,KAN00,Arrowhead Stadium
2004_04_OAK_HOU,2004,REG,4,2004-10-03,Sunday,13:00,OAK,17,HOU,30,Home,13,47,0,2004100304,26959,,200410030htx,,241003034,,7,7,,,-2.0,,,42.0,,,0,open,grass,,,00-0003292,00-0020608,Kerry Collins,David Carr,Norv Turner,Dom Capers,Bill Vinovich,HOU00,Reliant Stadium
2004_05_MIN_HOU,2004,REG,5,2004-10-10,Sunday,13:00,MIN,34,HOU,28,Home,-6,62,1,2004101002,26971,,200410100htx,,241010034,,14,7,,,-3.5,,,50.0,,,0,open,grass,,,00-0003739,00-0020608,Daunte Culpepper,David Carr,Mike Tice,Dom Capers,Ed Hochuli,HOU00,Reliant Stadium
2004_06_HOU_TEN,2004,REG,6,2004-10-17,Sunday,13:00,HOU,20,TEN,10,Home,-10,30,0,2004101709,26992,,200410170oti,,241017010,,7,6,,,5.5,,,46.0,,,1,outdoors,grass,60,0,00-0020608,00-0011024,David Carr,Steve McNair,Dom Capers,Jeff Fisher,Walt Coleman,NAS00,The Coliseum
2004_08_JAX_HOU,2004,REG,8,2004-10-31,Sunday,13:00,JAX,6,HOU,20,Home,14,26,0,2004103102,27013,,200410310htx,,241031034,,7,14,,,2.0,,,42.0,,,1,open,grass,,,00-0022177,00-0020608,Byron Leftwich,David Carr,Jack Del Rio,Dom Capers,Bill Leavy,HOU00,Reliant Stadium
2004_09_HOU_DEN,2004,REG,9,2004-11-07,Sunday,16:15,HOU,13,DEN,31,Home,18,44,0,2004110710,27035,,200411070den,,241107007,,7,7,,,7.0,,,44.0,,,0,outdoors,grass,69,7,00-0020608,00-0013042,David Carr,Jake Plummer,Dom Capers,Mike Shanahan,Jeff Triplette,DEN00,Invesco Field at Mile High
2004_10_HOU_IND,2004,REG,10,2004-11-14,Sunday,13:00,HOU,14,IND,49,Home,35,63,0,2004111402,27041,,200411140clt,,241114011,,7,6,,,8.5,,,54.5,,,1,dome,astroturf,,,00-0020608,00-0010346,David Carr,Peyton Manning,Dom Capers,Tony Dungy,Bill Carollo,IND99,RCA Dome
2004_11_GB_HOU,2004,REG,11,2004-11-21,Sunday,20:30,GB,16,HOU,13,Home,-3,29,0,2004112114,27067,,200411210htx,,241121034,,7,7,,,-3.0,,,51.0,,,0,closed,grass,,,00-0005106,00-0020608,Brett Favre,David Carr,Mike Sherman,Dom Capers,Peter Morelli,HOU00,Reliant Stadium
2004_12_TEN_HOU,2004,REG,12,2004-11-28,Sunday,13:00,TEN,21,HOU,31,Home,10,52,0,2004112802,27073,,200411280htx,,241128034,,7,7,,,2.0,,,43.0,,,1,open,grass,,,00-0011024,00-0020608,Steve McNair,David Carr,Jeff Fisher,Dom Capers,Larry Nemmers,HOU00,Reliant Stadium
2004_13_HOU_NYJ,2004,REG,13,2004-12-05,Sunday,13:00,HOU,7,NYJ,29,Home,22,36,0,2004120507,27092,,200412050nyj,,241205020,,7,7,,,7.0,,,42.0,,,0,outdoors,fieldturf,56,11,00-0020608,00-0019559,David Carr,Chad Pennington,Dom Capers,Herm Edwards,Tom White,NYC00,Giants Stadium
2004_14_IND_HOU,2004,REG,14,2004-12-12,Sunday,13:00,IND,23,HOU,14,Home,-9,37,0,2004121205,27106,,200412120htx,,241212034,,7,7,,,-10.0,,,57.0,,,1,open,grass,,,00-0010346,00-0020608,Peyton Manning,David Carr,Tony Dungy,Dom Capers,Ed Hochuli,HOU00,Reliant Stadium
2004_15_HOU_CHI,2004,REG,15,2004-12-19,Sunday,13:00,HOU,24,CHI,5,Home,-19,29,0,2004121900,27120,,200412190chi,,241219003,,7,7,,,1.0,,,34.0,,,0,outdoors,grass,12,21,00-0020608,00-0020562,David Carr,Chad Hutchinson,Dom Capers,Lovie Smith,Bill Vinovich,CHI98,Soldier Field
2004_16_HOU_JAX,2004,REG,16,2004-12-26,Sunday,13:00,HOU,21,JAX,0,Home,-21,21,0,2004122603,27139,,200412260jax,,241226030,,7,7,,,6.5,,,36.5,,,1,outdoors,grass,40,16,00-0020608,00-0022177,David Carr,Byron Leftwich,Dom Capers,Jack Del Rio,Walt Coleman,JAX00,Alltel Stadium
2004_17_CLE_HOU,2004,REG,17,2005-01-02,Sunday,13:00,CLE,22,HOU,14,Home,-8,36,0,2005010204,27153,,200501020htx,,250102034,,7,7,,,10.0,,,41.0,,,0,closed,grass,,,00-0007576,00-0020608,Kelly Holcomb,David Carr,Terry Robiskie,Dom Capers,Gerry Austin,HOU00,Reliant Stadium
2005_01_HOU_BUF,2005,REG,1,2005-09-11,Sunday,13:00,HOU,7,BUF,22,Home,15,29,0,2005091107,28526,,200509110buf,,250911002,,7,7,,,4.5,,,39.0,,,0,outdoors,astroplay,76,0,00-0020608,00-0022912,David Carr,J.P. Losman,Dom Capers,Mike Mularkey,Ron Winter,BUF00,Ralph Wilson Stadium
2005_02_PIT_HOU,2005,REG,2,2005-09-18,Sunday,13:00,PIT,27,HOU,7,Home,-20,34,0,2005091807,28544,,200509180htx,,250918034,,7,7,,,-4.5,,,39.5,,,0,open,grass,,,00-0022924,00-0020608,Ben Roethlisberger,David Carr,Bill Cowher,Dom Capers,Bill Vinovich,HOU00,Reliant Stadium
2005_04_HOU_CIN,2005,REG,4,2005-10-02,Sunday,13:00,HOU,10,CIN,16,Home,6,26,0,2005100203,28571,,200510020cin,,251002004,,14,7,,,9.5,,,41.5,,,0,outdoors,fieldturf,79,2,00-0020608,00-0021429,David Carr,Carson Palmer,Dom Capers,Marvin Lewis,Larry Nemmers,CIN00,Paul Brown Stadium
2005_05_TEN_HOU,2005,REG,5,2005-10-09,Sunday,13:00,TEN,34,HOU,20,Home,-14,54,0,2005100907,28590,,200510090htx,,251009034,,7,7,,,1.5,,,40.5,,,1,closed,grass,,,00-0011024,00-0020608,Steve McNair,David Carr,Jeff Fisher,Dom Capers,Ed Hochuli,HOU00,Reliant Stadium
2005_06_HOU_SEA,2005,REG,6,2005-10-16,Sunday,20:30,HOU,10,SEA,42,Home,32,52,0,2005101612,28611,,200510160sea,,251016026,,7,7,,,8.5,,,45.5,,,0,outdoors,fieldturf,57,14,00-0020608,00-0007091,David Carr,Matt Hasselbeck,Dom Capers,Mike Holmgren,Scott Green,SEA00,Qwest Field
2005_07_IND_HOU,2005,REG,7,2005-10-23,Sunday,13:00,IND,38,HOU,20,Home,-18,58,0,2005102302,28615,,200510230htx,,251023034,,6,7,,,-14.5,,,44.5,,,1,closed,grass,,,00-0010346,00-0020608,Peyton Manning,David Carr,Tony Dungy,Dom Capers,Bill Carollo,HOU00,Reliant Stadium
2005_08_CLE_HOU,2005,REG,8,2005-10-30,Sunday,13:00,CLE,16,HOU,19,Home,3,35,0,2005103002,28631,,200510300htx,,251030034,,7,7,,,2.0,,,37.5,,,0,open,grass,,,00-0004293,00-0020608,Trent Dilfer,David Carr,Romeo Crennel,Dom Capers,Bill Leavy,HOU00,Reliant Stadium
2005_09_HOU_JAX,2005,REG,9,2005-11-06,Sunday,13:00,HOU,14,JAX,21,Home,7,35,0,2005110605,28643,,200511060jax,,251106030,,7,7,,,11.0,,,37.5,,,1,outdoors,grass,79,3,00-0020608,00-0022177,David Carr,Byron Leftwich,Dom Capers,Jack Del Rio,Gerry Austin,JAX00,Alltel Stadium
2005_10_HOU_IND,2005,REG,10,2005-11-13,Sunday,13:00,HOU,17,IND,31,Home,14,48,0,2005111302,28658,,200511130clt,,251113011,,7,6,,,17.0,,,45.0,,,1,dome,fieldturf,,,00-0020608,00-0010346,David Carr,Peyton Manning,Dom Capers,Tony Dungy,Peter Morelli,IND99,RCA Dome
2005_11_KC_HOU,2005,REG,11,2005-11-20,Sunday,20:30,KC,45,HOU,17,Home,-28,62,0,2005112014,28683,,200511200htx,,251121009,,7,7,,,-6.5,,,44.5,,,0,open,grass,,,00-0006355,00-0020608,Trent Green,David Carr,Dick Vermeil,Dom Capers,Walt Coleman,HOU00,Reliant Stadium
2005_12_STL_HOU,2005,REG,12,2005-11-27,Sunday,13:00,STL,33,HOU,27,Home,-6,60,1,2005112707,28689,,200511270htx,,251127034,,7,7,,,-3.5,,,44.5,,,0,open,grass,,,00-0010455,00-0020608,Jamie Martin,David Carr,Joe Vitt,Dom Capers,Ed Hochuli,HOU00,Reliant Stadium
2005_13_HOU_BAL,2005,REG,13,2005-12-04,Sunday,13:00,HOU,15,BAL,16,Home,1,31,0,2005120405,28701,,200512040rav,,251204033,,7,7,,,7.0,,,37.0,,,0,outdoors,sportturf,47,10,00-0020608,00-0022164,David Carr,Kyle Boller,Dom Capers,Brian Billick,Terry McAulay,BAL00,M&T Bank Stadium
2005_14_HOU_TEN,2005,REG,14,2005-12-11,Sunday,13:00,HOU,10,TEN,13,Home,3,23,0,2005121102,28724,,200512110oti,,251211010,,7,7,,,6.5,,,44.0,,,1,outdoors,grass,43,12,00-0020608,00-0011024,David Carr,Steve McNair,Dom Capers,Jeff Fisher,Bernie Kukar,NAS00,The Coliseum
2005_15_ARI_HOU,2005,REG,15,2005-12-18,Sunday,13:00,ARI,19,HOU,30,Home,11,49,0,2005121800,28736,,200512180htx,,251218034,,7,7,,,-1.0,,,43.5,,,0,closed,grass,,,00-0017200,00-0020608,Kurt Warner,David Carr,Dennis Green,Dom Capers,Bill Vinovich,HOU00,Reliant Stadium
2005_16_JAX_HOU,2005,REG,16,2005-12-24,Saturday,13:00,JAX,38,HOU,20,Home,-18,58,0,2005122404,28752,,200512240htx,,251224034,,6,6,,,-6.0,,,38.0,,,1,open,grass,,,00-0021231,00-0020608,David Garrard,David Carr,Jack Del Rio,Dom Capers,Tony Corrente,HOU00,Reliant Stadium
2005_17_HOU_SF,2005,REG,17,2006-01-01,Sunday,16:05,HOU,17,SF,20,Home,3,37,1,2006010109,28777,,200601010sfo,,260101025,,8,8,,,-1.0,,,37.5,,,0,outdoors,grass,56,28,00-0000722,00-0023436,Tony Banks,Alex Smith,Dom Capers,Mike Nolan,Bill Leavy,SFO00,Monster Park
2006_01_PHI_HOU,2006,REG,1,2006-09-10,Sunday,13:00,PHI,24,HOU,10,Home,-14,34,0,2006091003,28866,,200609100htx,3748,260910034,,7,7,,,-6.0,,,37.0,,,0,closed,grass,,,00-0011022,00-0020608,Donovan McNabb,David Carr,Andy Reid,Gary Kubiak,Peter Morelli,HOU00,Reliant Stadium
2006_02_HOU_IND,2006,REG,2,2006-09-17,Sunday,13:00,HOU,24,IND,43,Home,19,67,0,2006091705,28882,,200609170clt,3771,260917011,,7,7,,,12.5,,,47.0,,,1,dome,fieldturf,,,00-0020608,00-0010346,David Carr,Peyton Manning,Gary Kubiak,Tony Dungy,Jeff Triplette,IND99,RCA Dome
2006_03_WAS_HOU,2006,REG,3,2006-09-24,Sunday,13:00,WAS,31,HOU,15,Home,-16,46,0,2006092402,28896,,200609240htx,3777,260924034,,7,7,,,-3.5,,,37.5,,,0,closed,grass,,,00-0002110,00-0020608,Mark Brunell,David Carr,Joe Gibbs,Gary Kubiak,Gene Steratore,HOU00,Reliant Stadium
2006_04_MIA_HOU,2006,REG,4,2006-10-01,Sunday,13:00,MIA,15,HOU,17,Home,2,32,0,2006100104,28911,,200610010htx,3794,261001034,,7,7,-180,170,-3.5,105,-113,41.0,-115,105,0,closed,grass,,,00-0003739,00-0020608,Daunte Culpepper,David Carr,Nick Saban,Gary Kubiak,Bill Leavy,HOU00,Reliant Stadium
2006_06_HOU_DAL,2006,REG,6,2006-10-15,Sunday,13:00,HOU,6,DAL,34,Home,28,40,0,2006101502,28937,,200610150dal,3821,261015006,,14,7,720,-800,13.0,-102,-106,43.5,-108,-102,0,outdoors,fieldturf,66,8,00-0020608,00-0001361,David Carr,Drew Bledsoe,Gary Kubiak,Bill Parcells,Larry Nemmers,DAL99,Texas Stadium
2006_07_JAX_HOU,2006,REG,7,2006-10-22,Sunday,13:00,JAX,7,HOU,27,Home,20,34,0,2006102203,28952,,200610220htx,3838,261022034,,14,7,-345,315,-7.5,102,-110,39.5,-101,-109,1,open,grass,,,00-0022177,00-0020608,Byron Leftwich,David Carr,Jack Del Rio,Gary Kubiak,Jerome Boger,HOU00,Reliant Stadium
2006_08_HOU_TEN,2006,REG,8,2006-10-29,Sunday,13:00,HOU,22,TEN,28,Home,6,50,0,2006102907,28968,,200610290oti,3858,261029010,,7,14,143,-153,3.0,-103,-105,41.0,-113,103,1,outdoors,grass,72,8,00-0020608,00-0024218,David Carr,Vince Young,Gary Kubiak,Jeff Fisher,Gerry Austin,NAS00,LP Field
2006_09_HOU_NYG,2006,REG,9,2006-11-05,Sunday,13:00,HOU,10,NYG,14,Home,4,24,0,2006110505,28985,,200611050nyg,3861,261105019,,7,7,590,-650,13.0,-116,108,43.0,101,-111,0,outdoors,fieldturf,46,1,00-0020608,00-0022803,David Carr,Eli Manning,Gary Kubiak,Tom Coughlin,Bill Vinovich,NYC00,Giants Stadium
2006_10_HOU_JAX,2006,REG,10,2006-11-12,Sunday,13:00,HOU,13,JAX,10,Home,-3,23,0,2006111204,28993,,200611120jax,3883,261112030,,7,7,450,-500,10.0,-104,-104,37.0,-106,-104,1,outdoors,grass,56,10,00-0020608,00-0021231,David Carr,David Garrard,Gary Kubiak,Jack Del Rio,Gene Steratore,JAX00,Alltel Stadium
2006_11_BUF_HOU,2006,REG,11,2006-11-19,Sunday,13:00,BUF,24,HOU,21,Home,-3,45,0,2006111905,29009,,200611190htx,3894,261119034,,7,7,139,-149,3.0,-115,107,36.5,-104,-106,0,open,grass,,,00-0022912,00-0020608,J.P. Losman,David Carr,Dick Jauron,Gary Kubiak,Terry McAulay,HOU00,Reliant Stadium
2006_12_HOU_NYJ,2006,REG,12,2006-11-26,Sunday,13:00,HOU,11,NYJ,26,Home,15,37,0,2006112607,29029,,200611260nyj,3917,261126020,,7,7,206,-226,4.5,101,-109,40.5,-113,103,0,outdoors,fieldturf,56,10,00-0020608,00-0019559,David Carr,Chad Pennington,Gary Kubiak,Eric Mangini,Bill Leavy,NYC00,Giants Stadium
2006_13_HOU_OAK,2006,REG,13,2006-12-03,Sunday,16:05,HOU,23,OAK,14,Home,-9,37,0,2006120310,29051,,200612030rai,3935,261203013,,7,7,171,-181,3.0,118,-126,35.0,-105,-105,0,outdoors,grass,56,8,00-0020608,00-0001823,David Carr,Aaron Brooks,Gary Kubiak,Art Shell,Jerome Boger,OAK00,McAfee Coliseum
2006_14_TEN_HOU,2006,REG,14,2006-12-10,Sunday,13:00,TEN,26,HOU,20,Home,-6,46,1,2006121004,29058,,200612100htx,3947,261210034,,7,7,102,-112,1.0,-106,-102,42.0,102,-112,1,closed,grass,,,00-0024218,00-0020608,Vince Young,David Carr,Jeff Fisher,Gary Kubiak,Tony Corrente,HOU00,Reliant Stadium
2006_15_HOU_NE,2006,REG,15,2006-12-17,Sunday,13:00,HOU,7,NE,40,Home,33,47,0,2006121706,29076,,200612170nwe,3965,261217017,,7,7,605,-665,13.0,-121,113,37.5,-103,-107,0,outdoors,fieldturf,52,10,00-0020608,00-0019596,David Carr,Tom Brady,Gary Kubiak,Bill Belichick,Scott Green,BOS00,Gillette Stadium
2006_16_IND_HOU,2006,REG,16,2006-12-24,Sunday,13:00,IND,24,HOU,27,Home,3,51,0,2006122404,29091,,200612240htx,3979,261224034,,6,7,-424,384,-9.0,-108,100,47.0,-106,-104,1,closed,grass,,,00-0010346,00-0020608,Peyton Manning,David Carr,Tony Dungy,Gary Kubiak,Ed Hochuli,HOU00,Reliant Stadium
2006_17_CLE_HOU,2006,REG,17,2006-12-31,Sunday,13:00,CLE,6,HOU,14,Home,8,20,0,2006123104,29104,,200612310htx,3996,261231034,,7,7,220,-240,6.0,-104,-104,38.0,-110,100,0,open,grass,,,00-0023502,00-0020608,Charlie Frye,David Carr,Romeo Crennel,Gary Kubiak,Mike Carey,HOU00,Reliant Stadium
2007_01_KC_HOU,2007,REG,1,2007-09-09,Sunday,13:00,KC,3,HOU,20,Home,17,23,0,2007090903,29199,,200709090htx,735,270909034,,7,7,167,-177,3.0,116,-124,37.5,-103,-107,0,closed,grass,,,00-0007835,00-0022787,Damon Huard,Matt Schaub,Herm Edwards,Gary Kubiak,Jerome Boger,HOU00,Reliant Stadium
2007_02_HOU_CAR,2007,REG,2,2007-09-16,Sunday,13:00,HOU,34,CAR,21,Home,-13,55,0,2007091600,29211,,200709160car,747,270916029,,7,7,266,-286,6.5,-102,-106,38.0,-108,-102,0,outdoors,grass,74,10,00-0022787,00-0004161,Matt Schaub,Jake Delhomme,Gary Kubiak,John Fox,John Parry,CAR00,Bank of America Stadium
2007_03_IND_HOU,2007,REG,3,2007-09-23,Sunday,13:00,IND,30,HOU,24,Home,-6,54,0,2007092302,29229,,200709230htx,765,270923034,,7,7,-270,250,-6.5,-105,-103,46.0,100,-110,1,closed,grass,,,00-0010346,00-0022787,Peyton Manning,Matt Schaub,Tony Dungy,Gary Kubiak,Peter Morelli,HOU00,Reliant Stadium
2007_04_HOU_ATL,2007,REG,4,2007-09-30,Sunday,13:00,HOU,16,ATL,26,Home,10,42,0,2007093000,29243,,200709300atl,779,270930001,,7,7,-125,115,-2.5,-106,-102,39.0,-101,-109,0,dome,fieldturf,,,00-0022787,00-0021141,Matt Schaub,Joey Harrington,Gary Kubiak,Bobby Petrino,Gerry Austin,ATL00,Georgia Dome
2007_05_MIA_HOU,2007,REG,5,2007-10-07,Sunday,13:00,MIA,19,HOU,22,Home,3,41,0,2007100700,29257,,200710070htx,793,271007034,,7,7,187,-205,4.5,-110,102,43.5,100,-110,0,closed,grass,,,00-0006355,00-0022787,Trent Green,Matt Schaub,Cam Cameron,Gary Kubiak,Tony Corrente,HOU00,Reliant Stadium
2007_06_HOU_JAX,2007,REG,6,2007-10-14,Sunday,13:00,HOU,17,JAX,37,Home,20,54,0,2007101404,29275,,200710140jax,811,271014030,,7,7,250,-270,6.5,-110,102,37.0,-114,104,1,outdoors,grass,81,14,00-0022787,00-0021231,Matt Schaub,David Garrard,Gary Kubiak,Jack Del Rio,Walt Coleman,JAX00,Jacksonville Municipal Stadium
2007_07_TEN_HOU,2007,REG,7,2007-10-21,Sunday,13:00,TEN,38,HOU,36,Home,-2,74,0,2007102103,29287,,200710210htx,823,271021034,,7,7,118,-128,2.0,101,-109,37.5,-105,-105,1,closed,grass,,,00-0003292,00-0022787,Kerry Collins,Matt Schaub,Jeff Fisher,Gary Kubiak,Larry Nemmers,HOU00,Reliant Stadium
2007_08_HOU_SD,2007,REG,8,2007-10-28,Sunday,16:05,HOU,10,SD,35,Home,25,45,0,2007102808,29306,,200710280sdg,842,271028024,,7,14,440,-480,10.0,-102,-106,46.0,-102,-108,0,outdoors,grass,78,8,00-0022787,00-0022942,Matt Schaub,Philip Rivers,Gary Kubiak,Norv Turner,Bill Leavy,SDG00,Qualcomm Stadium
2007_09_HOU_OAK,2007,REG,9,2007-11-04,Sunday,16:15,HOU,24,OAK,17,Home,-7,41,0,2007110411,29322,,200711040rai,858,271104013,,7,7,146,-156,3.0,-106,-102,41.0,106,-116,0,outdoors,grass,70,4,00-0020480,00-0021206,Sage Rosenfels,Josh McCown,Gary Kubiak,Lane Kiffin,Peter Morelli,OAK00,McAfee Coliseum
2007_11_NO_HOU,2007,REG,11,2007-11-18,Sunday,13:00,NO,10,HOU,23,Home,13,33,0,2007111806,29345,,200711180htx,881,271118034,,7,14,109,-119,1.0,102,-110,50.0,-104,-106,0,closed,grass,,,00-0020531,00-0022787,Drew Brees,Matt Schaub,Sean Payton,Gary Kubiak,Mike Carey,HOU00,Reliant Stadium
2007_12_HOU_CLE,2007,REG,12,2007-11-25,Sunday,13:00,HOU,17,CLE,27,Home,10,44,0,2007112503,29361,,200711250cle,897,271125005,,7,7,159,-169,3.0,112,-120,52.0,-103,-107,0,outdoors,grass,41,14,00-0022787,00-0023645,Matt Schaub,Derek Anderson,Gary Kubiak,Romeo Crennel,Terry McAulay,CLE00,Cleveland Browns Stadium
2007_13_HOU_TEN,2007,REG,13,2007-12-02,Sunday,13:00,HOU,20,TEN,28,Home,8,48,0,2007120208,29380,,200712020oti,916,271202010,,7,7,175,-185,3.5,-113,105,39.5,102,-112,1,outdoors,grass,61,19,00-0022787,00-0024218,Matt Schaub,Vince Young,Gary Kubiak,Jeff Fisher,Jeff Triplette,NAS00,LP Field
2007_14_TB_HOU,2007,REG,14,2007-12-09,Sunday,13:00,TB,14,HOU,28,Home,14,42,0,2007120904,29392,,200712090htx,928,271209034,,7,7,-141,131,-3.0,105,-113,39.0,-110,100,0,closed,grass,,,00-0022864,00-0020480,Luke McCown,Sage Rosenfels,Jon Gruden,Gary Kubiak,Bill Leavy,HOU00,Reliant Stadium
2007_15_DEN_HOU,2007,REG,15,2007-12-13,Thursday,20:15,DEN,13,HOU,31,Home,18,44,0,2007121300,29403,,200712130htx,939,271213034,,4,4,-138,128,-2.5,-112,104,47.0,-111,101,0,open,grass,,,00-0024226,00-0020480,Jay Cutler,Sage Rosenfels,Mike Shanahan,Gary Kubiak,Bill Carollo,HOU00,Reliant Stadium
2007_16_HOU_IND,2007,REG,16,2007-12-23,Sunday,13:00,HOU,15,IND,38,Home,23,53,0,2007122304,29425,,200712230clt,961,271223011,,10,7,251,-271,6.5,101,-109,44.5,-112,102,1,dome,fieldturf,,,00-0020480,00-0010346,Sage Rosenfels,Peyton Manning,Gary Kubiak,Tony Dungy,Ed Hochuli,IND99,RCA Dome
2007_17_JAX_HOU,2007,REG,17,2007-12-30,Sunday,13:00,JAX,28,HOU,42,Home,14,70,0,2007123005,29441,,200712300htx,977,271230034,,7,7,286,-316,7.0,111,-119,42.0,-102,-108,1,open,grass,,,00-0020613,00-0020480,Quinn Gray,Sage Rosenfels,Jack Del Rio,Gary Kubiak,Tony Corrente,HOU00,Reliant Stadium
2008_01_HOU_PIT,2008,REG,1,2008-09-07,Sunday,13:00,HOU,17,PIT,38,Home,21,55,0,2008090707,29536,,200809070pit,1067,280907023,,7,7,,,6.5,,,43.0,,,0,outdoors,dessograss,72,11,00-0022787,00-0022924,Matt Schaub,Ben Roethlisberger,Gary Kubiak,Mike Tomlin,Terry McAulay,PIT00,Heinz Field
2008_03_HOU_TEN,2008,REG,3,2008-09-21,Sunday,13:00,HOU,12,TEN,31,Home,19,43,0,2008092106,29566,,200809210oti,1099,280921010,,14,7,,,5.0,,,40.0,,,1,outdoors,grass,80,4,00-0022787,00-0003292,Matt Schaub,Kerry Collins,Gary Kubiak,Jeff Fisher,Jerome Boger,NAS00,LP Field
2008_04_HOU_JAX,2008,REG,4,2008-09-28,Sunday,13:00,HOU,27,JAX,30,Home,3,57,1,2008092802,29578,,200809280jax,1112,280928030,,7,7,,,6.5,,,43.0,,,1,outdoors,grass,82,7,00-0022787,00-0021231,Matt Schaub,David Garrard,Gary Kubiak,Jack Del Rio,John Parry,JAX00,Jacksonville Municipal Stadium
2008_05_IND_HOU,2008,REG,5,2008-10-05,Sunday,13:00,IND,31,HOU,27,Home,-4,58,0,2008100504,29593,,200810050htx,1127,281005034,,14,7,-185,175,-4.0,-109,101,48.0,100,-110,1,open,grass,,,00-0010346,00-0020480,Peyton Manning,Sage Rosenfels,Tony Dungy,Gary Kubiak,Tony Corrente,HOU00,Reliant Stadium
2008_06_MIA_HOU,2008,REG,6,2008-10-12,Sunday,13:00,MIA,28,HOU,29,Home,1,57,0,2008101201,29604,,200810120htx,1138,281012034,,7,7,143,-153,3.0,-108,100,45.0,-109,-101,0,open,grass,,,00-0019559,00-0022787,Chad Pennington,Matt Schaub,Tony Sparano,Gary Kubiak,Ed Hochuli,HOU00,Reliant Stadium
2008_07_DET_HOU,2008,REG,7,2008-10-19,Sunday,16:05,DET,21,HOU,28,Home,7,49,0,2008101908,29625,,200810190htx,1160,281019034,,7,7,461,-521,11.0,103,-111,47.5,-111,101,0,open,grass,,,00-0023578,00-0022787,Dan Orlovsky,Matt Schaub,Rod Marinelli,Gary Kubiak,Bill Carollo,HOU00,Reliant Stadium
2008_08_CIN_HOU,2008,REG,8,2008-10-26,Sunday,16:05,CIN,6,HOU,35,Home,29,41,0,2008102612,29662,,200810260htx,1178,281026034,,7,7,349,-379,9.0,-101,-107,45.5,-110,100,0,open,grass,,,00-0023682,00-0022787,Ryan Fitzpatrick,Matt Schaub,Marvin Lewis,Gary Kubiak,Ron Winter,HOU00,Reliant Stadium
2008_09_HOU_MIN,2008,REG,9,2008-11-02,Sunday,13:00,HOU,21,MIN,28,Home,7,49,0,2008110205,29649,,200811020min,1183,281102016,,7,14,233,-253,6.5,-110,102,46.5,100,-110,0,dome,fieldturf,,,00-0022787,00-0005589,Matt Schaub,Gus Frerotte,Gary Kubiak,Brad Childress,Walt Coleman,MIN00,Hubert H. Humphrey Metrodome
2008_10_BAL_HOU,2008,REG,10,2008-11-09,Sunday,13:00,BAL,41,HOU,13,Home,-28,54,0,2008110903,29556,,200811090htx,1092,281109034,,7,7,122,-132,2.5,101,-109,43.5,-105,-105,0,open,grass,,,00-0026158,00-0020480,Joe Flacco,Sage Rosenfels,John Harbaugh,Gary Kubiak,Jerome Boger,HOU00,Reliant Stadium
2008_11_HOU_IND,2008,REG,11,2008-11-16,Sunday,13:00,HOU,27,IND,33,Home,6,60,0,2008111604,29677,,200811160clt,1209,281116011,,7,7,305,-335,9.0,-127,119,50.5,100,-110,1,closed,fieldturf,,,00-0020480,00-0010346,Sage Rosenfels,Peyton Manning,Gary Kubiak,Tony Dungy,Carl Cheffers,IND00,Lucas Oil Stadium
2008_12_HOU_CLE,2008,REG,12,2008-11-23,Sunday,13:00,HOU,16,CLE,6,Home,-10,22,0,2008112302,29691,,200811230cle,1224,281123005,,7,6,144,-154,3.0,-104,-104,49.5,-105,-105,0,outdoors,grass,30,12,00-0020480,00-0025409,Sage Rosenfels,Brady Quinn,Gary Kubiak,Romeo Crennel,Ed Hochuli,CLE00,Cleveland Browns Stadium
2008_13_JAX_HOU,2008,REG,13,2008-12-01,Monday,20:30,JAX,17,HOU,30,Home,13,47,0,2008120100,29719,,200812010htx,1254,281201034,,8,8,155,-165,3.0,108,-116,48.5,100,-110,1,open,grass,,,00-0021231,00-0020480,David Garrard,Sage Rosenfels,Jack Del Rio,Gary Kubiak,Scott Green,HOU00,Reliant Stadium
2008_14_HOU_GB,2008,REG,14,2008-12-07,Sunday,13:00,HOU,24,GB,21,Home,-3,45,0,2008120703,29724,,200812070gnb,1258,281207009,,6,7,,,7.0,,,47.5,,,0,outdoors,grass,3,3,00-0022787,00-0023459,Matt Schaub,Aaron Rodgers,Gary Kubiak,Mike McCarthy,Peter Morelli,GNB00,Lambeau Field
2008_15_TEN_HOU,2008,REG,15,2008-12-14,Sunday,13:00,TEN,12,HOU,13,Home,1,25,0,2008121404,29741,,200812140htx,1274,281214034,,7,7,-143,133,-3.0,106,-114,45.0,-114,104,1,open,grass,,,00-0003292,00-0022787,Kerry Collins,Matt Schaub,Jeff Fisher,Gary Kubiak,Gene Steratore,HOU00,Reliant Stadium
2008_16_HOU_OAK,2008,REG,16,2008-12-21,Sunday,16:05,HOU,16,OAK,27,Home,11,43,0,2008122110,29764,,200812210rai,1300,281221013,,7,7,-285,265,-7.0,103,-111,43.0,-111,101,0,outdoors,grass,48,6,00-0022787,00-0025388,Matt Schaub,JaMarcus Russell,Gary Kubiak,Tom Cable,Bill Carollo,OAK00,Oakland-Alameda County Coliseum
2008_17_CHI_HOU,2008,REG,17,2008-12-28,Sunday,13:00,CHI,24,HOU,31,Home,7,55,0,2008122805,29773,,200812280htx,1312,281228034,,6,7,148,-158,3.0,103,-111,46.0,101,-111,0,open,grass,,,00-0023541,00-0022787,Kyle Orton,Matt Schaub,Lovie Smith,Gary Kubiak,Carl Cheffers,HOU00,Reliant Stadium
2009_01_NYJ_HOU,2009,REG,1,2009-09-13,Sunday,13:00,NYJ,24,HOU,7,Home,-17,31,0,2009091305,54473,,200909130htx,1397,290913034,,7,7,201,-227,4.5,-103,-105,44.5,101,-111,0,closed,grass,,,00-0026898,00-0022787,Mark Sanchez,Matt Schaub,Rex Ryan,Gary Kubiak,Ed Hochuli,HOU00,Reliant Stadium
2009_02_HOU_TEN,2009,REG,2,2009-09-20,Sunday,13:00,HOU,34,TEN,31,Home,-3,65,0,2009092007,54490,,200909200oti,1414,290920010,,7,10,,,7.0,,,40.5,,,1,outdoors,grass,77,13,00-0022787,00-0003292,Matt Schaub,Kerry Collins,Gary Kubiak,Jeff Fisher,Walt Coleman,NAS00,LP Field
2009_03_JAX_HOU,2009,REG,3,2009-09-27,Sunday,13:00,JAX,31,HOU,24,Home,-7,55,0,2009092703,54507,,200909270htx,1435,290927034,,7,7,180,-200,4.0,-104,-104,47.0,-112,102,1,closed,grass,,,00-0021231,00-0022787,David Garrard,Matt Schaub,Jack Del Rio,Gary Kubiak,Ron Winter,HOU00,Reliant Stadium
2009_04_OAK_HOU,2009,REG,4,2009-10-04,Sunday,13:00,OAK,6,HOU,29,Home,23,35,0,2009100402,54517,,200910040htx,1450,291004034,,7,7,335,-385,9.0,-120,111,42.5,-112,102,0,closed,grass,,,00-0025388,00-0022787,JaMarcus Russell,Matt Schaub,Tom Cable,Gary Kubiak,Don Carey,HOU00,Reliant Stadium
2009_05_HOU_ARI,2009,REG,5,2009-10-11,Sunday,16:15,HOU,21,ARI,28,Home,7,49,0,2009101109,54538,,200910110crd,1467,291011022,,7,14,219,-245,5.5,100,-108,50.5,-108,-102,0,closed,grass,,,00-0022787,00-0017200,Matt Schaub,Kurt Warner,Gary Kubiak,Ken Whisenhunt,Tony Corrente,PHO00,University of Phoenix Stadium
2009_06_HOU_CIN,2009,REG,6,2009-10-18,Sunday,13:00,HOU,28,CIN,17,Home,-11,45,0,2009101800,54543,,200910180cin,1471,291018004,,7,7,172,-190,4.0,-115,106,46.0,-105,-105,0,outdoors,fieldturf,49,2,00-0022787,00-0021429,Matt Schaub,Carson Palmer,Gary Kubiak,Marvin Lewis,Bill Leavy,CIN00,Paul Brown Stadium
2009_07_SF_HOU,2009,REG,7,2009-10-25,Sunday,13:00,SF,21,HOU,24,Home,3,45,0,2009102502,54559,,200910250htx,1488,291025034,,14,7,167,-185,3.0,115,-125,44.5,101,-111,0,open,grass,,,00-0020679,00-0022787,Shaun Hill,Matt Schaub,Mike Singletary,Gary Kubiak,Mike Carey,HOU00,Reliant Stadium
2009_08_HOU_BUF,2009,REG,8,2009-11-01,Sunday,13:00,HOU,31,BUF,10,Home,-21,41,0,2009110101,54571,,200911010buf,1498,291101002,,7,7,-190,172,-3.5,-103,-105,42.0,-105,-105,0,outdoors,astroplay,49,5,00-0022787,00-0023682,Matt Schaub,Ryan Fitzpatrick,Gary Kubiak,Dick Jauron,Gene Steratore,BUF00,Ralph Wilson Stadium
2009_09_HOU_IND,2009,REG,9,2009-11-08,Sunday,13:00,HOU,17,IND,20,Home,3,37,0,2009110803,54586,,200911080clt,1514,291108011,,7,7,300,-340,7.5,-110,102,50.5,-108,-102,1,open,fieldturf,,,00-0022787,00-0010346,Matt Schaub,Peyton Manning,Gary Kubiak,Jim Caldwell,Jeff Triplette,IND00,Lucas Oil Stadium
2009_11_TEN_HOU,2009,REG,11,2009-11-23,Monday,20:30,TEN,20,HOU,17,Home,-3,37,0,2009112300,54626,,200911230htx,1554,291123034,,8,15,167,-185,4.0,-114,105,48.0,102,-112,1,open,grass,,,00-0024218,00-0022787,Vince Young,Matt Schaub,Jeff Fisher,Gary Kubiak,Jerome Boger,HOU00,Reliant Stadium
2009_12_IND_HOU,2009,REG,12,2009-11-29,Sunday,13:00,IND,35,HOU,27,Home,-8,62,0,2009112903,54633,,200911290htx,1566,291129034,,7,6,-139,127,-3.0,112,-121,48.0,-101,-109,1,open,grass,,,00-0010346,00-0022787,Peyton Manning,Matt Schaub,Jim Caldwell,Gary Kubiak,Alberto Riveron,HOU00,Reliant Stadium
2009_13_HOU_JAX,2009,REG,13,2009-12-06,Sunday,13:00,HOU,18,JAX,23,Home,5,41,0,2009120605,54649,,200912060jax,1579,291206030,,7,7,-112,102,-1.0,-106,-102,47.5,-112,102,1,outdoors,grass,54,6,00-0022787,00-0021231,Matt Schaub,David Garrard,Gary Kubiak,Jack Del Rio,Terry McAulay,JAX00,Jacksonville Municipal Stadium
2009_14_SEA_HOU,2009,REG,14,2009-12-13,Sunday,13:00,SEA,7,HOU,34,Home,27,41,0,2009121303,54663,,200912130htx,1596,291213034,,7,7,260,-300,7.0,-106,-102,44.5,-107,-103,0,closed,grass,,,00-0007091,00-0022787,Matt Hasselbeck,Matt Schaub,Jim Mora,Gary Kubiak,Peter Morelli,HOU00,Reliant Stadium
2009_15_HOU_STL,2009,REG,15,2009-12-20,Sunday,13:00,HOU,16,STL,13,Home,-3,29,0,2009122007,54684,,200912200ram,1609,291220014,,7,7,-900,720,-14.0,-109,101,43.5,104,-114,0,dome,fieldturf,,,00-0022787,00-0027131,Matt Schaub,Keith Null,Gary Kubiak,Steve Spagnuolo,Ed Hochuli,STL00,Edward Jones Dome
2009_16_HOU_MIA,2009,REG,16,2009-12-27,Sunday,13:00,HOU,27,MIA,20,Home,-7,47,0,2009122704,54696,,200912270mia,1625,291227015,,7,7,114,-124,1.0,106,-115,47.0,-105,-105,0,outdoors,grass,75,6,00-0022787,00-0026197,Matt Schaub,Chad Henne,Gary Kubiak,Tony Sparano,Ron Winter,MIA00,Dolphin Stadium
2009_17_NE_HOU,2009,REG,17,2010-01-03,Sunday,13:00,NE,27,HOU,34,Home,7,61,0,2010010305,54712,,201001030htx,1641,300103034,,7,7,253,-285,9.0,-115,106,46.5,-111,101,0,closed,grass,,,00-0019596,00-0022787,Tom Brady,Matt Schaub,Bill Belichick,Gary Kubiak,John Parry,HOU00,Reliant Stadium
2010_01_IND_HOU,2010,REG,1,2010-09-12,Sunday,13:00,IND,24,HOU,34,Home,10,58,0,2010091203,54866,,201009120htx,1731,300912034,,7,7,-117,106,-1.0,-110,102,47.5,-102,-108,1,closed,grass,,,00-0010346,00-0022787,Peyton Manning,Matt Schaub,Jim Caldwell,Gary Kubiak,Ed Hochuli,HOU00,Reliant Stadium
2010_02_HOU_WAS,2010,REG,2,2010-09-19,Sunday,16:15,HOU,30,WAS,27,Home,-3,57,1,2010091900,54892,,201009190was,1754,300919028,,7,7,-143,129,-2.5,-114,105,43.0,-110,100,0,outdoors,grass,85,6,00-0022787,00-0011022,Matt Schaub,Donovan McNabb,Gary Kubiak,Mike Shanahan,Jeff Triplette,WAS00,FedExField
2010_03_DAL_HOU,2010,REG,3,2010-09-26,Sunday,13:00,DAL,27,HOU,13,Home,-14,40,0,2010092608,54897,,201009260htx,1761,300926034,,7,7,119,-131,1.5,107,-116,47.5,100,-110,0,closed,grass,,,00-0021678,00-0022787,Tony Romo,Matt Schaub,Wade Phillips,Gary Kubiak,Carl Cheffers,HOU00,Reliant Stadium
2010_04_HOU_OAK,2010,REG,4,2010-10-03,Sunday,16:05,HOU,31,OAK,24,Home,-7,55,0,2010100309,54920,,201010030rai,1784,301003013,,7,7,-180,162,-3.5,109,-118,43.5,104,-115,0,outdoors,grass,71,15,00-0022787,00-0024408,Matt Schaub,Bruce Gradkowski,Gary Kubiak,Tom Cable,Scott Green,OAK00,Oakland-Alameda County Coliseum
2010_05_NYG_HOU,2010,REG,5,2010-10-10,Sunday,13:00,NYG,34,HOU,10,Home,-24,44,0,2010101008,54932,,201010100htx,1797,301010034,,7,7,158,-175,3.0,112,-121,48.5,-102,-108,0,closed,grass,,,00-0022803,00-0022787,Eli Manning,Matt Schaub,Tom Coughlin,Gary Kubiak,Walt Coleman,HOU00,Reliant Stadium
2010_06_KC_HOU,2010,REG,6,2010-10-17,Sunday,13:00,KC,31,HOU,35,Home,4,66,0,2010101704,54941,,201010170htx,1807,301017034,,7,7,199,-222,4.5,-103,-105,45.5,-104,-106,0,open,grass,,,00-0023662,00-0022787,Matt Cassel,Matt Schaub,Todd Haley,Gary Kubiak,Ron Winter,HOU00,Reliant Stadium
2010_08_HOU_IND,2010,REG,8,2010-11-01,Monday,20:30,HOU,17,IND,30,Home,13,47,0,2010110100,54839,,201011010clt,1843,301101011,,15,15,205,-230,5.5,-103,-105,50.5,102,-113,1,closed,fieldturf,,,00-0022787,00-0010346,Matt Schaub,Peyton Manning,Gary Kubiak,Jim Caldwell,Tony Corrente,IND00,Lucas Oil Stadium
2010_09_SD_HOU,2010,REG,9,2010-11-07,Sunday,13:00,SD,29,HOU,23,Home,-6,52,0,2010110703,54846,,201011070htx,1847,301107034,,7,6,-136,123,-3.0,112,-121,50.0,100,-110,0,open,grass,,,00-0022942,00-0022787,Philip Rivers,Matt Schaub,Norv Turner,Gary Kubiak,Mike Carey,HOU00,Reliant Stadium
2010_10_HOU_JAX,2010,REG,10,2010-11-14,Sunday,13:00,HOU,24,JAX,31,Home,7,55,0,2010111403,54858,,201011140jax,1861,301114022,,7,14,101,-111,1.0,-103,-105,48.0,-101,-109,1,outdoors,grass,70,5,00-0022787,00-0021231,Matt Schaub,David Garrard,Gary Kubiak,Jack Del Rio,Gene Steratore,JAX00,EverBank Field
2010_11_HOU_NYJ,2010,REG,11,2010-11-21,Sunday,13:00,HOU,27,NYJ,30,Home,3,57,0,2010112101,54967,,201011210nyj,1873,301121020,,7,7,244,-275,6.5,101,-109,46.0,103,-114,0,outdoors,fieldturf,46,1,00-0022787,00-0026898,Matt Schaub,Mark Sanchez,Gary Kubiak,Rex Ryan,Jerome Boger,NYC01,New Meadowlands Stadium
2010_12_TEN_HOU,2010,REG,12,2010-11-28,Sunday,13:00,TEN,0,HOU,20,Home,20,20,0,2010112802,54984,,201011280htx,1892,301128034,,7,7,180,-200,5.0,-110,102,46.5,-108,-102,1,open,grass,,,00-0027775,00-0022787,Rusty Smith,Matt Schaub,Jeff Fisher,Gary Kubiak,Clete Blakeman,HOU00,Reliant Stadium
2010_13_HOU_PHI,2010,REG,13,2010-12-02,Thursday,20:20,HOU,24,PHI,34,Home,10,58,0,2010120200,54992,,201012020phi,1903,301202021,,4,4,318,-365,8.5,-111,103,51.0,-103,-107,0,outdoors,grass,36,5,00-0022787,00-0020245,Matt Schaub,Michael Vick,Gary Kubiak,Andy Reid,Walt Anderson,PHI00,Lincoln Financial Field
2010_14_BAL_HOU,2010,REG,14,2010-12-13,Monday,20:30,BAL,34,HOU,28,Home,-6,62,1,2010121300,55023,,201012130htx,1934,301213034,,8,11,-145,131,-3.0,106,-115,47.0,-103,-107,0,closed,grass,,,00-0026158,00-0022787,Joe Flacco,Matt Schaub,John Harbaugh,Gary Kubiak,Bill Leavy,HOU00,Reliant Stadium
2010_15_HOU_TEN,2010,REG,15,2010-12-19,Sunday,13:00,HOU,17,TEN,31,Home,14,48,0,2010121904,55034,,201012190oti,1940,301219010,,6,10,110,-121,2.0,-102,-106,47.5,100,-110,1,outdoors,grass,36,4,00-0022787,00-0003292,Matt Schaub,Kerry Collins,Gary Kubiak,Jeff Fisher,Gene Steratore,NAS00,LP Field
2010_16_HOU_DEN,2010,REG,16,2010-12-26,Sunday,16:05,HOU,23,DEN,24,Home,1,47,0,2010122609,55051,,201012260den,1962,301226007,,7,7,-121,110,-2.0,100,-108,49.5,-108,-102,0,outdoors,grass,50,7,00-0022787,00-0027876,Matt Schaub,Tim Tebow,Gary Kubiak,Eric Studesville,Ron Winter,DEN00,Invesco Field at Mile High
2010_17_JAX_HOU,2010,REG,17,2011-01-02,Sunday,16:15,JAX,17,HOU,34,Home,17,51,0,2011010204,55061,,201101020htx,1971,310102034,,7,7,186,-208,4.5,-104,-104,47.5,-106,-104,1,open,grass,,,00-0025479,00-0022787,Trent Edwards,Matt Schaub,Jack Del Rio,Gary Kubiak,Jeff Triplette,HOU00,Reliant Stadium
2011_01_IND_HOU,2011,REG,1,2011-09-11,Sunday,13:00,IND,7,HOU,34,Home,27,41,0,2011091102,55168,,201109110htx,2071,310911034,,7,7,369,-430,9.0,-110,102,44.0,-106,-104,1,open,grass,,,00-0003292,00-0022787,Kerry Collins,Matt Schaub,Jim Caldwell,Gary Kubiak,Walt Coleman,HOU00,Reliant Stadium
2011_02_HOU_MIA,2011,REG,2,2011-09-18,Sunday,16:15,HOU,23,MIA,13,Home,-10,36,0,2011091813,55192,,201109180mia,2078,310918015,,7,6,-151,137,-3.0,100,-108,46.5,-106,-104,0,outdoors,grass,87,15,00-0022787,00-0026197,Matt Schaub,Chad Henne,Gary Kubiak,Tony Sparano,John Parry,MIA00,Sun Life Stadium
2011_03_HOU_NO,2011,REG,3,2011-09-25,Sunday,13:00,HOU,33,NO,40,Home,7,73,0,2011092501,55201,,201109250nor,2101,310925018,,7,7,157,-174,3.5,-113,104,51.0,-107,-103,0,dome,sportturf,,,00-0022787,00-0020531,Matt Schaub,Drew Brees,Gary Kubiak,Sean Payton,Tony Corrente,NOR00,Mercedes-Benz Superdome
2011_04_PIT_HOU,2011,REG,4,2011-10-02,Sunday,13:00,PIT,10,HOU,17,Home,7,27,0,2011100202,55216,,201110020htx,2120,311002034,,7,7,180,-200,4.0,-104,-104,46.0,-103,-107,0,open,grass,,,00-0022924,00-0022787,Ben Roethlisberger,Matt Schaub,Mike Tomlin,Gary Kubiak,Clete Blakeman,HOU00,Reliant Stadium
2011_05_OAK_HOU,2011,REG,5,2011-10-09,Sunday,13:00,OAK,25,HOU,20,Home,-5,45,0,2011100901,55230,,201110090htx,2132,311009034,,7,7,197,-220,4.5,-104,-104,47.5,-107,-103,0,closed,grass,,,00-0023460,00-0022787,Jason Campbell,Matt Schaub,Hue Jackson,Gary Kubiak,Peter Morelli,HOU00,Reliant Stadium
2011_06_HOU_BAL,2011,REG,6,2011-10-16,Sunday,16:05,HOU,14,BAL,29,Home,15,43,0,2011101608,55248,,201110160rav,2144,311016033,,7,14,274,-311,7.0,-108,100,43.5,-104,-106,0,outdoors,sportturf,72,10,00-0022787,00-0026158,Matt Schaub,Joe Flacco,Gary Kubiak,John Harbaugh,Gene Steratore,BAL00,M&T Bank Stadium
2011_07_HOU_TEN,2011,REG,7,2011-10-23,Sunday,13:00,HOU,41,TEN,7,Home,-34,48,0,2011102302,55260,,201110230oti,2158,311023010,,7,14,125,-138,3.0,-123,114,44.0,-106,-104,1,outdoors,grass,72,0,00-0022787,00-0007091,Matt Schaub,Matt Hasselbeck,Gary Kubiak,Mike Munchak,Terry McAulay,NAS00,LP Field
2011_08_JAX_HOU,2011,REG,8,2011-10-30,Sunday,13:00,JAX,14,HOU,24,Home,10,38,0,2011103001,55269,,201110300htx,2171,311030034,,6,7,377,-440,10.0,-114,105,41.0,-104,-106,1,open,grass,,,00-0027948,00-0022787,Blaine Gabbert,Matt Schaub,Jack Del Rio,Gary Kubiak,Scott Green,HOU00,Reliant Stadium
2011_09_CLE_HOU,2011,REG,9,2011-11-06,Sunday,13:00,CLE,12,HOU,30,Home,18,42,0,2011110601,55282,,201111060htx,2185,311106034,,7,7,446,-530,10.5,-106,-102,42.5,-110,100,0,closed,grass,,,00-0027688,00-0022787,Colt McCoy,Matt Schaub,Pat Shurmur,Gary Kubiak,Alberto Riveron,HOU00,Reliant Stadium
2011_10_HOU_TB,2011,REG,10,2011-11-13,Sunday,13:00,HOU,37,TB,9,Home,-28,46,0,2011111302,55305,,201111130tam,2193,311113027,,7,7,-183,165,-3.5,102,-110,45.5,-102,-108,0,outdoors,grass,77,9,00-0022787,00-0026993,Matt Schaub,Josh Freeman,Gary Kubiak,Raheem Morris,John Parry,TAM00,Raymond James Stadium
2011_12_HOU_JAX,2011,REG,12,2011-11-27,Sunday,13:00,HOU,20,JAX,13,Home,-7,33,0,2011112702,55330,,201111270jax,2227,311127030,,14,7,-265,235,-6.0,-108,100,37.0,-109,-101,1,outdoors,grass,75,10,00-0024225,00-0027948,Matt Leinart,Blaine Gabbert,Gary Kubiak,Jack Del Rio,Walt Coleman,JAX00,EverBank Field
2011_13_ATL_HOU,2011,REG,13,2011-12-04,Sunday,13:00,ATL,10,HOU,17,Home,7,27,0,2011120408,55344,,201112040htx,2247,311204034,,7,7,-119,108,-1.0,-113,104,38.5,-113,102,0,closed,grass,,,00-0026143,00-0028090,Matt Ryan,T.J. Yates,Mike Smith,Gary Kubiak,Bill Leavy,HOU00,Reliant Stadium
2011_14_HOU_CIN,2011,REG,14,2011-12-11,Sunday,13:00,HOU,20,CIN,19,Home,-1,39,0,2011121103,55359,,201112110cin,2251,311211004,,7,7,126,-139,2.5,105,-114,37.5,-106,-104,0,outdoors,fieldturf,34,4,00-0028090,00-0027973,T.J. Yates,Andy Dalton,Gary Kubiak,Marvin Lewis,Ed Hochuli,CIN00,Paul Brown Stadium
2011_15_CAR_HOU,2011,REG,15,2011-12-18,Sunday,13:00,CAR,28,HOU,13,Home,-15,41,0,2011121806,55376,,201112180htx,2279,311218034,,7,7,214,-240,4.5,107,-116,45.0,-106,-104,0,closed,grass,,,00-0027939,00-0028090,Cam Newton,T.J. Yates,Ron Rivera,Gary Kubiak,Jeff Triplette,HOU00,Reliant Stadium
2011_16_HOU_IND,2011,REG,16,2011-12-22,Thursday,20:20,HOU,16,IND,19,Home,3,35,0,2011122200,55388,,201112220clt,2282,311222011,,4,4,-300,264,-7.0,105,-114,40.5,105,-116,1,closed,fieldturf,,,00-0028090,00-0023578,T.J. Yates,Dan Orlovsky,Gary Kubiak,Jim Caldwell,Jerome Boger,IND00,Lucas Oil Stadium
2011_17_TEN_HOU,2011,REG,17,2012-01-01,Sunday,13:00,TEN,23,HOU,22,Home,-1,45,0,2012010104,55408,,201201010htx,2312,320101034,,8,10,-133,120,-1.0,-124,115,38.5,-105,-105,1,closed,grass,,,00-0007091,00-0004161,Matt Hasselbeck,Jake Delhomme,Mike Munchak,Gary Kubiak,Ron Winter,HOU00,Reliant Stadium
2011_18_CIN_HOU,2011,WC,18,2012-01-07,Saturday,16:30,CIN,10,HOU,31,Home,21,41,0,2012010700,55490,,201201070htx,2314,320107034,,6,6,202,-226,4.0,103,-111,38.0,-106,-104,0,closed,grass,,,00-0027973,00-0028090,Andy Dalton,T.J. Yates,Marvin Lewis,Gary Kubiak,Clete Blakeman,HOU00,Reliant Stadium
2011_19_HOU_BAL,2011,DIV,19,2012-01-15,Sunday,13:00,HOU,13,BAL,20,Home,7,33,0,2012011500,55496,,201201150rav,2320,320115033,,8,14,310,-355,7.5,-110,102,37.0,-113,102,0,outdoors,sportturf,31,7,00-0028090,00-0026158,T.J. Yates,Joe Flacco,Gary Kubiak,John Harbaugh,Peter Morelli,BAL00,M&T Bank Stadium
2012_01_MIA_HOU,2012,REG,1,2012-09-09,Sunday,13:00,MIA,10,HOU,30,Home,20,40,0,2012090903,55508,,201209090htx,2396,320909034,,7,7,583,-720,13.0,-104,-104,41.5,101,-111,0,closed,grass,,,00-0029701,00-0022787,Ryan Tannehill,Matt Schaub,Joe Philbin,Gary Kubiak,Donald King,HOU00,Reliant Stadium
2012_02_HOU_JAX,2012,REG,2,2012-09-16,Sunday,13:00,HOU,27,JAX,7,Home,-20,34,0,2012091607,55525,,201209160jax,2412,320916030,,7,7,-275,244,-6.5,106,-115,40.0,-109,-101,1,outdoors,grass,83,5,00-0022787,00-0027948,Matt Schaub,Blaine Gabbert,Gary Kubiak,Mike Mularkey,David White,JAX00,EverBank Field
2012_03_HOU_DEN,2012,REG,3,2012-09-23,Sunday,16:25,HOU,31,DEN,25,Home,-6,56,0,2012092311,55548,,201209230den,2427,320923007,,7,6,-116,105,-1.0,-111,103,43.5,-104,-106,0,outdoors,grass,84,13,00-0022787,00-0010346,Matt Schaub,Peyton Manning,Gary Kubiak,John Fox,Jerry Frump,DEN00,Sports Authority Field at Mile High
2012_04_TEN_HOU,2012,REG,4,2012-09-30,Sunday,13:00,TEN,14,HOU,38,Home,24,52,0,2012093001,55556,,201209300htx,2450,320930034,,7,7,569,-700,13.0,-108,100,44.5,102,-113,1,closed,grass,,,00-0027946,00-0022787,Jake Locker,Matt Schaub,Mike Munchak,Gary Kubiak,Carl Cheffers,HOU00,Reliant Stadium
2012_05_HOU_NYJ,2012,REG,5,2012-10-08,Monday,20:30,HOU,23,NYJ,17,Home,-6,40,0,2012100800,55580,,201210080nyj,2466,321008020,,8,8,-410,354,-9.5,-104,-104,40.5,102,-113,0,outdoors,fieldturf,52,4,00-0022787,00-0026898,Matt Schaub,Mark Sanchez,Gary Kubiak,Rex Ryan,Scott Green,NYC01,MetLife Stadium
2012_06_GB_HOU,2012,REG,6,2012-10-14,Sunday,20:20,GB,42,HOU,24,Home,-18,66,0,2012101411,55593,,201210140htx,2472,321014034,,7,6,176,-196,4.0,-104,-104,46.5,-108,-102,0,closed,grass,,,00-0023459,00-0022787,Aaron Rodgers,Matt Schaub,Mike McCarthy,Gary Kubiak,Jerome Boger,HOU00,Reliant Stadium
2012_07_BAL_HOU,2012,REG,7,2012-10-21,Sunday,13:00,BAL,13,HOU,43,Home,30,56,0,2012102105,55598,,201210210htx,2483,321021034,,7,7,227,-255,6.5,-104,-104,47.0,-102,-108,0,closed,grass,,,00-0026158,00-0022787,Joe Flacco,Matt Schaub,John Harbaugh,Gary Kubiak,Tony Corrente,HOU00,Reliant Stadium
2012_09_BUF_HOU,2012,REG,9,2012-11-04,Sunday,13:00,BUF,9,HOU,21,Home,12,30,0,2012110406,55626,,201211040htx,2511,321104034,,14,14,431,-510,11.0,-106,-102,47.5,-105,-105,0,closed,grass,,,00-0023682,00-0022787,Ryan Fitzpatrick,Matt Schaub,Chan Gailey,Gary Kubiak,Bill Vinovich,HOU00,Reliant Stadium
2012_10_HOU_CHI,2012,REG,10,2012-11-11,Sunday,20:20,HOU,13,CHI,6,Home,-7,19,0,2012111111,55648,,201211110chi,2528,321111003,,7,7,105,-116,1.0,102,-110,37.0,103,-114,0,outdoors,grass,54,8,00-0022787,00-0024226,Matt Schaub,Jay Cutler,Gary Kubiak,Lovie Smith,Gene Steratore,CHI98,Soldier Field
2012_11_JAX_HOU,2012,REG,11,2012-11-18,Sunday,13:00,JAX,37,HOU,43,Home,6,80,1,2012111807,55655,,201211180htx,2543,321118034,,10,7,925,-1350,15.0,-106,-102,40.5,-102,-108,1,closed,grass,,,00-0027948,00-0022787,Blaine Gabbert,Matt Schaub,Mike Mularkey,Gary Kubiak,Clete Blakeman,HOU00,Reliant Stadium
2012_12_HOU_DET,2012,REG,12,2012-11-22,Thursday,12:30,HOU,34,DET,31,Home,-3,65,1,2012112200,55664,,201211220det,2550,321122008,,4,4,-170,153,-3.5,107,-116,48.5,-113,102,0,dome,fieldturf,,,00-0022787,00-0026498,Matt Schaub,Matthew Stafford,Gary Kubiak,Jim Schwartz,Walt Coleman,DET00,Ford Field
2012_13_HOU_TEN,2012,REG,13,2012-12-02,Sunday,13:00,HOU,24,TEN,10,Home,-14,34,0,2012120208,55689,,201212020oti,2571,321202010,,10,7,-295,260,-7.0,107,-116,47.5,-104,-106,1,outdoors,grass,66,19,00-0022787,00-0027946,Matt Schaub,Jake Locker,Gary Kubiak,Mike Munchak,Tony Corrente,NAS00,LP Field
2012_14_HOU_NE,2012,REG,14,2012-12-10,Monday,20:30,HOU,14,NE,42,Home,28,56,0,2012121000,55711,,201212100nwe,2597,321210017,,8,8,207,-232,5.5,-109,101,50.5,-103,-107,0,outdoors,fieldturf,59,7,00-0022787,00-0019596,Matt Schaub,Tom Brady,Gary Kubiak,Bill Belichick,Terry McAulay,BOS00,Gillette Stadium
2012_15_IND_HOU,2012,REG,15,2012-12-16,Sunday,13:00,IND,17,HOU,29,Home,12,46,0,2012121607,55717,,201212160htx,2603,321216034,,7,6,423,-500,10.5,100,-108,47.5,-104,-106,1,closed,grass,,,00-0029668,00-0022787,Andrew Luck,Matt Schaub,Chuck Pagano,Gary Kubiak,Jeff Triplette,HOU00,Reliant Stadium
2012_16_MIN_HOU,2012,REG,16,2012-12-23,Sunday,13:00,MIN,23,HOU,6,Home,-17,29,0,2012122310,55733,,201212230htx,2620,321223034,,7,7,305,-350,7.5,-103,-105,43.0,100,-110,0,closed,grass,,,00-0027950,00-0022787,Christian Ponder,Matt Schaub,Leslie Frazier,Gary Kubiak,John Parry,HOU00,Reliant Stadium
2012_17_HOU_IND,2012,REG,17,2012-12-30,Sunday,13:00,HOU,16,IND,28,Home,12,44,0,2012123004,55748,,201212300clt,2637,321230011,,7,7,-272,241,-6.5,-106,-102,47.0,-106,-104,1,closed,fieldturf,,,00-0022787,00-0029668,Matt Schaub,Andrew Luck,Gary Kubiak,Chuck Pagano,Clete Blakeman,IND00,Lucas Oil Stadium
2012_18_CIN_HOU,2012,WC,18,2013-01-05,Saturday,16:30,CIN,13,HOU,19,Home,6,32,0,2013010500,55825,,201301050htx,2646,330105034,,6,6,181,-202,4.0,-102,-106,42.5,-105,-105,0,closed,grass,,,00-0027973,00-0022787,Andy Dalton,Matt Schaub,Marvin Lewis,Gary Kubiak,Alberto Riveron,HOU00,Reliant Stadium
2012_19_HOU_NE,2012,DIV,19,2013-01-13,Sunday,16:30,HOU,28,NE,41,Home,13,69,0,2013011300,55832,,201301130nwe,2673,330113017,,8,14,373,-435,9.5,-102,-106,50.5,102,-113,0,outdoors,fieldturf,51,10,00-0022787,00-0019596,Matt Schaub,Tom Brady,Gary Kubiak,Bill Belichick,Tony Corrente,BOS00,Gillette Stadium
2013_01_HOU_SD,2013,REG,1,2013-09-09,Monday,22:15,HOU,31,SD,28,Home,-3,59,0,2013090901,55852,,201309090sdg,2757,330909024,,7,7,-215,193,-5.0,-102,-108,44.0,-109,-101,0,outdoors,grass,70,10,00-0022787,00-0022942,Matt Schaub,Philip Rivers,Gary Kubiak,Mike McCoy,Scott Green,SDG00,Qualcomm Stadium
2013_02_TEN_HOU,2013,REG,2,2013-09-15,Sunday,13:00,TEN,24,HOU,30,Home,6,54,1,2013091505,55859,,201309150htx,2764,330915034,,7,6,285,-325,7.5,-120,109,42.5,-103,-107,1,closed,grass,,,00-0027946,00-0022787,Jake Locker,Matt Schaub,Mike Munchak,Gary Kubiak,Jeff Triplette,HOU00,Reliant Stadium
2013_03_HOU_BAL,2013,REG,3,2013-09-22,Sunday,13:00,HOU,9,BAL,30,Home,21,39,0,2013092200,55870,,201309220rav,2775,330922033,,7,7,105,-116,1.0,100,-110,44.5,100,-110,0,outdoors,sportturf,73,9,00-0022787,00-0026158,Matt Schaub,Joe Flacco,Gary Kubiak,John Harbaugh,John Parry,BAL00,M&T Bank Stadium
2013_04_SEA_HOU,2013,REG,4,2013-09-29,Sunday,13:00,SEA,23,HOU,20,Home,-3,43,1,2013092903,55889,,201309290htx,2794,330929034,,7,7,-114,103,-1.0,-108,-102,41.0,-102,-108,0,closed,grass,,,00-0029263,00-0022787,Russell Wilson,Matt Schaub,Pete Carroll,Gary Kubiak,Tony Corrente,HOU00,Reliant Stadium
2013_05_HOU_SF,2013,REG,5,2013-10-06,Sunday,20:30,HOU,3,SF,34,Home,31,37,0,2013100611,55912,,201310060sfo,2817,331006025,,7,10,191,-213,4.0,100,-110,43.0,-105,-105,0,outdoors,grass,76,9,00-0022787,00-0027974,Matt Schaub,Colin Kaepernick,Gary Kubiak,Jim Harbaugh,Mike Carey,SFO00,Candlestick Park
2013_06_STL_HOU,2013,REG,6,2013-10-13,Sunday,13:00,STL,38,HOU,13,Home,-25,51,0,2013101303,55918,,201310130htx,2823,331013034,,7,7,342,-395,9.5,-105,-105,43.0,-107,-103,0,closed,grass,,,00-0027854,00-0022787,Sam Bradford,Matt Schaub,Jeff Fisher,Gary Kubiak,Bill Leavy,HOU00,Reliant Stadium
2013_07_HOU_KC,2013,REG,7,2013-10-20,Sunday,16:25,HOU,16,KC,17,Home,1,33,0,2013102005,55934,,201310200kan,2839,331020012,,7,7,248,-280,7.0,-119,108,38.5,-103,-107,0,outdoors,grass,70,15,00-0028986,00-0023436,Case Keenum,Alex Smith,Gary Kubiak,Andy Reid,Ed Hochuli,KAN00,Arrowhead Stadium
2013_09_IND_HOU,2013,REG,9,2013-11-03,Sunday,20:30,IND,27,HOU,24,Home,-3,51,0,2013110310,55968,,201311030htx,2873,331103034,,14,14,-107,-103,-1.0,100,-110,42.5,100,-110,1,closed,grass,,,00-0029668,00-0028986,Andrew Luck,Case Keenum,Chuck Pagano,Gary Kubiak,Bill Vinovich,HOU00,Reliant Stadium
2013_10_HOU_ARI,2013,REG,10,2013-11-10,Sunday,16:25,HOU,24,ARI,27,Home,3,51,0,2013111009,55980,,201311100crd,2885,331110022,,7,14,191,-213,4.0,102,-113,41.5,-105,-105,0,closed,grass,,,00-0028986,00-0021429,Case Keenum,Carson Palmer,Gary Kubiak,Bruce Arians,Gene Steratore,PHO00,University of Phoenix Stadium
2013_11_OAK_HOU,2013,REG,11,2013-11-17,Sunday,13:00,OAK,28,HOU,23,Home,-5,51,0,2013111703,55988,,201311170htx,2893,331117034,,7,7,400,-470,10.5,100,-110,41.0,-101,-109,0,closed,grass,,,00-0030419,00-0028986,Matt McGloin,Case Keenum,Dennis Allen,Gary Kubiak,Ron Winter,HOU00,Reliant Stadium
2013_12_JAX_HOU,2013,REG,12,2013-11-24,Sunday,13:00,JAX,13,HOU,6,Home,-7,19,0,2013112404,56004,,201311240htx,2909,331124034,,7,7,400,-470,10.5,-107,-103,44.0,102,-113,1,closed,grass,,,00-0026197,00-0028986,Chad Henne,Case Keenum,Gus Bradley,Gary Kubiak,Mike Carey,HOU00,Reliant Stadium
2013_13_NE_HOU,2013,REG,13,2013-12-01,Sunday,13:00,NE,34,HOU,31,Home,-3,65,0,2013120109,56025,,201312010htx,2930,331201034,,7,7,-300,264,-7.0,102,-113,49.5,-113,102,0,closed,grass,,,00-0019596,00-0028986,Tom Brady,Case Keenum,Bill Belichick,Gary Kubiak,Peter Morelli,HOU00,Reliant Stadium
2013_14_HOU_JAX,2013,REG,14,2013-12-05,Thursday,20:25,HOU,20,JAX,27,Home,7,47,0,2013120500,56029,,201312050jax,2934,331205030,,4,4,-168,152,-3.0,-118,107,43.5,100,-110,1,outdoors,grass,72,7,00-0028986,00-0026197,Case Keenum,Chad Henne,Gary Kubiak,Gus Bradley,Tony Corrente,JAX00,EverBank Field
2013_15_HOU_IND,2013,REG,15,2013-12-15,Sunday,13:00,HOU,3,IND,25,Home,22,28,0,2013121502,56048,,201312150clt,2953,331215011,,10,7,231,-260,6.0,-107,-103,47.0,-105,-105,1,closed,fieldturf,,,00-0028986,00-0029668,Case Keenum,Andrew Luck,Wade Phillips,Chuck Pagano,Jerome Boger,IND00,Lucas Oil Stadium
2013_16_DEN_HOU,2013,REG,16,2013-12-22,Sunday,13:00,DEN,37,HOU,13,Home,-24,50,0,2013122203,56064,,201312220htx,2969,331222034,,10,7,-420,361,-9.0,-105,-105,53.0,-104,-106,0,closed,grass,,,00-0010346,00-0022787,Peyton Manning,Matt Schaub,John Fox,Wade Phillips,Ed Hochuli,HOU00,Reliant Stadium
2013_17_HOU_TEN,2013,REG,17,2013-12-29,Sunday,13:00,HOU,10,TEN,16,Home,6,26,0,2013122911,56088,,201312290oti,2993,331229010,,7,7,248,-280,7.0,-119,108,44.5,-110,100,1,outdoors,grass,53,4,00-0022787,00-0023682,Matt Schaub,Ryan Fitzpatrick,Wade Phillips,Mike Munchak,Terry McAulay,NAS00,LP Field
2014_01_WAS_HOU,2014,REG,1,2014-09-07,Sunday,13:00,WAS,6,HOU,17,Home,11,23,0,2014090703,56174,,201409070htx,3078,400554256,,7,7,159,-177,3.0,111,-123,43.5,-115,104,0,closed,grass,,,00-0029665,00-0023682,Robert Griffin,Ryan Fitzpatrick,Jay Gruden,Bill O'Brien,Jerome Boger,HOU00,NRG Stadium
2014_02_HOU_OAK,2014,REG,2,2014-09-14,Sunday,16:25,HOU,30,OAK,14,Home,-16,44,0,2014091412,56199,,201409140rai,3103,400554284,,7,7,-155,140,-3.0,-105,-105,41.0,-102,-108,0,outdoors,grass,67,16,00-0023682,00-0031280,Ryan Fitzpatrick,Derek Carr,Bill O'Brien,Dennis Allen,Brad Allen,OAK00,O.co Coliseum
2014_03_HOU_NYG,2014,REG,3,2014-09-21,Sunday,13:00,HOU,17,NYG,30,Home,13,47,0,2014092107,56210,,201409210nyg,3114,400554208,,7,7,103,-114,1.0,-103,-107,41.5,100,-110,0,outdoors,fieldturf,70,4,00-0023682,00-0022803,Ryan Fitzpatrick,Eli Manning,Bill O'Brien,Tom Coughlin,Terry McAulay,NYC01,MetLife Stadium
2014_04_BUF_HOU,2014,REG,4,2014-09-28,Sunday,13:00,BUF,17,HOU,23,Home,6,40,0,2014092802,56221,,201409280htx,3125,400554212,,7,7,121,-134,3.0,-125,113,44.0,-105,-105,0,closed,grass,,,00-0030526,00-0023682,EJ Manuel,Ryan Fitzpatrick,Doug Marrone,Bill O'Brien,Bill Vinovich,HOU00,NRG Stadium
2014_05_HOU_DAL,2014,REG,5,2014-10-05,Sunday,13:00,HOU,17,DAL,20,Home,3,37,1,2014100501,56233,,201410050dal,3137,400554234,,7,7,210,-235,5.0,-106,-104,47.5,-107,-103,0,closed,matrixturf,,,00-0023682,00-0021678,Ryan Fitzpatrick,Tony Romo,Bill O'Brien,Jason Garrett,Peter Morelli,DAL00,AT&T Stadium
2014_06_IND_HOU,2014,REG,6,2014-10-09,Thursday,20:25,IND,33,HOU,28,Home,-5,61,0,2014100900,56246,,201410090htx,3150,400554216,,4,4,-125,113,-2.5,-102,-108,46.0,-110,100,1,closed,grass,,,00-0029668,00-0023682,Andrew Luck,Ryan Fitzpatrick,Chuck Pagano,Bill O'Brien,Ronald Torbert,HOU00,NRG Stadium
2014_07_HOU_PIT,2014,REG,7,2014-10-20,Monday,20:30,HOU,23,PIT,30,Home,7,53,0,2014102000,56275,,201410200pit,3179,400554311,,11,8,146,-162,3.0,-104,-106,44.5,-105,-105,0,outdoors,grass,57,6,00-0023682,00-0022924,Ryan Fitzpatrick,Ben Roethlisberger,Bill O'Brien,Mike Tomlin,Walt Coleman,PIT00,Heinz Field
2014_08_HOU_TEN,2014,REG,8,2014-10-26,Sunday,13:00,HOU,30,TEN,16,Home,-14,46,0,2014102608,56285,,201410260oti,3189,400554230,,6,7,-180,162,-3.5,-102,-108,43.0,-107,-103,1,outdoors,grass,73,2,00-0023682,00-0031266,Ryan Fitzpatrick,Zach Mettenberger,Bill O'Brien,Ken Whisenhunt,Bill Leavy,NAS00,LP Field
2014_09_PHI_HOU,2014,REG,9,2014-11-02,Sunday,13:00,PHI,31,HOU,21,Home,-10,52,0,2014110203,56295,,201411020htx,3199,400554339,,7,7,-114,103,-1.5,-102,-108,48.5,-105,-105,0,closed,grass,,,00-0029567,00-0023682,Nick Foles,Ryan Fitzpatrick,Chip Kelly,Bill O'Brien,John Parry,HOU00,NRG Stadium
2014_11_HOU_CLE,2014,REG,11,2014-11-16,Sunday,13:00,HOU,23,CLE,7,Home,-16,30,0,2014111602,56320,,201411160cle,3224,400554343,,14,10,191,-213,4.5,-107,-103,42.0,-105,-105,0,outdoors,grass,34,9,00-0028012,00-0026625,Ryan Mallett,Brian Hoyer,Bill O'Brien,Mike Pettine,Ed Hochuli,CLE00,FirstEnergy Stadium
2014_12_CIN_HOU,2014,REG,12,2014-11-23,Sunday,13:00,CIN,22,HOU,13,Home,-9,35,0,2014112303,56335,,201411230htx,3239,400554329,,7,7,135,-149,3.0,-110,100,44.5,-101,-109,0,closed,grass,,,00-0027973,00-0028012,Andy Dalton,Ryan Mallett,Marvin Lewis,Bill O'Brien,Terry McAulay,HOU00,NRG Stadium
2014_13_TEN_HOU,2014,REG,13,2014-11-30,Sunday,13:00,TEN,21,HOU,45,Home,24,66,0,2014113002,56351,,201411300htx,3255,400554316,,7,7,252,-285,7.0,-117,106,43.0,-105,-105,1,closed,grass,,,00-0031266,00-0023682,Zach Mettenberger,Ryan Fitzpatrick,Ken Whisenhunt,Bill O'Brien,Jeff Triplette,HOU00,NRG Stadium
2014_14_HOU_JAX,2014,REG,14,2014-12-07,Sunday,13:00,HOU,27,JAX,13,Home,-14,40,0,2014120703,56366,,201412070jax,3270,400554426,,7,7,-274,243,-6.5,-110,100,41.5,-102,-108,1,outdoors,grass,61,15,00-0023682,00-0031407,Ryan Fitzpatrick,Blake Bortles,Bill O'Brien,Gus Bradley,Carl Cheffers,JAX00,EverBank Field
2014_15_HOU_IND,2014,REG,15,2014-12-14,Sunday,13:00,HOU,10,IND,17,Home,7,27,0,2014121406,56385,,201412140clt,3289,400554380,,7,7,273,-310,7.0,-102,-108,49.0,-108,-102,1,closed,fieldturf,,,00-0023682,00-0029668,Ryan Fitzpatrick,Andrew Luck,Bill O'Brien,Chuck Pagano,Gene Steratore,IND00,Lucas Oil Stadium
2014_16_BAL_HOU,2014,REG,16,2014-12-21,Sunday,13:00,BAL,13,HOU,25,Home,12,38,0,2014122102,56399,,201412210htx,3303,400554398,,7,7,-242,216,-6.0,-105,-105,42.0,-110,100,0,closed,grass,,,00-0026158,00-0028986,Joe Flacco,Case Keenum,John Harbaugh,Bill O'Brien,Walt Coleman,HOU00,NRG Stadium
2014_17_JAX_HOU,2014,REG,17,2014-12-28,Sunday,13:00,JAX,17,HOU,23,Home,6,40,0,2014122803,56413,,201412280htx,3317,400554412,,10,7,346,-400,8.5,-106,-104,38.5,-109,-101,1,closed,grass,,,00-0031407,00-0028986,Blake Bortles,Case Keenum,Gus Bradley,Bill O'Brien,John Parry,HOU00,NRG Stadium
2015_01_KC_HOU,2015,REG,1,2015-09-13,Sunday,13:00,KC,27,HOU,20,Home,-7,47,0,2015091306,56506,,201509130htx,3409,400791493,,7,7,-105,-105,-1.0,100,-110,41.0,-103,-107,0,closed,grass,,,00-0023436,00-0026625,Alex Smith,Brian Hoyer,Andy Reid,Bill O'Brien,Peter Morelli,HOU00,NRG Stadium
2015_02_HOU_CAR,2015,REG,2,2015-09-20,Sunday,13:00,HOU,17,CAR,24,Home,7,41,0,2015092000,56521,,201509200car,3431,400791628,,7,7,129,-143,3.0,-117,106,41.0,-108,-102,0,outdoors,grass,88,6,00-0028012,00-0027939,Ryan Mallett,Cam Newton,Bill O'Brien,Ron Rivera,Clete Blakeman,CAR00,Bank of America Stadium
2015_03_TB_HOU,2015,REG,3,2015-09-27,Sunday,13:00,TB,9,HOU,19,Home,10,28,0,2015092703,56540,,201509270htx,3443,400791589,,7,7,225,-253,6.0,-105,-105,41.0,102,-113,0,closed,fieldturf,,,00-0031503,00-0028012,Jameis Winston,Ryan Mallett,Lovie Smith,Bill O'Brien,Bill Vinovich,HOU00,NRG Stadium
2015_04_HOU_ATL,2015,REG,4,2015-10-04,Sunday,13:00,HOU,21,ATL,48,Home,27,69,0,2015100402,56553,,201510040atl,3458,400791709,,7,7,181,-202,4.0,-108,-102,47.5,-110,100,0,dome,fieldturf,,,00-0028012,00-0026143,Ryan Mallett,Matt Ryan,Bill O'Brien,Dan Quinn,Carl Cheffers,ATL00,Georgia Dome
2015_05_IND_HOU,2015,REG,5,2015-10-08,Thursday,20:25,IND,27,HOU,20,Home,-7,47,0,2015100800,56566,,201510080htx,3469,400791487,,4,4,187,-209,4.5,-111,101,40.5,-111,101,1,closed,fieldturf,,,00-0007091,00-0028012,Matt Hasselbeck,Ryan Mallett,Chuck Pagano,Bill O'Brien,Terry McAulay,HOU00,NRG Stadium
2015_06_HOU_JAX,2015,REG,6,2015-10-18,Sunday,13:00,HOU,31,JAX,20,Home,-11,51,0,2015101807,56584,,201510180jax,3487,400791637,,10,7,140,-155,2.5,120,-133,43.5,100,-110,1,outdoors,grass,73,18,00-0026625,00-0031407,Brian Hoyer,Blake Bortles,Bill O'Brien,Gus Bradley,Brad Allen,JAX00,EverBank Field
2015_07_HOU_MIA,2015,REG,7,2015-10-25,Sunday,13:00,HOU,26,MIA,44,Home,18,70,0,2015102502,56599,,201510250mia,3503,400791533,,7,7,195,-218,4.5,102,-113,46.5,102,-113,0,outdoors,grass,84,13,00-0026625,00-0029701,Brian Hoyer,Ryan Tannehill,Bill O'Brien,Joe Philbin,John Hussey,MIA00,Sun Life Stadium
2015_08_TEN_HOU,2015,REG,8,2015-11-01,Sunday,13:00,TEN,6,HOU,20,Home,14,26,0,2015110103,56614,,201511010htx,3513,400791653,,7,7,166,-185,3.5,-107,-103,43.0,-105,-105,1,closed,fieldturf,,,00-0031266,00-0026625,Zach Mettenberger,Brian Hoyer,Ken Whisenhunt,Bill O'Brien,Clete Blakeman,HOU00,NRG Stadium
2015_10_HOU_CIN,2015,REG,10,2015-11-16,Monday,20:30,HOU,10,CIN,6,Home,-4,16,0,2015111600,56648,,201511160cin,3551,400791622,,15,11,400,-470,10.0,-105,-105,46.5,-102,-108,0,outdoors,fieldturf,53,4,00-0026625,00-0027973,Brian Hoyer,Andy Dalton,Bill O'Brien,Marvin Lewis,Walt Coleman,CIN00,Paul Brown Stadium
2015_11_NYJ_HOU,2015,REG,11,2015-11-22,Sunday,13:00,NYJ,17,HOU,24,Home,7,41,0,2015112203,56655,,201511220htx,3553,400791665,,10,6,-199,179,-4.0,-103,-107,40.0,-106,-104,0,closed,fieldturf,,,00-0023682,00-0028090,Ryan Fitzpatrick,T.J. Yates,Todd Bowles,Bill O'Brien,John Parry,HOU00,NRG Stadium
2015_12_NO_HOU,2015,REG,12,2015-11-29,Sunday,13:00,NO,6,HOU,24,Home,18,30,0,2015112903,56668,,201511290htx,3571,400791512,,14,7,178,-198,3.5,102,-112,50.5,-107,-103,0,closed,fieldturf,,,00-0020531,00-0026625,Drew Brees,Brian Hoyer,Sean Payton,Bill O'Brien,John Hussey,HOU00,NRG Stadium
2015_13_HOU_BUF,2015,REG,13,2015-12-06,Sunday,13:00,HOU,21,BUF,30,Home,9,51,0,2015120601,56680,,201512060buf,3591,400791611,,7,7,129,-143,3.0,-117,106,42.0,-105,-105,0,outdoors,a_turf,47,8,00-0026625,00-0028118,Brian Hoyer,Tyrod Taylor,Bill O'Brien,Rex Ryan,Tony Corrente,BUF00,Ralph Wilson Stadium
2015_14_NE_HOU,2015,REG,14,2015-12-13,Sunday,20:30,NE,27,HOU,6,Home,-21,33,0,2015121303,56700,,201512130htx,3599,400791570,,7,7,-202,181,-4.0,-104,-106,46.0,-105,-105,0,closed,fieldturf,,,00-0019596,00-0026625,Tom Brady,Brian Hoyer,Bill Belichick,Bill O'Brien,Jeff Triplette,HOU00,NRG Stadium
2015_15_HOU_IND,2015,REG,15,2015-12-20,Sunday,13:00,HOU,16,IND,10,Home,-6,26,0,2015122004,56714,,201512200clt,3618,400791688,,7,7,120,-133,2.5,-105,-105,42.0,-103,-107,1,closed,fieldturf,,,00-0028090,00-0007091,T.J. Yates,Matt Hasselbeck,Bill O'Brien,Chuck Pagano,Ed Hochuli,IND00,Lucas Oil Stadium
2015_16_HOU_TEN,2015,REG,16,2015-12-27,Sunday,13:00,HOU,34,TEN,6,Home,-28,40,0,2015122703,56738,,201512270oti,3634,400791518,,7,7,-170,153,-3.5,111,-123,39.0,-104,-106,1,outdoors,grass,73,15,00-0029677,00-0031266,Brandon Weeden,Zach Mettenberger,Bill O'Brien,Ken Whisenhunt,Brad Allen,NAS00,Nissan Stadium
2015_17_JAX_HOU,2015,REG,17,2016-01-03,Sunday,13:00,JAX,6,HOU,30,Home,24,36,0,2016010304,56751,,201601030htx,3650,400791644,,7,7,197,-220,5.0,-102,-108,45.0,100,-110,1,closed,fieldturf,,,00-0031407,00-0026625,Blake Bortles,Brian Hoyer,Gus Bradley,Bill O'Brien,Terry McAulay,HOU00,NRG Stadium
2015_18_KC_HOU,2015,WC,18,2016-01-09,Saturday,16:35,KC,30,HOU,0,Home,-30,30,0,2016010900,56824,,201601090htx,3662,400820429,,6,6,-143,129,-3.0,109,-120,39.5,-103,-107,0,closed,fieldturf,,,00-0023436,00-0026625,Alex Smith,Brian Hoyer,Andy Reid,Bill O'Brien,Ron Torbert,HOU00,NRG Stadium
2016_01_CHI_HOU,2016,REG,1,2016-09-11,Sunday,13:00,CHI,14,HOU,23,Home,9,37,0,2016091102,56904,,201609110htx,4097,400874511,,7,7,210,-235,5.5,-107,-103,43.0,100,-110,0,closed,fieldturf,,,00-0024226,00-0029682,Jay Cutler,Brock Osweiler,John Fox,Bill O'Brien,Peter Morelli,HOU00,NRG Stadium
2016_02_KC_HOU,2016,REG,2,2016-09-18,Sunday,13:00,KC,12,HOU,19,Home,7,31,0,2016091803,56921,,201609180htx,4121,400874549,,7,7,-107,-103,-1.0,-100,-110,41.5,-105,-105,0,closed,fieldturf,,,00-0023436,00-0029682,Alex Smith,Brock Osweiler,Andy Reid,Bill O'Brien,Tony Corrente,HOU00,NRG Stadium
2016_03_HOU_NE,2016,REG,3,2016-09-22,Thursday,20:25,HOU,0,NE,27,Home,27,27,0,2016092200,56933,,201609220nwe,4126,400874551,,4,4,106,-117,1.0,101,-111,38.5,-106,-104,0,outdoors,fieldturf,68,4,00-0029682,00-0033119,Brock Osweiler,Jacoby Brissett,Bill O'Brien,Bill Belichick,Walt Coleman,BOS00,Gillette Stadium
2016_04_TEN_HOU,2016,REG,4,2016-10-02,Sunday,13:00,TEN,20,HOU,27,Home,7,47,0,2016100204,56954,,201610020htx,4147,400874658,,7,10,176,-196,4.0,-105,-105,40.0,-110,100,1,closed,fieldturf,,,00-0032268,00-0029682,Marcus Mariota,Brock Osweiler,Mike Mularkey,Bill O'Brien,Clete Blakeman,HOU00,NRG Stadium
2016_05_HOU_MIN,2016,REG,5,2016-10-09,Sunday,13:00,HOU,13,MIN,31,Home,18,44,0,2016100905,56970,,201610090min,4163,400874595,,7,6,222,-250,6.0,-105,-105,39.0,-110,-100,0,dome,sportturf,,,00-0029682,00-0027854,Brock Osweiler,Sam Bradford,Bill O'Brien,Mike Zimmer,Jeff Triplette,MIN01,U.S. Bank Stadium
2016_06_IND_HOU,2016,REG,6,2016-10-16,Sunday,20:30,IND,23,HOU,26,Home,3,49,1,2016101612,56991,,201610160htx,4184,400874734,,7,7,144,-160,3.0,-100,-110,47.5,-110,-100,1,closed,fieldturf,,,00-0029668,00-0029682,Andrew Luck,Brock Osweiler,Chuck Pagano,Bill O'Brien,Bill Vinovich,HOU00,NRG Stadium
2016_07_HOU_DEN,2016,REG,7,2016-10-24,Monday,20:30,HOU,9,DEN,27,Home,18,36,0,2016102400,57007,,201610240den,4189,400874509,,8,11,334,-385,8.5,-107,-103,40.0,-115,104,0,outdoors,grass,71,5,00-0029682,00-0032156,Brock Osweiler,Trevor Siemian,Bill O'Brien,Gary Kubiak,Carl Cheffers,DEN00,Sports Authority Field at Mile High
2016_08_DET_HOU,2016,REG,8,2016-10-30,Sunday,13:00,DET,13,HOU,20,Home,7,33,0,2016103004,57013,,201610300htx,4206,400874569,,7,6,-101,-109,1.0,-109,-101,46.5,-105,-105,0,closed,fieldturf,,,00-0026498,00-0029682,Matthew Stafford,Brock Osweiler,Jim Caldwell,Bill O'Brien,Brad Allen,HOU00,NRG Stadium
2016_10_HOU_JAX,2016,REG,10,2016-11-13,Sunday,13:00,HOU,24,JAX,21,Home,-3,45,0,2016111302,57036,,201611130jax,4229,400874587,,14,7,141,-156,3.0,-102,-108,42.0,-116,105,1,outdoors,grass,69,10,00-0029682,00-0031407,Brock Osweiler,Blake Bortles,Bill O'Brien,Gus Bradley,Ron Torbert,JAX00,EverBank Field
2016_11_HOU_OAK,2016,REG,11,2016-11-21,Monday,20:30,HOU,20,OAK,27,Neutral,7,47,0,2016112100,57061,,201611210rai,4241,400874706,,8,15,225,-253,6.5,-104,-106,45.5,-108,-102,0,outdoors,grass,63,6,00-0029682,00-0031280,Brock Osweiler,Derek Carr,Bill O'Brien,Jack Del Rio,Tony Corrente,MEX00,Azteca Stadium
2016_12_SD_HOU,2016,REG,12,2016-11-27,Sunday,13:00,SD,21,HOU,13,Home,-8,34,0,2016112705,57070,,201611270htx,4263,400874659,,14,6,-128,116,-2.5,-105,-105,45.5,-105,-105,0,closed,fieldturf,,,00-0022942,00-0029682,Philip Rivers,Brock Osweiler,Mike McCoy,Bill O'Brien,Jeff Triplette,HOU00,NRG Stadium
2016_13_HOU_GB,2016,REG,13,2016-12-04,Sunday,13:00,HOU,13,GB,21,Home,8,34,0,2016120404,57083,,201612040gnb,4276,400874720,,7,6,274,-312,7.0,-106,-104,44.5,-100,-110,0,outdoors,grass,32,8,00-0029682,00-0023459,Brock Osweiler,Aaron Rodgers,Bill O'Brien,Mike McCarthy,Gene Steratore,GNB00,Lambeau Field
2016_14_HOU_IND,2016,REG,14,2016-12-11,Sunday,13:00,HOU,22,IND,17,Home,-5,39,0,2016121104,57098,,201612110clt,4291,400874611,,7,6,239,-270,6.5,-107,-103,47.5,-105,-105,1,closed,fieldturf,,,00-0029682,00-0029668,Brock Osweiler,Andrew Luck,Bill O'Brien,Chuck Pagano,Brad Allen,IND00,Lucas Oil Stadium
2016_15_JAX_HOU,2016,REG,15,2016-12-18,Sunday,13:00,JAX,20,HOU,21,Home,1,41,0,2016121804,57115,,201612180htx,4315,400874681,,7,7,166,-185,3.5,-102,-108,39.5,-102,-108,1,closed,fieldturf,,,00-0031407,00-0029682,Blake Bortles,Brock Osweiler,Gus Bradley,Bill O'Brien,Ed Hochuli,HOU00,NRG Stadium
2016_16_CIN_HOU,2016,REG,16,2016-12-24,Saturday,20:25,CIN,10,HOU,12,Home,2,22,0,2016122411,57137,,201612240htx,4330,400874579,,6,6,139,-154,3.0,-110,-100,41.5,104,-115,0,closed,fieldturf,,,00-0027973,00-0031064,Andy Dalton,Tom Savage,Marvin Lewis,Bill O'Brien,Carl Cheffers,HOU00,NRG Stadium
2016_17_HOU_TEN,2016,REG,17,2017-01-01,Sunday,13:00,HOU,17,TEN,24,Home,7,41,0,2017010110,57151,,201701010oti,4344,400874632,,8,8,148,-164,3.0,103,-114,41.5,-100,-110,1,outdoors,grass,52,7,00-0029682,00-0023662,Brock Osweiler,Matt Cassel,Bill O'Brien,Mike Mularkey,Bill Vinovich,NAS00,Nissan Stadium
2016_18_OAK_HOU,2016,WC,18,2017-01-07,Saturday,16:35,OAK,14,HOU,27,Home,13,41,0,2017010700,57157,,201701070htx,4350,400932688,,6,6,186,-208,4.0,-108,-102,37.5,-107,-103,0,closed,fieldturf,,,00-0032893,00-0029682,Connor Cook,Brock Osweiler,Jack Del Rio,Bill O'Brien,Ron Torbert,HOU00,NRG Stadium
2016_19_HOU_NE,2016,DIV,19,2017-01-14,Saturday,20:15,HOU,16,NE,34,Home,18,50,0,2017011401,57162,,201701140nwe,4355,400927746,,7,13,887,-1200,16.0,-100,-110,44.0,-110,-100,0,outdoors,fieldturf,28,6,00-0029682,00-0019596,Brock Osweiler,Tom Brady,Bill O'Brien,Bill Belichick,Peter Morelli,BOS00,Gillette Stadium
2017_01_JAX_HOU,2017,REG,1,2017-09-10,Sunday,13:00,JAX,29,HOU,7,Home,-22,36,0,2017091005,57240,,201709100htx,7926,400951580,,7,7,201,-225,5.5,-105,-105,38.0,-102,-108,1,open,astroturf,,,00-0031407,00-0031064,Blake Bortles,Tom Savage,Doug Marrone,Bill O'Brien,Tony Corrente,HOU00,NRG Stadium
2017_02_HOU_CIN,2017,REG,2,2017-09-14,Thursday,20:25,HOU,13,CIN,9,Home,-4,22,0,2017091400,57250,,201709140cin,7938,400951620,,4,4,211,-236,5.5,-105,-105,38.0,-110,-100,0,outdoors,fieldturf,69,2,00-0033537,00-0027973,Deshaun Watson,Andy Dalton,Bill O'Brien,Marvin Lewis,Clete Blakeman,CIN00,Paul Brown Stadium
2017_03_HOU_NE,2017,REG,3,2017-09-24,Sunday,13:00,HOU,33,NE,36,Home,3,69,0,2017092407,57274,,201709240nwe,7959,400951607,,10,7,761,-990,13.5,-110,100,44.5,103,-114,0,outdoors,fieldturf,84,4,00-0033537,00-0019596,Deshaun Watson,Tom Brady,Bill O'Brien,Bill Belichick,John Parry,BOS00,Gillette Stadium
2017_04_TEN_HOU,2017,REG,4,2017-10-01,Sunday,13:00,TEN,14,HOU,57,Home,43,71,0,2017100105,57288,,201710010htx,7979,400951720,,7,7,-139,126,-2.5,-113,102,43.0,-103,-107,1,open,astroturf,,,00-0032268,00-0033537,Marcus Mariota,Deshaun Watson,Mike Mularkey,Bill O'Brien,Jeff Triplette,HOU00,NRG Stadium
2017_05_KC_HOU,2017,REG,5,2017-10-08,Sunday,20:30,KC,42,HOU,34,Home,-8,76,0,2017100811,57310,,201710080htx,7998,400951664,,6,7,-128,116,-2.0,-109,-101,45.0,102,-113,0,closed,astroturf,,,00-0023436,00-0033537,Alex Smith,Deshaun Watson,Andy Reid,Bill O'Brien,Ron Torbert,HOU00,NRG Stadium
2017_06_CLE_HOU,2017,REG,6,2017-10-15,Sunday,13:00,CLE,17,HOU,33,Home,16,50,0,2017101502,57315,,201710150htx,8002,400951700,,7,7,277,-315,7.5,-113,102,46.0,-103,-107,0,closed,astroturf,,,00-0032784,00-0033537,Kevin Hogan,Deshaun Watson,Hue Jackson,Bill O'Brien,Brad Allen,HOU00,NRG Stadium
2017_08_HOU_SEA,2017,REG,8,2017-10-29,Sunday,16:05,HOU,38,SEA,41,Home,3,79,0,2017102908,57350,,201710290sea,8038,400951729,,14,7,222,-250,6.0,-108,-102,45.0,-105,-105,0,outdoors,fieldturf,50,2,00-0033537,00-0029263,Deshaun Watson,Russell Wilson,Bill O'Brien,Pete Carroll,Terry McAulay,SEA00,CenturyLink Field
2017_09_IND_HOU,2017,REG,9,2017-11-05,Sunday,13:00,IND,20,HOU,14,Home,-6,34,0,2017110501,57356,,201711050htx,8047,400951751,,7,7,225,-253,6.0,-100,-110,45.0,-103,-107,1,closed,astroturf,,,00-0033119,00-0031064,Jacoby Brissett,Tom Savage,Chuck Pagano,Bill O'Brien,John Parry,HOU00,NRG Stadium
2017_10_HOU_LA,2017,REG,10,2017-11-12,Sunday,16:05,HOU,7,LA,33,Home,26,40,0,2017111208,57376,,201711120ram,8064,400951663,,7,7,534,-650,12.0,-101,-109,45.0,-102,-108,0,outdoors,grass,68,0,00-0031064,00-0033106,Tom Savage,Jared Goff,Bill O'Brien,Sean McVay,Peter Morelli,LAX99,Los Angeles Memorial Coliseum
2017_11_ARI_HOU,2017,REG,11,2017-11-19,Sunday,13:00,ARI,21,HOU,31,Home,10,52,0,2017111903,57385,,201711190htx,8070,400951771,,10,7,118,-130,2.5,-107,-103,38.0,-103,-107,0,closed,astroturf,,,00-0027948,00-0031064,Blaine Gabbert,Tom Savage,Bruce Arians,Bill O'Brien,Ed Hochuli,HOU00,NRG Stadium
2017_12_HOU_BAL,2017,REG,12,2017-11-27,Monday,20:30,HOU,16,BAL,23,Home,7,39,0,2017112700,57409,,201711270rav,8097,400951640,,8,8,311,-357,7.5,-103,-107,39.5,-102,-108,0,outdoors,grass,50,1,00-0031064,00-0026158,Tom Savage,Joe Flacco,Bill O'Brien,John Harbaugh,Brad Allen,BAL00,M&T Bank Stadium
2017_13_HOU_TEN,2017,REG,13,2017-12-03,Sunday,13:00,HOU,13,TEN,24,Home,11,37,0,2017120309,57420,,201712030oti,8102,400951728,,6,7,252,-285,7.0,-108,-102,42.5,-104,-106,1,outdoors,grass,60,4,00-0031064,00-0032268,Tom Savage,Marcus Mariota,Bill O'Brien,Mike Mularkey,Clete Blakeman,NAS00,Nissan Stadium
2017_14_SF_HOU,2017,REG,14,2017-12-10,Sunday,13:00,SF,26,HOU,16,Home,-10,42,0,2017121004,57431,,201712100htx,8121,400951649,,7,7,111,-123,1.0,104,-115,45.5,-101,-109,0,closed,astroturf,,,00-0031345,00-0031064,Jimmy Garoppolo,Tom Savage,Kyle Shanahan,Bill O'Brien,John Hussey,HOU00,NRG Stadium
2017_15_HOU_JAX,2017,REG,15,2017-12-17,Sunday,13:00,HOU,7,JAX,45,Home,38,52,0,2017121703,57448,,201712170jax,8137,400951781,,7,7,385,-450,10.5,-113,102,39.0,-108,-102,1,outdoors,grass,72,5,00-0028090,00-0031407,T.J. Yates,Blake Bortles,Bill O'Brien,Doug Marrone,Carl Cheffers,JAX00,EverBank Field
2017_16_PIT_HOU,2017,REG,16,2017-12-25,Monday,16:30,PIT,34,HOU,6,Home,-28,40,0,2017122500,57472,,201712250htx,8160,400951714,,8,8,-400,346,-8.0,-103,-107,45.5,-104,-106,0,closed,astroturf,,,00-0022924,00-0028090,Ben Roethlisberger,T.J. Yates,Mike Tomlin,Bill O'Brien,Bill Vinovich,HOU00,NRG Stadium
2017_17_HOU_IND,2017,REG,17,2017-12-31,Sunday,13:00,HOU,13,IND,22,Home,9,35,0,2017123103,57477,,201712310clt,8169,400951745,,6,8,201,-230,5.5,-108,-102,42.0,-102,-108,1,closed,fieldturf,,,00-0028090,00-0033119,T.J. Yates,Jacoby Brissett,Bill O'Brien,Chuck Pagano,Gene Steratore,IND00,Lucas Oil Stadium
2018_01_HOU_NE,2018,REG,1,2018-09-09,Sunday,13:00,HOU,20,NE,27,Home,7,47,0,2018090905,57573,,201809090nwe,9344,401030714,,7,7,214,-240,6.0,-105,-105,49.5,108,-119,0,outdoors,fieldturf,62,10,00-0033537,00-0019596,Deshaun Watson,Tom Brady,Bill O'Brien,Bill Belichick,Tony Corrente,BOS00,Gillette Stadium
2018_02_HOU_TEN,2018,REG,2,2018-09-16,Sunday,13:00,HOU,17,TEN,20,Home,3,37,0,2018091607,57591,,201809160oti,9360,401030694,,7,7,-176,159,-3.5,103,-114,41.0,-110,-100,1,outdoors,grass,81,12,00-0033537,00-0027948,Deshaun Watson,Blaine Gabbert,Bill O'Brien,Mike Vrabel,Peter Morelli,NAS00,Nissan Stadium
2018_03_NYG_HOU,2018,REG,3,2018-09-23,Sunday,13:00,NYG,27,HOU,22,Home,-5,49,0,2018092303,57603,,201809230htx,9373,401030791,,7,7,230,-259,6.5,-109,-102,44.0,-114,102,0,closed,astroturf,,,00-0022803,00-0033537,Eli Manning,Deshaun Watson,Pat Shurmur,Bill O'Brien,Walt Coleman,HOU00,NRG Stadium
2018_04_HOU_IND,2018,REG,4,2018-09-30,Sunday,13:00,HOU,37,IND,34,Home,-3,71,1,2018093004,57620,,201809300clt,9389,401030843,,7,7,-115,104,-1.0,-107,-103,48.0,-109,-102,1,closed,fieldturf,,,00-0033537,00-0029668,Deshaun Watson,Andrew Luck,Bill O'Brien,Frank Reich,Carl Cheffers,IND00,Lucas Oil Stadium
2018_05_DAL_HOU,2018,REG,5,2018-10-07,Sunday,20:20,DAL,16,HOU,19,Home,3,35,1,2018100712,57643,,201810070htx,9414,401030831,,7,7,156,-173,3.5,-114,102,45.0,-111,100,0,closed,astroturf,,,00-0033077,00-0033537,Dak Prescott,Deshaun Watson,Jason Garrett,Bill O'Brien,Bill Vinovich,HOU00,NRG Stadium
2018_06_BUF_HOU,2018,REG,6,2018-10-14,Sunday,13:00,BUF,13,HOU,20,Home,7,33,0,2018101403,57649,,201810140htx,9420,401030748,,7,7,376,-439,10.5,-119,106,40.5,-101,-110,0,closed,astroturf,,,00-0034857,00-0033537,Josh Allen,Deshaun Watson,Sean McDermott,Bill O'Brien,Craig Wrolstad,HOU00,NRG Stadium
2018_07_HOU_JAX,2018,REG,7,2018-10-21,Sunday,13:00,HOU,20,JAX,7,Home,-13,27,0,2018102104,57665,,201810210jax,9435,401030835,,7,7,188,-210,4.0,-101,-110,43.0,-105,-105,1,outdoors,grass,68,15,00-0033537,00-0031407,Deshaun Watson,Blake Bortles,Bill O'Brien,Doug Marrone,Ron Torbert,JAX00,TIAA Bank Stadium
2018_08_MIA_HOU,2018,REG,8,2018-10-25,Thursday,20:20,MIA,23,HOU,42,Home,19,65,0,2018102500,57674,,201810250htx,9445,401030703,,4,4,295,-337,7.5,-112,101,45.0,-109,-102,0,closed,astroturf,,,00-0029682,00-0033537,Brock Osweiler,Deshaun Watson,Adam Gase,Bill O'Brien,Shawn Smith,HOU00,NRG Stadium
2018_09_HOU_DEN,2018,REG,9,2018-11-04,Sunday,16:05,HOU,19,DEN,17,Home,-2,36,0,2018110407,57696,,201811040den,9467,401030829,,10,7,108,-119,1.0,103,-115,46.5,-106,-104,0,outdoors,grass,53,3,00-0033537,00-0028986,Deshaun Watson,Case Keenum,Bill O'Brien,Vance Joseph,Clay Martin,DEN00,Sports Authority Field at Mile High
2018_11_HOU_WAS,2018,REG,11,2018-11-18,Sunday,13:00,HOU,23,WAS,21,Home,-2,44,0,2018111806,57722,,201811180was,9494,401030966,,14,7,-160,144,-3.0,-114,102,40.5,-101,-110,0,outdoors,grass,48,6,00-0033537,00-0023436,Deshaun Watson,Alex Smith,Bill O'Brien,Jay Gruden,Alex Kemp,WAS00,FedExField
2018_12_TEN_HOU,2018,REG,12,2018-11-26,Monday,20:15,TEN,17,HOU,34,Home,17,51,0,2018112600,57742,,201811260htx,9513,401030762,,8,8,171,-190,3.5,-114,102,42.5,-101,-110,1,closed,astroturf,,,00-0032268,00-0033537,Marcus Mariota,Deshaun Watson,Mike Vrabel,Bill O'Brien,Craig Wrolstad,HOU00,NRG Stadium
2018_13_CLE_HOU,2018,REG,13,2018-12-02,Sunday,13:00,CLE,13,HOU,29,Home,16,42,0,2018120204,57748,,201812020htx,9519,401030964,,7,6,219,-246,5.0,101,-112,47.5,-103,-108,0,closed,astroturf,,,00-0034855,00-0033537,Baker Mayfield,Deshaun Watson,Gregg Williams,Bill O'Brien,Walt Coleman,HOU00,NRG Stadium
2018_14_IND_HOU,2018,REG,14,2018-12-09,Sunday,13:00,IND,24,HOU,21,Home,-3,45,0,2018120904,57764,,201812090htx,9535,401030813,,7,7,176,-196,4.0,-108,-103,49.5,-108,-103,1,closed,astroturf,,,00-0029668,00-0033537,Andrew Luck,Deshaun Watson,Frank Reich,Bill O'Brien,Bill Vinovich,HOU00,NRG Stadium
2018_15_HOU_NYJ,2018,REG,15,2018-12-15,Saturday,16:30,HOU,29,NYJ,22,Home,-7,51,0,2018121500,57776,,201812150nyj,9548,401030891,,6,6,-286,253,-7.0,106,-119,44.0,-105,-105,0,outdoors,fieldturf,51,8,00-0033537,00-0034869,Deshaun Watson,Sam Darnold,Bill O'Brien,Todd Bowles,Brad Allen,NYC01,MetLife Stadium
2018_16_HOU_PHI,2018,REG,16,2018-12-23,Sunday,13:00,HOU,30,PHI,32,Home,2,62,0,2018122310,57801,,201812230phi,9571,401030864,,8,7,111,-123,1.0,102,-114,47.0,-102,-109,0,outdoors,grass,44,5,00-0033537,00-0029567,Deshaun Watson,Nick Foles,Bill O'Brien,Doug Pederson,John Parry,PHI00,Lincoln Financial Field
2018_17_JAX_HOU,2018,REG,17,2018-12-30,Sunday,13:00,JAX,3,HOU,20,Home,17,23,0,2018123003,57810,,201812300htx,9580,401030759,,7,7,274,-311,7.0,-107,-103,39.5,-109,-102,1,closed,astroturf,,,00-0031407,00-0033537,Blake Bortles,Deshaun Watson,Doug Marrone,Bill O'Brien,Peter Morelli,HOU00,NRG Stadium
2018_18_IND_HOU,2018,WC,18,2019-01-05,Saturday,16:35,IND,21,HOU,7,Home,-14,28,0,2019010500,57823,,201901050htx,13606,401038952,,6,6,112,-124,2.0,-113,102,48.5,-114,102,1,closed,astroturf,,,00-0029668,00-0033537,Andrew Luck,Deshaun Watson,Frank Reich,Bill O'Brien,Bill Vinovich,HOU00,NRG Stadium
2019_01_HOU_NO,2019,REG,1,2019-09-09,Monday,19:10,HOU,28,NO,30,Home,2,58,0,2019090900,57914,,201909090nor,13776,401128021,5072,7,7,273,-310,6.5,103,-113,52.0,105,-116,0,dome,astroturf,,,00-0033537,00-0020531,Deshaun Watson,Drew Brees,Bill O'Brien,Sean Payton,John Hussey,NOR00,Mercedes-Benz Superdome
2019_02_JAX_HOU,2019,REG,2,2019-09-15,Sunday,13:00,JAX,12,HOU,13,Home,1,25,0,2019091504,57921,,201909150htx,13788,401128101,5079,7,6,286,-336,7.5,-122,111,43.0,-104,-107,1,closed,grass,,,00-0035289,00-0033537,Gardner Minshew,Deshaun Watson,Doug Marrone,Bill O'Brien,Scott Novak,HOU00,NRG Stadium
2019_03_HOU_LAC,2019,REG,3,2019-09-22,Sunday,16:25,HOU,27,LAC,20,Home,-7,47,0,2019092210,57943,,201909220sdg,13805,401127970,5101,7,7,151,-168,3.0,104,-115,49.0,101,-112,0,outdoors,grass,87,4,00-0033537,00-0022942,Deshaun Watson,Philip Rivers,Bill O'Brien,Anthony Lynn,Clay Martin,LAX97,StubHub Center
2019_04_CAR_HOU,2019,REG,4,2019-09-29,Sunday,13:00,CAR,16,HOU,10,Home,-6,26,0,2019092904,57953,,201909290htx,13818,401128026,5107,7,7,224,-257,5.5,-100,-110,47.5,-106,-105,0,closed,grass,,,00-0034577,00-0033537,Kyle Allen,Deshaun Watson,Ron Rivera,Bill O'Brien,Adrian Hill,HOU00,NRG Stadium
2019_05_ATL_HOU,2019,REG,5,2019-10-06,Sunday,13:00,ATL,32,HOU,53,Home,21,85,0,2019100602,57966,,201910060htx,13835,401127960,5123,7,7,184,-207,4.0,-101,-109,49.0,-110,-101,0,closed,grass,,,00-0026143,00-0033537,Matt Ryan,Deshaun Watson,Dan Quinn,Bill O'Brien,Shawn Smith,HOU00,NRG Stadium
2019_06_HOU_KC,2019,REG,6,2019-10-13,Sunday,13:00,HOU,31,KC,24,Home,-7,55,0,2019101304,57983,,201910130kan,13843,401128119,5139,7,7,166,-186,3.5,-108,-103,54.5,-108,-103,0,outdoors,astroturf,56,2,00-0033537,00-0033873,Deshaun Watson,Patrick Mahomes,Bill O'Brien,Andy Reid,Shawn Hochuli,KAN00,Arrowhead Stadium
2019_07_HOU_IND,2019,REG,7,2019-10-20,Sunday,13:00,HOU,23,IND,30,Home,7,53,0,2019102005,57998,,201910200clt,13860,401127951,5152,7,14,109,-120,1.5,-104,-106,46.5,100,-111,1,open,fieldturf,,,00-0033537,00-0033119,Deshaun Watson,Jacoby Brissett,Bill O'Brien,Frank Reich,Tony Corrente,IND00,Lucas Oil Stadium
2019_08_OAK_HOU,2019,REG,8,2019-10-27,Sunday,16:25,OAK,24,HOU,27,Home,3,51,0,2019102704,58011,,201910270htx,13877,401128043,5170,7,7,207,-236,5.0,-107,-103,52.0,-110,-101,0,closed,grass,,,00-0031280,00-0033537,Derek Carr,Deshaun Watson,Jon Gruden,Bill O'Brien,Craig Wrolstad,HOU00,NRG Stadium
2019_09_HOU_JAX,2019,REG,9,2019-11-03,Sunday,09:30,HOU,26,JAX,3,Neutral,-23,29,0,2019110300,58022,,201911030jax,13884,401127936,5180,7,7,103,-113,1.0,-104,-106,46.0,-106,-105,1,outdoors,grass,53,6,00-0033537,00-0035289,Deshaun Watson,Gardner Minshew,Bill O'Brien,Doug Marrone,Clete Blakeman,LON00,Wembley Stadium
2019_11_HOU_BAL,2019,REG,11,2019-11-17,Sunday,13:00,HOU,7,BAL,41,Home,34,48,0,2019111700,58049,,201911170rav,13918,401128047,5211,14,7,192,-217,4.0,-102,-108,51.0,-105,-106,0,outdoors,grass,44,10,00-0033537,00-0034796,Deshaun Watson,Lamar Jackson,Bill O'Brien,John Harbaugh,Alex Kemp,BAL00,M&T Bank Stadium
2019_12_IND_HOU,2019,REG,12,2019-11-21,Thursday,20:20,IND,17,HOU,20,Home,3,37,0,2019112100,58062,,201911210htx,13924,401127865,5220,4,4,164,-183,3.5,-105,-105,46.0,-106,-105,1,closed,grass,,,00-0033119,00-0033537,Jacoby Brissett,Deshaun Watson,Frank Reich,Bill O'Brien,Ronald Torbert,HOU00,NRG Stadium
2019_13_NE_HOU,2019,REG,13,2019-12-01,Sunday,20:20,NE,22,HOU,28,Home,6,50,0,2019120111,58090,,201912010htx,13952,401127967,5248,7,10,-172,154,-3.5,106,-117,47.0,-104,-107,0,closed,grass,,,00-0019596,00-0033537,Tom Brady,Deshaun Watson,Bill Belichick,Bill O'Brien,Tony Corrente,HOU00,NRG Stadium
2019_14_DEN_HOU,2019,REG,14,2019-12-08,Sunday,13:00,DEN,38,HOU,24,Home,-14,62,0,2019120804,58097,,201912080htx,13963,401127920,5254,7,7,325,-389,8.0,-103,-107,42.5,-105,-106,0,closed,grass,,,00-0035704,00-0033537,Drew Lock,Deshaun Watson,Vic Fangio,Bill O'Brien,Adrian Hill,HOU00,NRG Stadium
2019_15_HOU_TEN,2019,REG,15,2019-12-15,Sunday,13:00,HOU,24,TEN,21,Home,-3,45,0,2019121507,58116,,201912150oti,13974,401128068,5270,7,7,148,-165,3.0,103,-113,50.0,-107,-104,1,outdoors,grass,45,4,00-0033537,00-0029701,Deshaun Watson,Ryan Tannehill,Bill O'Brien,Mike Vrabel,Bill Vinovich,NAS00,Nissan Stadium
2019_16_HOU_TB,2019,REG,16,2019-12-21,Saturday,13:00,HOU,23,TB,20,Home,-3,43,0,2019122100,58128,,201912210tam,13990,401127901,5287,7,7,-150,135,-3.0,102,-112,50.0,-108,-103,0,outdoors,grass,73,11,00-0033537,00-0031503,Deshaun Watson,Jameis Winston,Bill O'Brien,Bruce Arians,Scott Novak,TAM00,Raymond James Stadium
2019_17_TEN_HOU,2019,REG,17,2019-12-29,Sunday,16:25,TEN,35,HOU,14,Home,-21,49,0,2019122906,58146,,201912290htx,14014,401127984,5309,7,7,-366,308,-10.0,106,-117,43.0,-104,-107,1,closed,grass,,,00-0029701,00-0031288,Ryan Tannehill,A.J. McCarron,Mike Vrabel,Bill O'Brien,Clete Blakeman,HOU00,NRG Stadium
2019_18_BUF_HOU,2019,WC,18,2020-01-04,Saturday,16:35,BUF,19,HOU,22,Home,3,41,1,2020010400,58156,,202001040htx,16801,401131037,5314,6,6,130,-144,2.5,103,-114,43.0,-106,-105,0,closed,grass,,,00-0034857,00-0033537,Josh Allen,Deshaun Watson,Sean McDermott,Bill O'Brien,Tony Corrente,HOU00,NRG Stadium
2019_19_HOU_KC,2019,DIV,19,2020-01-12,Sunday,15:05,HOU,31,KC,51,Home,20,82,0,2020011200,58162,,202001120kan,16806,401131043,5320,8,14,376,-461,10.0,-105,-105,50.5,-104,-108,0,outdoors,astroturf,,,00-0033537,00-0033873,Deshaun Watson,Patrick Mahomes,Bill O'Brien,Andy Reid,Shawn Hochuli,KAN00,Arrowhead Stadium
2020_01_HOU_KC,2020,REG,1,2020-09-10,Thursday,20:20,HOU,20,KC,34,Home,14,54,0,2020091000,58168,,202009100kan,18532,401220225,5325,7,7,349,-423,9.5,-105,-105,53.5,-109,-102,0,outdoors,grass,56,7,00-0033537,00-0033873,Deshaun Watson,Patrick Mahomes,Bill O'Brien,Andy Reid,Clete Blakeman,KAN00,Arrowhead Stadium
2020_02_BAL_HOU,2020,REG,2,2020-09-20,Sunday,16:25,BAL,33,HOU,16,Home,-17,49,0,2020092011,58196,,202009200htx,18560,401220181,5353,7,10,-344,292,-7.5,-102,-108,49.5,-118,106,0,closed,grass,,,00-0034796,00-0033537,Lamar Jackson,Deshaun Watson,John Harbaugh,Bill O'Brien,Tony Corrente,HOU00,NRG Stadium
2020_03_HOU_PIT,2020,REG,3,2020-09-27,Sunday,13:00,HOU,21,PIT,28,Home,7,49,0,2020092707,58208,,202009270pit,18572,401220173,5360,7,7,174,-196,4.0,-110,-100,46.5,-109,-102,0,outdoors,grass,79,6,00-0033537,00-0022924,Deshaun Watson,Ben Roethlisberger,Bill O'Brien,Mike Tomlin,Shawn Smith,PIT00,Heinz Field
2020_04_MIN_HOU,2020,REG,4,2020-10-04,Sunday,13:00,MIN,31,HOU,23,Home,-8,54,0,2020100405,58222,,202010040htx,18586,401220184,5380,7,7,154,-172,3.5,-114,104,52.5,100,-112,0,closed,grass,,,00-0029604,00-0033537,Kirk Cousins,Deshaun Watson,Mike Zimmer,Bill O'Brien,Brad Rogers,HOU00,NRG Stadium
2020_05_JAX_HOU,2020,REG,5,2020-10-11,Sunday,13:00,JAX,14,HOU,30,Home,16,44,0,2020101102,58235,,202010110htx,18599,401220179,5395,7,7,243,-281,6.5,100,-110,55.0,-108,-103,1,closed,grass,,,00-0035289,00-0033537,Gardner Minshew II,Deshaun Watson,Doug Marrone,Romeo Crennel,Bill Vinovich,HOU00,NRG Stadium
2020_06_HOU_TEN,2020,REG,6,2020-10-18,Sunday,13:00,HOU,36,TEN,42,Home,6,78,1,2020101807,58255,,202010180oti,18618,401220202,5411,7,5,169,-190,4.0,-110,100,52.0,-116,104,1,outdoors,grass,61,10,00-0033537,00-0029701,Deshaun Watson,Ryan Tannehill,Romeo Crennel,Mike Vrabel,Alex Kemp,NAS00,Nissan Stadium
2020_07_GB_HOU,2020,REG,7,2020-10-25,Sunday,13:00,GB,35,HOU,20,Home,-15,55,0,2020102503,58265,,202010250htx,18629,401220183,5424,7,7,-140,127,-2.5,-113,102,55.5,-110,-101,0,closed,grass,,,00-0023459,00-0033537,Aaron Rodgers,Deshaun Watson,Matt LaFleur,Romeo Crennel,Clay Martin,HOU00,NRG Stadium
2020_09_HOU_JAX,2020,REG,9,2020-11-08,Sunday,13:00,HOU,27,JAX,25,Home,-2,52,0,2020110803,58292,,202011080jax,18656,401220194,5451,14,14,-289,249,-7.0,106,-117,49.0,-107,-104,1,outdoors,grass,79,14,00-0033537,00-0036312,Deshaun Watson,Jake Luton,Romeo Crennel,Doug Marrone,Brad Allen,JAX00,TIAA Bank Stadium
2020_10_HOU_CLE,2020,REG,10,2020-11-15,Sunday,13:00,HOU,7,CLE,10,Home,3,17,0,2020111501,58304,,202011150cle,18668,401220165,5461,7,14,192,-217,4.5,-106,-104,46.0,-104,-107,0,outdoors,grass,59,25,00-0033537,00-0034855,Deshaun Watson,Baker Mayfield,Romeo Crennel,Kevin Stefanski,Ronald Torbert,CLE00,FirstEnergy Stadium
2020_11_NE_HOU,2020,REG,11,2020-11-22,Sunday,13:00,NE,20,HOU,27,Home,7,47,0,2020112203,58320,,202011220htx,18684,401220185,5478,7,7,-147,132,-2.5,-117,106,49.5,-103,-108,0,closed,grass,,,00-0027939,00-0033537,Cam Newton,Deshaun Watson,Bill Belichick,Romeo Crennel,John Hussey,HOU00,NRG Stadium
2020_12_HOU_DET,2020,REG,12,2020-11-26,Thursday,12:30,HOU,41,DET,25,Home,-16,66,0,2020112600,58329,,202011260det,18693,401220287,5487,4,4,-155,139,-3.0,-104,-106,52.5,-110,-101,0,dome,fieldturf,,,00-0033537,00-0026498,Deshaun Watson,Matthew Stafford,Romeo Crennel,Matt Patricia,Shawn Smith,DET00,Ford Field
2020_13_IND_HOU,2020,REG,13,2020-12-06,Sunday,13:00,IND,26,HOU,20,Home,-6,46,0,2020120602,58348,,202012060htx,18712,401220178,5506,7,10,-176,157,-3.5,101,-112,50.0,-105,-106,1,closed,grass,,,00-0022942,00-0033537,Philip Rivers,Deshaun Watson,Frank Reich,Romeo Crennel,Scott Novak,HOU00,NRG Stadium
2020_14_HOU_CHI,2020,REG,14,2020-12-13,Sunday,13:00,HOU,7,CHI,36,Home,29,43,0,2020121301,58362,,202012130chi,18726,401220279,5522,7,7,-114,104,-1.0,-107,-103,46.0,101,-112,0,outdoors,grass,34,1,00-0033537,00-0033869,Deshaun Watson,Mitch Trubisky,Romeo Crennel,Matt Nagy,Land Clark,CHI98,Soldier Field
2020_15_HOU_IND,2020,REG,15,2020-12-20,Sunday,13:00,HOU,20,IND,27,Home,7,47,0,2020122002,58379,,202012200clt,18743,401220186,5539,7,7,311,-370,7.5,-108,-102,52.5,-106,-105,1,closed,fieldturf,,,00-0033537,00-0022942,Deshaun Watson,Philip Rivers,Romeo Crennel,Frank Reich,Bill Vinovich,IND00,Lucas Oil Stadium
2020_16_CIN_HOU,2020,REG,16,2020-12-27,Sunday,13:00,CIN,37,HOU,31,Home,-6,68,0,2020122706,58399,,202012270htx,18763,401220182,5553,6,7,276,-324,7.5,-113,102,46.0,-105,-106,0,closed,grass,,,00-0032434,00-0033537,Brandon Allen,Deshaun Watson,Zac Taylor,Romeo Crennel,Brad Rogers,HOU00,NRG Stadium
2020_17_TEN_HOU,2020,REG,17,2021-01-03,Sunday,16:25,TEN,41,HOU,38,Home,-3,79,0,2021010312,58420,,202101030htx,18778,401220180,5576,7,7,-301,259,-7.0,101,-111,55.5,-113,101,1,closed,grass,,,00-0029701,00-0033537,Ryan Tannehill,Deshaun Watson,Mike Vrabel,Romeo Crennel,Shawn Hochuli,HOU00,NRG Stadium
2021_01_JAX_HOU,2021,REG,1,2021-09-12,Sunday,13:00,JAX,21,HOU,37,Home,16,58,0,2021091205,58509,10160000-0585-0955-6419-0435c7f11d5d,202109120htx,19614,401326310,5602,7,7,-172,154,-3.5,103,-113,45.5,-107,-104,1,closed,astroturf,,,00-0036971,00-0028118,Trevor Lawrence,Tyrod Taylor,Urban Meyer,David Culley,Land Clark,HOU00,NRG Stadium
2021_02_HOU_CLE,2021,REG,2,2021-09-19,Sunday,13:00,HOU,21,CLE,31,Home,10,52,0,2021091902,58522,10160000-0585-2291-e1e4-75f0523c1b19,202109190cle,19628,401326130,5612,7,7,521,-675,13.5,-103,-107,48.5,103,-115,0,outdoors,grass ,75,12,00-0028118,00-0034855,Tyrod Taylor,Baker Mayfield,David Culley,Kevin Stefanski,Brad Rogers,CLE00,FirstEnergy Stadium
2021_03_CAR_HOU,2021,REG,3,2021-09-23,Thursday,20:20,CAR,24,HOU,9,Home,-15,33,0,2021092300,58535,10160000-0585-35a1-77ae-878310617a5d,202109230htx,19640,401326363,5626,4,4,-420,348,-8.0,-115,104,43.0,-101,-110,0,closed,astroturf,,,00-0034869,00-0036898,Sam Darnold,Davis Mills,Matt Rhule,David Culley,Alex Kemp,HOU00,NRG Stadium
2021_04_HOU_BUF,2021,REG,4,2021-10-03,Sunday,13:00,HOU,0,BUF,40,Home,40,40,0,2021100301,58553,10160000-0585-53a1-9f60-d74c0ea5aba5,202110030buf,19658,401326381,5644,10,7,988,-1500,19.0,-108,-102,47.5,-106,-105,0,outdoors,a_turf,67,12,00-0036898,00-0034857,Davis Mills,Josh Allen,David Culley,Sean McDermott,Ron Torbert,BUF00,New Era Field
2021_05_NE_HOU,2021,REG,5,2021-10-10,Sunday,13:00,NE,25,HOU,22,Home,-3,47,0,2021101003,58571,10160000-0585-71b3-8782-50e20d329c97,202110100htx,19674,401326398,5665,7,7,-339,288,-8.0,102,-112,39.5,-112,101,0,closed,astroturf,,,00-0036972,00-0036898,Mac Jones,Davis Mills,Bill Belichick,David Culley,Scott Novak,HOU00,NRG Stadium
2021_06_HOU_IND,2021,REG,6,2021-10-17,Sunday,13:00,HOU,3,IND,31,Home,28,34,0,2021101705,58589,10160000-0585-89a5-c303-7ee5adfdea10,202110170clt,19693,401326415,5676,7,6,363,-442,10.5,-117,106,43.5,-111,-100,1,open,fieldturf,,,00-0036898,00-0032950,Davis Mills,Carson Wentz,David Culley,Frank Reich,Jerome Boger,IND00,Lucas Oil Stadium
2021_07_HOU_ARI,2021,REG,7,2021-10-24,Sunday,16:25,HOU,5,ARI,31,Home,26,36,0,2021102408,58606,10160000-0586-0692-769b-7837635ed359,202110240crd,19711,401326432,5698,7,7,1119,-1766,20.5,-111,100,47.0,101,-112,0,closed,grass ,,,00-0036898,00-0035228,Davis Mills,Kyler Murray,David Culley,Kliff Kingsbury,Land Clark,PHO00,State Farm Stadium
2021_08_LA_HOU,2021,REG,8,2021-10-31,Sunday,13:00,LA,38,HOU,22,Home,-16,60,0,2021103105,58616,10160000-0586-168d-80ec-0bbbdafe2d9b,202110310htx,19721,401326442,5705,7,7,-1010,724,-17.0,107,-118,47.0,-108,-103,0,closed,astroturf,,,00-0026498,00-0036898,Matthew Stafford,Davis Mills,Sean McVay,David Culley,Clay Martin,HOU00,NRG Stadium
2021_09_HOU_MIA,2021,REG,9,2021-11-07,Sunday,13:00,HOU,9,MIA,17,Home,8,26,0,2021110705,58631,10160000-0586-31c9-618e-bfc8cff2be31,202111070mia,19736,401326457,5723,7,7,166,-185,4.0,-112,101,45.0,-109,-102,0,outdoors,grass ,72,19,00-0028118,00-0033119,Tyrod Taylor,Jacoby Brissett,David Culley,Brian Flores,Adrian Hill,MIA00,Hard Rock Stadium
2021_11_HOU_TEN,2021,REG,11,2021-11-21,Sunday,13:00,HOU,22,TEN,13,Home,-9,35,0,2021112108,58662,10160000-0586-62fb-5c7d-eb1b756bbb1e,202111210oti,19766,401326488,5749,14,7,377,-462,10.5,-110,-100,44.5,-110,-101,1,outdoors,grass ,59,8,00-0028118,00-0029701,Tyrod Taylor,Ryan Tannehill,David Culley,Mike Vrabel,Tony Corrente,NAS00,Nissan Stadium
2021_12_NYJ_HOU,2021,REG,12,2021-11-28,Sunday,13:00,NYJ,21,HOU,14,Home,-7,35,0,2021112801,58672,10160000-0586-72e9-28a2-1367df1bdb2d,202111280htx,19776,401326498,5765,7,7,125,-138,3.0,-124,111,44.5,-103,-108,0,closed,astroturf,,,00-0037013,00-0028118,Zach Wilson,Tyrod Taylor,Robert Saleh,David Culley,Clete Blakeman,HOU00,NRG Stadium
2021_13_IND_HOU,2021,REG,13,2021-12-05,Sunday,13:00,IND,31,HOU,0,Home,-31,31,0,2021120504,58688,10160000-0586-88ff-f4fb-c89c4cfac9c2,202112050htx,19792,401326514,5775,7,7,-408,339,-10.0,-105,-106,45.5,-107,-104,1,closed,astroturf,,,00-0032950,00-0028118,Carson Wentz,Tyrod Taylor,Frank Reich,David Culley,Ron Torbert,HOU00,NRG Stadium
2021_14_SEA_HOU,2021,REG,14,2021-12-12,Sunday,13:00,SEA,33,HOU,13,Home,-20,46,0,2021121203,58701,10160000-0587-01e7-d178-357e89693ee9,202112120htx,19805,401326527,5792,7,7,-401,334,-10.0,104,-116,40.5,105,-117,0,open,astroturf,,,00-0029263,00-0036898,Russell Wilson,Davis Mills,Pete Carroll,David Culley,Adrian Hill,HOU00,NRG Stadium
2021_15_HOU_JAX,2021,REG,15,2021-12-19,Sunday,13:00,HOU,30,JAX,16,Home,-14,46,0,2021121905,58719,10160000-0587-193d-1559-ec51c1fddbdc,202112190jax,19824,401326545,5804,7,7,224,-257,6.0,-111,-101,40.0,-105,-106,1,outdoors,grass,80,12,00-0036898,00-0036971,Davis Mills,Trevor Lawrence,David Culley,Darrell Bevell,Alex Kemp,JAX00,TIAA Bank Stadium
2021_16_LAC_HOU,2021,REG,16,2021-12-26,Sunday,13:00,LAC,29,HOU,41,Home,12,70,0,2021122603,58733,10160000-0587-332c-f715-67810371c927,202112260htx,19847,401326559,5822,10,7,-661,500,-13.5,102,-114,46.0,-108,-103,0,closed,astroturf,,,00-0036355,00-0036898,Justin Herbert,Davis Mills,Brandon Staley,David Culley,Clay Martin,HOU00,NRG Stadium
2021_17_HOU_SF,2021,REG,17,2022-01-02,Sunday,16:05,HOU,7,SF,23,Home,16,30,0,2022010211,58754,10160000-0587-543f-c0e7-21b8cc45b1a7,202201020sfo,19859,401326580,5844,7,10,463,-602,14.0,-113,101,44.0,-102,-109,0,outdoors,grass,50,6,00-0036898,00-0037012,Davis Mills,Trey Lance,David Culley,Kyle Shanahan,Carl Cheffers,SFO01,Levi's Stadium
2021_18_TEN_HOU,2021,REG,18,2022-01-09,Sunday,13:00,TEN,28,HOU,25,Home,-3,53,0,2022010905,58764,10160000-0587-64f0-b77e-29790d01f80e,202201090htx,19869,401326590,5856,7,7,-575,410,-10.5,-105,-115,43.0,-110,-110,1,closed,astroturf,,,00-0029701,00-0036898,Ryan Tannehill,Davis Mills,Mike Vrabel,David Culley,Land Clark,HOU00,NRG Stadium
2022_01_IND_HOU,2022,REG,1,2022-09-11,Sunday,13:00,IND,20,HOU,20,Home,0,40,1,2022091105,58844,,202209110htx,,401437637,5885,7,7,-290,250,-7.0,-103,-107,46.0,-110,-102,1,closed,astroturf,,,00-0026143,00-0036898,Matt Ryan,Davis Mills,Frank Reich,Lovie Smith,Land Clark,HOU00,NRG Stadium
2022_02_HOU_DEN,2022,REG,2,2022-09-18,Sunday,16:25,HOU,9,DEN,16,Home,7,25,0,2022091810,58865,,202209180den,,401437641,5906,7,6,391,-481,10.5,-114,103,46.0,-110,-102,0,outdoors,grass,,,00-0036898,00-0029263,Davis Mills,Russell Wilson,Lovie Smith,Nathaniel Hackett,Carl Cheffers,DEN00,Empower Field at Mile High
2022_03_HOU_CHI,2022,REG,3,2022-09-25,Sunday,13:00,HOU,20,CHI,23,Home,3,43,0,2022092501,58872,,202209250chi,,401437737,5913,7,7,141,-156,3.0,-107,-103,40.0,-107,-105,0,outdoors,grass,,,00-0036898,00-0036945,Davis Mills,Justin Fields,Lovie Smith,Matt Eberflus,Clete Blakeman,CHI98,Soldier Field
2022_04_LAC_HOU,2022,REG,4,2022-10-02,Sunday,13:00,LAC,34,HOU,24,Home,-10,58,0,2022100206,58892,,202210020htx,,401437753,5933,7,7,-234,205,-5.5,-106,-104,45.0,102,-115,0,closed,astroturf,,,00-0036355,00-0036898,Justin Herbert,Davis Mills,Brandon Staley,Lovie Smith,Alex Kemp,HOU00,NRG Stadium
2022_05_HOU_JAX,2022,REG,5,2022-10-09,Sunday,13:00,HOU,13,JAX,6,Home,-7,19,0,2022100903,58906,,202210090jax,,401437765,5947,7,7,261,-304,7.0,-113,102,44.0,-112,-101,1,outdoors,grass,,,00-0036898,00-0036971,Davis Mills,Trevor Lawrence,Lovie Smith,Doug Pederson,Ron Torbert,JAX00,TIAA Bank Stadium
2022_07_HOU_LV,2022,REG,7,2022-10-23,Sunday,16:05,HOU,20,LV,38,Home,18,58,0,2022102308,58941,,202210230rai,,401437800,5982,14,13,278,-325,7.0,104,-115,46.0,-104,-108,0,dome,grass,,,00-0036898,00-0031280,Davis Mills,Derek Carr,Lovie Smith,Josh McDaniels,John Hussey,VEG00,Allegiant Stadium
2022_08_TEN_HOU,2022,REG,8,2022-10-30,Sunday,16:05,TEN,17,HOU,10,Home,-7,27,0,2022103004,58955,,202210300htx,,401437813,5996,7,7,-115,104,-1.0,-107,-103,39.0,-102,-110,1,closed,astroturf,,,00-0038128,00-0036898,Malik Willis,Davis Mills,Mike Vrabel,Lovie Smith,Clay Martin,HOU00,NRG Stadium
2022_09_PHI_HOU,2022,REG,9,2022-11-03,Thursday,20:15,PHI,29,HOU,17,Home,-12,46,0,2022110300,58961,,202211030htx,,401437819,6002,4,4,-702,539,-14.0,102,-113,45.5,-112,-101,0,closed,astroturf,,,00-0036389,00-0036898,Jalen Hurts,Davis Mills,Nick Sirianni,Lovie Smith,Craig Wrolstad,HOU00,NRG Stadium
2022_10_HOU_NYG,2022,REG,10,2022-11-13,Sunday,13:00,HOU,16,NYG,24,Home,8,40,0,2022111305,58980,,202211130nyg,,401437837,6021,10,14,195,-221,5.5,-112,102,41.5,-109,-103,0,outdoors,fieldturf,50,15,00-0036898,00-0035710,Davis Mills,Daniel Jones,Lovie Smith,Brian Daboll,Bill Vinovich,NYC01,MetLife Stadium
2022_11_WAS_HOU,2022,REG,11,2022-11-20,Sunday,13:00,WAS,23,HOU,10,Home,-13,33,0,2022112003,58992,,202211200htx,,401437848,6033,6,7,-150,135,-3.0,-100,-110,41.0,-106,-106,0,closed,astroturf,,,00-0031800,00-0036898,Taylor Heinicke,Davis Mills,Ron Rivera,Lovie Smith,Scott Novak,HOU00,NRG Stadium
2022_12_HOU_MIA,2022,REG,12,2022-11-27,Sunday,13:00,HOU,15,MIA,30,Home,15,45,0,2022112703,59008,,202211270mia,,401437863,6049,7,14,613,-822,14.0,-101,-109,47.0,-103,-109,0,outdoors,grass,84,13,00-0034577,00-0036212,Kyle Allen,Tua Tagovailoa,Lovie Smith,Mike McDaniel,Jerome Boger,MIA00,Hard Rock Stadium
2022_13_CLE_HOU,2022,REG,13,2022-12-04,Sunday,13:00,CLE,27,HOU,14,Home,-13,41,0,2022120404,59023,,202212040htx,,401437878,6064,7,7,-329,280,-7.5,-108,-102,47.0,-119,106,0,closed,astroturf,,,00-0033537,00-0034577,Deshaun Watson,Kyle Allen,Kevin Stefanski,Lovie Smith,Land Clark,HOU00,NRG Stadium
2022_14_HOU_DAL,2022,REG,14,2022-12-11,Sunday,13:00,HOU,23,DAL,27,Home,4,50,0,2022121102,59036,,202212110dal,,401437891,6077,7,7,918,-1365,17.0,104,-115,44.5,-108,-104,0,closed,matrixturf,,,00-0036898,00-0033077,Davis Mills,Dak Prescott,Lovie Smith,Mike McCarthy,John Hussey,DAL00,AT&T Stadium
2022_15_KC_HOU,2022,REG,15,2022-12-18,Sunday,13:00,KC,30,HOU,24,Home,-6,54,1,2022121802,59054,,202212180htx,,401437909,6095,7,7,-755,572,-14.5,109,-120,48.5,-109,-103,0,closed,astroturf,,,00-0033873,00-0036898,Patrick Mahomes,Davis Mills,Andy Reid,Lovie Smith,Carl Cheffers,HOU00,NRG Stadium
2022_16_HOU_TEN,2022,REG,16,2022-12-24,Saturday,14:00,HOU,19,TEN,14,Home,-5,33,0,2022122407,59070,,202212240oti,,401437925,6111,6,6,153,-170,3.0,103,-113,34.0,-111,-101,1,outdoors,grass,22,14,00-0036898,00-0038128,Davis Mills,Malik Willis,Lovie Smith,Mike Vrabel,Shawn Smith,NAS00,Nissan Stadium
2022_17_JAX_HOU,2022,REG,17,2023-01-01,Sunday,13:00,JAX,31,HOU,3,Home,-28,34,0,2023010103,59082,,202301010htx,,401437936,6123,10,8,-187,167,-3.5,-104,-106,43.0,102,-115,1,closed,astroturf,,,00-0036971,00-0036898,Trevor Lawrence,Davis Mills,Doug Pederson,Lovie Smith,Scott Novak,HOU00,NRG Stadium
2022_18_HOU_IND,2022,REG,18,2023-01-08,Sunday,13:00,HOU,32,IND,31,Home,-1,63,0,2023010805,59099,,202301080clt,,401437953,6140,7,7,128,-142,3.0,-119,108,38.0,-111,-101,1,closed,fieldturf,,,00-0036898,00-0036879,Davis Mills,Sam Ehlinger,Lovie Smith,Jeff Saturday,Jerome Boger,IND00,Lucas Oil Stadium
2023_01_HOU_BAL,2023,REG,1,2023-09-10,Sunday,13:00,HOU,9,BAL,25,Home,16,34,0,2023091001,59175,,202309100rav,,401547396,,7,7,380,-500,9.5,-110,-110,43.5,-110,-110,0,outdoors,"",,,00-0039163,00-0034796,C.J. Stroud,Lamar Jackson,DeMeco Ryans,John Harbaugh,Tra Blake,BAL00,M&T Bank Stadium
2023_02_IND_HOU,2023,REG,2,2023-09-17,Sunday,13:00,IND,31,HOU,20,Home,-11,51,0,2023091704,59194,,202309170htx,,401547419,,7,7,-110,-110,-1.0,-105,-115,40.0,-110,-110,1,open,"",,,00-0039164,00-0039163,Anthony Richardson,C.J. Stroud,Shane Steichen,DeMeco Ryans,Carl Cheffers,HOU00,NRG Stadium
2023_03_HOU_JAX,2023,REG,3,2023-09-24,Sunday,13:00,HOU,37,JAX,17,Home,-20,54,0,2023092404,59210,,202309240jax,,401547435,,7,7,300,-380,7.5,-110,-110,43.5,-110,-110,1,outdoors,grass,84,6,00-0039163,00-0036971,C.J. Stroud,Trevor Lawrence,DeMeco Ryans,Doug Pederson,Scott Novak,JAX00,TIAA Bank Stadium
2023_04_PIT_HOU,2023,REG,4,2023-10-01,Sunday,13:00,PIT,6,HOU,30,Home,24,36,0,2023100105,59227,,202310010htx,,401547446,,7,7,-162,136,-3.0,-110,-110,41.5,-110,-110,0,open,astroturf,,,00-0038102,00-0039163,Kenny Pickett,C.J. Stroud,Mike Tomlin,DeMeco Ryans,Bill Vinovich,HOU00,NRG Stadium
2023_05_HOU_ATL,2023,REG,5,2023-10-08,Sunday,13:00,HOU,19,ATL,21,Home,2,40,0,2023100801,59239,,202310080atl,,401547463,,7,7,120,-142,2.5,-110,-110,42.0,-110,-110,0,open,fieldturf,,,00-0039163,00-0038122,C.J. Stroud,Desmond Ridder,DeMeco Ryans,Arthur Smith,Shawn Hochuli,ATL97,Mercedes-Benz Stadium
2023_06_NO_HOU,2023,REG,6,2023-10-15,Sunday,13:00,NO,13,HOU,20,Home,7,33,0,2023101505,59257,,202310150htx,,401547477,,7,7,-130,110,-2.0,-110,-110,42.5,-112,-108,0,closed,astroturf,,,00-0031280,00-0039163,Derek Carr,C.J. Stroud,Dennis Allen,DeMeco Ryans,Alan Eck,HOU00,NRG Stadium
2023_08_HOU_CAR,2023,REG,8,2023-10-29,Sunday,13:00,HOU,13,CAR,15,Home,2,28,0,2023102900,59280,,202310290car,,401547504,,14,14,-162,136,-3.0,-118,-102,43.0,-110,-110,0,outdoors,grass,77,14,00-0039163,00-0039150,C.J. Stroud,Bryce Young,DeMeco Ryans,Frank Reich,John Hussey,CAR00,Bank of America Stadium
2023_09_TB_HOU,2023,REG,9,2023-11-05,Sunday,13:00,TB,37,HOU,39,Home,2,76,0,2023110505,59301,,202311050htx,,401547515,,10,7,124,-148,2.5,100,-120,39.5,-110,-110,0,closed,astroturf,,,00-0034855,00-0039163,Baker Mayfield,C.J. Stroud,Todd Bowles,DeMeco Ryans,Land Clark,HOU00,NRG Stadium
2023_10_HOU_CIN,2023,REG,10,2023-11-12,Sunday,13:00,HOU,30,CIN,27,Home,-3,57,0,2023111202,59312,,202311120cin,,401547526,,7,7,205,-250,5.5,-110,-110,46.0,-110,-110,0,outdoors,fieldturf,56,6,00-0039163,00-0036442,C.J. Stroud,Joe Burrow,DeMeco Ryans,Zac Taylor,Carl Cheffers,CIN00,Paycor Stadium
2023_11_ARI_HOU,2023,REG,11,2023-11-19,Sunday,13:00,ARI,16,HOU,21,Home,5,37,0,2023111904,59328,,202311190htx,,401547540,,7,7,205,-250,5.5,-108,-112,48.0,-110,-110,0,closed,astroturf,,,00-0035228,00-0039163,Kyler Murray,C.J. Stroud,Jonathan Gannon,DeMeco Ryans,Alex Kemp,HOU00,NRG Stadium
2023_12_JAX_HOU,2023,REG,12,2023-11-26,Sunday,13:00,JAX,24,HOU,21,Home,-3,45,0,2023112602,59343,,202311260htx,,401547555,,7,7,-115,-105,-1.0,-110,-110,48.0,-108,-112,1,closed,astroturf,,,00-0036971,00-0039163,Trevor Lawrence,C.J. Stroud,Doug Pederson,DeMeco Ryans,Clay Martin,HOU00,NRG Stadium
2023_13_DEN_HOU,2023,REG,13,2023-12-03,Sunday,13:00,DEN,17,HOU,22,Home,5,39,0,2023120307,59361,,202312030htx,,401547571,,7,7,142,-170,3.5,-122,102,47.5,-110,-110,0,closed,astroturf,,,00-0029263,00-0039163,Russell Wilson,C.J. Stroud,Sean Payton,DeMeco Ryans,Shawn Smith,HOU00,NRG Stadium
2023_14_HOU_NYJ,2023,REG,14,2023-12-10,Sunday,13:00,HOU,6,NYJ,30,Home,24,36,0,2023121006,59373,,202312100nyj,,401547582,,7,7,-175,145,-3.5,-108,-112,33.5,-110,-110,0,outdoors,fieldturf,58,7,00-0039163,00-0037013,C.J. Stroud,Zach Wilson,DeMeco Ryans,Robert Saleh,Brad Allen,NYC01,MetLife Stadium
2023_15_HOU_TEN,2023,REG,15,2023-12-17,Sunday,13:00,HOU,19,TEN,16,Home,-3,35,1,2023121703,59390,,202312170oti,,401547595,,7,6,142,-170,3.0,100,-120,38.0,-108,-112,1,outdoors,grass,48,9,00-0028986,00-0039152,Case Keenum,Will Levis,DeMeco Ryans,Mike Vrabel,Clete Blakeman,NAS00,Nissan Stadium
2023_16_CLE_HOU,2023,REG,16,2023-12-24,Sunday,13:00,CLE,36,HOU,22,Home,-14,58,0,2023122404,59402,,202312240htx,,401547612,,7,7,-162,136,-3.0,-110,-110,40.0,-110,-110,0,closed,astroturf,,,00-0026158,00-0028986,Joe Flacco,Case Keenum,Kevin Stefanski,DeMeco Ryans,Tra Blake,HOU00,NRG Stadium
2023_17_TEN_HOU,2023,REG,17,2023-12-31,Sunday,13:00,TEN,3,HOU,26,Home,23,29,0,2023123104,59418,,202312310htx,,401547631,,7,7,190,-230,5.0,-105,-115,44.0,-108,-112,1,closed,astroturf,,,00-0039152,00-0039163,Will Levis,C.J. Stroud,Mike Vrabel,DeMeco Ryans,Scott Novak,HOU00,NRG Stadium
2023_18_HOU_IND,2023,REG,18,2024-01-06,Saturday,20:15,HOU,23,IND,19,Home,-4,42,0,2024010601,59435,,202401060clt,,401547644,,6,6,-125,105,-1.5,-110,-110,47.5,-108,-112,1,closed,fieldturf,,,00-0039163,00-0035289,C.J. Stroud,Gardner Minshew,DeMeco Ryans,Shane Steichen,Bill Vinovich,IND00,Lucas Oil Stadium
2023_19_CLE_HOU,2023,WC,19,2024-01-13,Saturday,16:30,CLE,14,HOU,45,Home,31,59,0,2024011300,59494,,202401130htx,,401547749,,6,7,-148,124,-2.5,-110,-110,45.0,-105,-115,0,closed,astroturf,,,00-0026158,00-0039163,Joe Flacco,C.J. Stroud,Kevin Stefanski,DeMeco Ryans,Clay Martin,HOU00,NRG Stadium
2023_20_HOU_BAL,2023,DIV,20,2024-01-20,Saturday,16:30,HOU,10,BAL,34,Home,24,44,0,2024012000,59500,,202401200rav,,401547755,,7,14,330,-425,10.0,-115,-105,44.0,-105,-115,0,outdoors,grass,27,16,00-0039163,00-0034796,C.J. Stroud,Lamar Jackson,DeMeco Ryans,John Harbaugh,John Hussey,BAL00,M&T Bank Stadium
2024_01_HOU_IND,2024,REG,1,2024-09-08,Sunday,13:00,HOU,29,IND,27,Home,-2,56,0,2024090804,59514,,202409080clt,,401671861,6455,7,7,-155,130,-3.0,-108,-112,49.0,-112,-108,1,closed,fieldturf,,,00-0039163,00-0039164,C.J. Stroud,Anthony Richardson,DeMeco Ryans,Shane Steichen,John Hussey,IND00,Lucas Oil Stadium
2024_02_CHI_HOU,2024,REG,2,2024-09-15,Sunday,20:20,CHI,13,HOU,19,Home,6,32,0,2024091513,59538,,202409150htx,,401671786,6479,7,7,210,-258,6.0,-108,-112,45.5,-105,-115,0,closed,astroturf,,,00-0039918,00-0039163,Caleb Williams,C.J. Stroud,Matt Eberflus,DeMeco Ryans,Land Clark,HOU00,NRG Stadium
2024_03_HOU_MIN,2024,REG,3,2024-09-22,Sunday,13:00,HOU,7,MIN,34,Home,27,41,0,2024092202,59543,,202409220min,,401671646,6484,7,7,-135,114,-2.0,-112,-108,46.0,-108,-112,0,dome,sportturf,,,00-0039163,00-0034869,C.J. Stroud,Sam Darnold,DeMeco Ryans,Kevin O'Connell,Shawn Hochuli,MIN01,U.S. Bank Stadium
2024_04_JAX_HOU,2024,REG,4,2024-09-29,Sunday,13:00,JAX,20,HOU,24,Home,4,44,0,2024092904,59561,,202409290htx,,401671857,6502,6,7,195,-238,5.5,-108,-112,44.5,-108,-112,1,closed,astroturf,,,00-0036971,00-0039163,Trevor Lawrence,C.J. Stroud,Doug Pederson,DeMeco Ryans,Tra Blake,HOU00,NRG Stadium
2024_05_BUF_HOU,2024,REG,5,2024-10-06,Sunday,13:00,BUF,20,HOU,23,Home,3,43,0,2024100603,59576,,202410060htx,,401671859,6517,7,7,-102,-118,1.0,-108,-112,48.0,-110,-110,0,closed,astroturf,,,00-0034857,00-0039163,Josh Allen,C.J. Stroud,Sean McDermott,DeMeco Ryans,Clay Martin,HOU00,NRG Stadium
2024_06_HOU_NE,2024,REG,6,2024-10-13,Sunday,13:00,HOU,41,NE,21,Home,-20,62,0,2024101303,59590,,202410130nwe,,401671619,6531,7,7,-265,215,-6.5,-108,-112,38.5,-112,-108,0,outdoors,fieldturf,53,5,00-0039163,00-0039851,C.J. Stroud,Drake Maye,DeMeco Ryans,Jerod Mayo,Ron Torbert,BOS00,Gillette Stadium
2024_07_HOU_GB,2024,REG,7,2024-10-20,Sunday,13:00,HOU,22,GB,24,Home,2,46,0,2024102004,59605,,202410200gnb,,401671644,6546,7,7,142,-170,3.0,100,-120,48.0,-108,-112,0,outdoors,grass,72,3,00-0039163,00-0036264,C.J. Stroud,Jordan Love,DeMeco Ryans,Matt LaFleur,Scott Novak,GNB00,Lambeau Field
2024_08_IND_HOU,2024,REG,8,2024-10-27,Sunday,13:00,IND,20,HOU,23,Home,3,43,0,2024102702,59618,,202410270htx,,401671856,6559,7,7,185,-225,5.0,-112,-108,45.0,-108,-112,1,closed,astroturf,,,00-0026158,00-0039163,Joe Flacco,C.J. Stroud,Shane Steichen,DeMeco Ryans,Brad Allen,HOU00,NRG Stadium
2024_09_HOU_NYJ,2024,REG,9,2024-10-31,Thursday,20:15,HOU,13,NYJ,21,Home,8,34,0,2024103100,59631,,202410310nyj,,401671809,6572,4,4,124,-148,2.5,100,-120,43.5,-105,-115,0,outdoors,fieldturf,71,8,00-0039163,00-0023459,C.J. Stroud,Aaron Rodgers,DeMeco Ryans,Robert Saleh,Shawn Hochuli,NYC01,MetLife Stadium
2024_10_DET_HOU,2024,REG,10,2024-11-10,Sunday,20:20,DET,26,HOU,23,Home,-3,49,0,2024111011,59658,,202411100htx,,401671787,6599,7,10,-230,190,-4.5,-110,-110,49.0,-110,-112,0,closed,astroturf,,,00-0033106,00-0039163,Jared Goff,C.J. Stroud,Dan Campbell,DeMeco Ryans,Bill Vinovich,HOU00,NRG Stadium
2024_11_HOU_DAL,2024,REG,11,2024-11-18,Monday,20:15,HOU,34,DAL,10,Home,-24,44,0,2024111800,59673,,202411180dal,,401671694,6614,8,8,-360,285,-7.5,100,-120,41.5,-105,-115,0,closed,matrixturf,,,00-0039163,00-0033662,C.J. Stroud,Cooper Rush,DeMeco Ryans,Mike McCarthy,Craig Wrolstad,DAL00,AT&T Stadium
2024_12_TEN_HOU,2024,REG,12,2024-11-24,Sunday,13:00,TEN,32,HOU,27,Home,-5,59,0,2024112402,59677,,202411240htx,,401671858,6618,7,6,295,-375,8.0,-112,-108,40.5,-112,-108,1,closed,astroturf,,,00-0034771,00-0039163,Mason Rudolph,C.J. Stroud,Brian Callahan,DeMeco Ryans,Brad Rogers,HOU00,NRG Stadium
2024_13_HOU_JAX,2024,REG,13,2024-12-01,Sunday,13:00,HOU,23,JAX,20,Home,-3,43,0,2024120102,59693,,202412010jax,,401671705,6634,7,14,-192,160,-3.5,-110,-110,44.5,-108,-112,1,outdoors,grass,,,00-0039163,00-0036971,C.J. Stroud,Trevor Lawrence,DeMeco Ryans,Doug Pederson,Land Clark,JAX00,TIAA Bank Stadium
2024_15_MIA_HOU,2024,REG,15,2024-12-15,Sunday,13:00,MIA,12,HOU,20,Home,8,32,0,2024121502,59719,,202412150htx,,401671860,6660,7,14,130,-155,2.5,-105,-115,46.5,-112,-108,0,closed,astroturf,,,00-0036212,00-0039163,Tua Tagovailoa,C.J. Stroud,Mike McDaniel,DeMeco Ryans,Alex Kemp,HOU00,NRG Stadium
2024_16_HOU_KC,2024,REG,16,2024-12-21,Saturday,13:00,HOU,19,KC,27,Home,8,46,0,2024122100,59733,,202412210kan,,401671780,6674,6,6,150,-180,3.5,-120,100,42.5,-108,-112,0,outdoors,grass,30,5,00-0039163,00-0033873,C.J. Stroud,Patrick Mahomes,DeMeco Ryans,Andy Reid,Carl Cheffers,KAN00,GEHA Field at Arrowhead Stadium
2024_17_BAL_HOU,2024,REG,17,2024-12-25,Wednesday,16:30,BAL,31,HOU,2,Home,-29,33,0,2024122501,59749,,202412250htx,,401671800,6690,4,4,-245,200,-5.5,-108,-112,46.5,-112,-108,0,closed,astroturf,,,00-0034796,00-0039163,Lamar Jackson,C.J. Stroud,John Harbaugh,DeMeco Ryans,Alan Eck,HOU00,NRG Stadium
2024_18_HOU_TEN,2024,REG,18,2025-01-05,Sunday,13:00,HOU,23,TEN,14,Home,-9,37,0,2025010515,59779,,202501050oti,,401671826,6720,11,7,120,-142,2.5,-108,-112,36.5,-108,-112,1,outdoors,grass,35,10,00-0036898,00-0034771,Davis Mills,Mason Rudolph,DeMeco Ryans,Brian Callahan,Brad Allen,NAS00,Nissan Stadium
2024_19_LAC_HOU,2024,WC,19,2025-01-11,Saturday,16:30,LAC,12,HOU,32,Home,20,44,0,2025011100,59829,,202501110htx,,401671878,,6,6,-162,136,-3.0,-105,-115,41.5,-108,-112,0,closed,astroturf,,,00-0036355,00-0039163,Justin Herbert,C.J. Stroud,Jim Harbaugh,DeMeco Ryans,Land Clark,HOU00,NRG Stadium
2024_20_HOU_KC,2024,DIV,20,2025-01-18,Saturday,16:30,HOU,14,KC,23,Home,9,37,0,2025011800,59835,,202501180kan,,401671884,,7,13,410,-550,9.5,-110,-110,41.5,-112,-108,0,outdoors,grass,23,17,00-0039163,00-0033873,C.J. Stroud,Patrick Mahomes,DeMeco Ryans,Andy Reid,Clay Martin,KAN00,GEHA Field at Arrowhead Stadium
2025_01_HOU_LA,2025,REG,1,2025-09-07,Sunday,16:25,HOU,9,LA,14,Home,5,23,0,2025090711,59856,,202509070ram,28431,401772723,6747,7,7,140,-166,3.5,-118,-102,43.5,-115,-105,0,dome,matrixturf,,,00-0039163,00-0026498,C.J. Stroud,Matthew Stafford,DeMeco Ryans,Sean McVay,Craig Wrolstad,LAX01,SoFi Stadium
2025_02_TB_HOU,2025,REG,2,2025-09-15,Monday,19:00,TB,20,HOU,19,Home,-1,39,0,2025091500,59873,,202509150htx,28448,401772715,6765,8,8,114,-135,2.5,-110,-110,42.5,-110,-110,0,closed,astroturf,,,00-0034855,00-0039163,Baker Mayfield,C.J. Stroud,Todd Bowles,DeMeco Ryans,Shawn Hochuli,HOU00,NRG Stadium
2025_03_HOU_JAX,2025,REG,3,2025-09-21,Sunday,13:00,HOU,10,JAX,17,Home,7,27,0,2025092102,59878,,202509210jax,28454,401772734,6769,6,7,105,-125,1.5,-108,-112,43.5,-115,-105,1,outdoors,grass,85,11,00-0039163,00-0036971,C.J. Stroud,Trevor Lawrence,DeMeco Ryans,Liam Coen,Alex Kemp,JAX00,TIAA Bank Stadium
2025_04_TEN_HOU,2025,REG,4,2025-09-28,Sunday,13:00,TEN,0,HOU,26,Home,26,26,0,2025092804,59896,,202509280htx,28471,401772738,6787,7,7,340,-440,7.5,-115,-105,39.5,-105,-115,1,closed,astroturf,,,00-0040676,00-0039163,Cam Ward,C.J. Stroud,Brian Callahan,DeMeco Ryans,Brad Rogers,HOU00,NRG Stadium
2025_05_HOU_BAL,2025,REG,5,2025-10-05,Sunday,13:00,HOU,44,BAL,10,Home,-34,54,0,2025100501,59909,,202510050rav,28484,401772743,6800,7,7,-148,124,-2.5,-118,-102,41.5,-115,-105,0,outdoors,grass,78,2,00-0039163,00-0033662,C.J. Stroud,Cooper Rush,DeMeco Ryans,John Harbaugh,Land Clark,BAL00,M&T Bank Stadium
2025_07_HOU_SEA,2025,REG,7,2025-10-20,Monday,22:00,HOU,19,SEA,27,Home,8,46,0,2025102001,59950,,202510200sea,28525,401772826,6840,15,8,140,-166,3.0,-110,-110,41.5,-110,-110,0,outdoors,fieldturf,56,5,00-0039163,00-0034869,C.J. Stroud,Sam Darnold,DeMeco Ryans,Mike Macdonald,Carl Cheffers,SEA00,Lumen Field
2025_08_SF_HOU,2025,REG,8,2025-10-26,Sunday,13:00,SF,15,HOU,26,Home,11,41,0,2025102604,59956,,202510260htx,28531,401772866,6847,7,6,130,-155,2.5,100,-120,41.5,-112,-108,0,closed,astroturf,,,00-0036972,00-0039163,Mac Jones,C.J. Stroud,Kyle Shanahan,DeMeco Ryans,Alan Eck,HOU00,NRG Stadium
2025_09_DEN_HOU,2025,REG,9,2025-11-02,Sunday,13:00,DEN,18,HOU,15,Home,-3,33,0,2025110203,59968,,202511020htx,28543,401772870,6859,7,7,105,-125,1.5,-110,-110,40.5,-105,-115,0,closed,astroturf,,,00-0039732,00-0039163,Bo Nix,C.J. Stroud,Sean Payton,DeMeco Ryans,Ron Torbert,HOU00,NRG Stadium
2025_10_JAX_HOU,2025,REG,10,2025-11-09,Sunday,13:00,JAX,29,HOU,36,Home,7,65,0,2025110903,59982,,202511090htx,28557,401772770,6873,7,7,-115,-105,-1.5,100,-120,37.5,-112,-108,1,closed,astroturf,,,00-0036971,00-0036898,Trevor Lawrence,Davis Mills,Liam Coen,DeMeco Ryans,Alex Moore,HOU00,NRG Stadium
2025_11_HOU_TEN,2025,REG,11,2025-11-16,Sunday,13:00,HOU,16,TEN,13,Home,-3,29,0,2025111607,60000,,202511160oti,28576,401772881,6891,7,14,-265,215,-5.5,-108,-112,37.5,-118,-102,1,outdoors,grass,64,8,00-0036898,00-0040676,Davis Mills,Cam Ward,DeMeco Ryans,Brian Callahan,Shawn Hochuli,NAS00,Nissan Stadium
2025_12_BUF_HOU,2025,REG,12,2025-11-20,Thursday,20:15,BUF,19,HOU,23,Home,4,42,0,2025112000,60007,,202511200htx,28582,401772946,6898,4,4,-258,210,-5.5,-108,-112,43.5,-105,-115,0,closed,astroturf,,,00-0034857,00-0036898,Josh Allen,Davis Mills,Sean McDermott,DeMeco Ryans,Adrian Hill,HOU00,NRG Stadium
2025_13_HOU_IND,2025,REG,13,2025-11-30,Sunday,13:00,HOU,20,IND,16,Home,-4,36,0,2025113002,60027,,202511300clt,28602,401772787,6918,10,7,142,-170,3.0,-105,-115,44.5,-112,-108,1,closed,fieldturf,,,00-0039163,00-0035710,C.J. Stroud,Daniel Jones,DeMeco Ryans,Shane Steichen,Clay Martin,IND00,Lucas Oil Stadium
2025_14_HOU_KC,2025,REG,14,2025-12-07,Sunday,20:20,HOU,20,KC,10,Home,-10,30,0,2025120711,60049,,202512070kan,28624,401772932,6940,7,10,180,-218,4.5,-115,-105,41.5,-110,-110,0,outdoors,grass,27,8,00-0039163,00-0033873,C.J. Stroud,Patrick Mahomes,DeMeco Ryans,Andy Reid,Alan Eck,KAN00,GEHA Field at Arrowhead Stadium
2025_15_ARI_HOU,2025,REG,15,2025-12-14,Sunday,13:00,ARI,20,HOU,40,Home,20,60,0,2025121402,60054,,202512140htx,28629,401772903,6945,7,7,455,-625,10.5,-110,-110,42.5,-112,-108,0,closed,astroturf,,,00-0033119,00-0039163,Jacoby Brissett,C.J. Stroud,Jonathan Gannon,DeMeco Ryans,Clete Blakeman,HOU00,NRG Stadium
2025_16_LV_HOU,2025,REG,16,2025-12-21,Sunday,16:25,LV,21,HOU,23,Home,2,44,0,2025122112,60080,,202512210htx,28655,401772805,6971,7,7,900,-1600,14.5,-115,-105,39.5,-110,-110,0,closed,astroturf,,,00-0030565,00-0039163,Geno Smith,C.J. Stroud,Pete Carroll,DeMeco Ryans,Scott Novak,HOU00,NRG Stadium
2025_17_HOU_LAC,2025,REG,17,2025-12-27,Saturday,16:30,HOU,20,LAC,16,Home,-4,36,0,2025122700,60089,,202512270sdg,28664,401772951,6982,6,6,-102,-118,1.5,-115,-105,40.5,-105,-115,0,dome,matrixturf,,,00-0039163,00-0036355,C.J. Stroud,Justin Herbert,DeMeco Ryans,Jim Harbaugh,Craig Wrolstad,LAX01,SoFi Stadium
2025_18_IND_HOU,2025,REG,18,2026-01-04,Sunday,13:00,IND,30,HOU,38,Home,8,68,0,2026010405,60104,,202601040htx,28678,401772962,6995,7,8,400,-535,9.5,-110,-110,37.5,-108,-112,1,closed,astroturf,,,00-0040206,00-0039163,Riley Leonard,C.J. Stroud,Shane Steichen,DeMeco Ryans,Land Clark,HOU00,NRG Stadium
2025_19_HOU_PIT,2025,WC,19,2026-01-12,Monday,20:00,HOU,30,PIT,6,Home,-24,36,0,2026011200,60169,,202601120pit,,401772976,7011,8,8,-155,130,-3.0,-105,-115,38.5,-115,-105,0,outdoors,grass,32,9,00-0039163,00-0023459,C.J. Stroud,Aaron Rodgers,DeMeco Ryans,Mike Tomlin,Craig Wrolstad,PIT00,Acrisure Stadium
2025_20_HOU_NE,2025,DIV,20,2026-01-18,Sunday,15:00,HOU,16,NE,28,Home,12,44,0,2026011801,60173,,202601180nwe,,401772983,,6,7,150,-180,3.0,102,-122,40.5,-105,-115,0,outdoors,fieldturf,35,2,00-0039163,00-0039851,C.J. Stroud,Drake Maye,DeMeco Ryans,Mike Vrabel,Shawn Smith,BOS00,Gillette Stadium
2026_01_BUF_HOU,2026,REG,1,2026-09-13,Sunday,13:00,BUF,,HOU,,Home,,,,2026091303,,,202609130htx,,,,7,7,-120,100,-1.5,-108,-112,44.5,-110,-110,0,,astroturf,,,,,,,Sean McDermott,DeMeco Ryans,,HOU00,Reliant Stadium
2026_02_CIN_HOU,2026,REG,2,2026-09-20,Sunday,13:00,CIN,,HOU,,Home,,,,2026092003,,,202609200htx,,,,7,7,114,-135,2.5,-110,-110,46.5,-110,-110,0,,astroturf,,,,,,,Zac Taylor,DeMeco Ryans,,HOU00,Reliant Stadium
2026_03_HOU_IND,2026,REG,3,2026-09-27,Sunday,13:00,HOU,,IND,,Home,,,,2026092703,,,202609270clt,,,,7,7,-125,105,-1.5,-110,-110,45.5,-110,-110,1,,fieldturf,,,,,,,DeMeco Ryans,Shane Steichen,,IND00,Lucas Oil Stadium
2026_04_DAL_HOU,2026,REG,4,2026-10-04,Sunday,13:00,DAL,,HOU,,Home,,,,2026100405,,,202610040htx,,,,7,7,,,,,,,,,0,,astroturf,,,,,,,Brian Schottenheimer,DeMeco Ryans,,HOU00,Reliant Stadium
2026_05_HOU_TEN,2026,REG,5,2026-10-11,Sunday,13:00,HOU,,TEN,,Home,,,,2026101106,,,202610110oti,,,,7,7,,,,,,,,,1,outdoors,grass,,,,,,,DeMeco Ryans,Robert Saleh,,NAS00,Nissan Stadium
2026_06_HOU_JAX,2026,REG,6,2026-10-18,Sunday,09:30,HOU,,JAX,,Neutral,,,,2026101800,,,202610180jax,,,,7,7,,,,,,,,,1,outdoors,grass,,,,,,,DeMeco Ryans,Liam Coen,,JAX00,Wembley Stadium
2026_07_NYG_HOU,2026,REG,7,2026-10-25,Sunday,13:00,NYG,,HOU,,Home,,,,2026102504,,,202610250htx,,,,7,7,,,,,,,,,0,,astroturf,,,,,,,John Harbaugh,DeMeco Ryans,,HOU00,Reliant Stadium
2026_09_HOU_LAC,2026,REG,9,2026-11-08,Sunday,16:05,HOU,,LAC,,Home,,,,2026110808,,,202611080sdg,,,,14,7,,,,,,,,,0,dome,matrixturf,,,,,,,DeMeco Ryans,Jim Harbaugh,,LAX01,SoFi Stadium
2026_10_HOU_CLE,2026,REG,10,2026-11-15,Sunday,13:00,HOU,,CLE,,Home,,,,2026111502,,,202611150cle,,,,7,7,,,,,,,,,0,outdoors,grass,,,,,,,DeMeco Ryans,Todd Monken,,CLE00,Huntington Bank Field
2026_11_IND_HOU,2026,REG,11,2026-11-19,Thursday,20:15,IND,,HOU,,Home,,,,2026111900,,,202611190htx,,,,4,4,,,,,,,,,1,,astroturf,,,,,,,Shane Steichen,DeMeco Ryans,,HOU00,Reliant Stadium
2026_12_BAL_HOU,2026,REG,12,2026-11-29,Sunday,13:00,BAL,,HOU,,Home,,,,2026112902,,,202611290htx,,,,7,10,,,,,,,,,0,,astroturf,,,,,,,Jesse Minter,DeMeco Ryans,,HOU00,Reliant Stadium
2026_13_HOU_PIT,2026,REG,13,2026-12-06,Sunday,20:20,HOU,,PIT,,Home,,,,2026120611,,,202612060pit,,,,7,9,,,,,,,,,0,outdoors,grass,,,,,,,DeMeco Ryans,Mike McCarthy,,PIT00,Acrisure Stadium
2026_14_HOU_WAS,2026,REG,14,2026-12-13,Sunday,13:00,HOU,,WAS,,Home,,,,2026121307,,,202612130was,,,,7,7,,,,,,,,,0,outdoors,grass,,,,,,,DeMeco Ryans,Dan Quinn,,WAS00,Northwest Stadium
2026_15_JAX_HOU,2026,REG,15,2026-12-20,Sunday,13:00,JAX,,HOU,,Home,,,,2026122002,,,202612200htx,,,,6,7,,,,,,,,,1,,astroturf,,,,,,,Liam Coen,DeMeco Ryans,,HOU00,Reliant Stadium
2026_16_HOU_PHI,2026,REG,16,2026-12-24,Thursday,20:15,HOU,,PHI,,Home,,,,2026122400,,,202612240phi,,,,4,5,,,,,,,,,0,outdoors,grass,,,,,,,DeMeco Ryans,Nick Sirianni,,PHI00,Lincoln Financial Field
2026_17_HOU_GB,2026,REG,17,2027-01-04,Monday,20:15,HOU,,GB,,Home,,,,2027010400,,,202701040gnb,,,,11,10,,,,,,,,,0,outdoors,grass,,,,,,,DeMeco Ryans,Matt LaFleur,,GNB00,Lambeau Field
2026_18_TEN_HOU,2026,REG,18,2027-01-10,Sunday,13:00,TEN,,HOU,,Home,,,,2027011007,,,202701100htx,,,,7,6,,,,,,,,,1,,astroturf,,,,,,,Robert Saleh,DeMeco Ryans,,HOU00,Reliant Stadium
