season,week,team,season_type,game_id,opponent_team,completions,attempts,passing_yards,passing_tds,passing_interceptions,sacks_suffered,sack_yards_lost,sack_fumbles,sack_fumbles_lost,passing_air_yards,passing_yards_after_catch,passing_first_downs,passing_epa,passing_cpoe,passing_2pt_conversions,passing_10,passing_16,passing_20,passing_40,carries,rushing_yards,rushing_tds,rushing_fumbles,rushing_fumbles_lost,rushing_first_downs,rushing_epa,rushing_2pt_conversions,rushing_10,rushing_12,rushing_20,rushing_40,receptions,targets,receiving_yards,receiving_tds,receiving_fumbles,receiving_fumbles_lost,receiving_air_yards,receiving_yards_after_catch,receiving_first_downs,receiving_epa,receiving_2pt_conversions,receiving_10,receiving_16,receiving_20,receiving_40,special_teams_tds,def_tackles_solo,def_tackles_with_assist,def_tackle_assists,def_tackles_for_loss,def_tackles_for_loss_yards,def_fumbles_forced,def_sacks,def_sack_yards,def_qb_hits,def_interceptions,def_interception_yards,def_pass_defended,def_tds,def_fumbles,def_safeties,misc_yards,fumble_recovery_own,fumble_recovery_yards_own,fumble_recovery_opp,fumble_recovery_yards_opp,fumble_recovery_tds,penalties,penalty_yards,timeouts,fumbles_forced_by_opp,fumbles_not_forced,fumbles_out_of_bounds,fumbles_total,fumbles_lost_total,punt_returns,punt_return_yards,kickoff_returns,kickoff_return_yards,fg_made,fg_att,fg_missed,fg_blocked,fg_long,fg_pct,fg_made_0_19,fg_made_20_29,fg_made_30_39,fg_made_40_49,fg_made_50_59,fg_made_60_,fg_missed_0_19,fg_missed_20_29,fg_missed_30_39,fg_missed_40_49,fg_missed_50_59,fg_missed_60_,fg_made_list,fg_missed_list,fg_blocked_list,fg_made_distance,fg_missed_distance,fg_blocked_distance,pat_made,pat_att,pat_missed,pat_blocked,pat_pct,gwfg_made,gwfg_att,gwfg_missed,gwfg_blocked,gwfg_distance,pt_att,pt_blocked,pt_long,pt_yards,pt_inside_20,pt_out_of_bounds,pt_downed,pt_touchback,pt_fair_caught,pt_returned,pt_return_yards,pt_return_tds,pt_net_yards
2002,1,HOU,REG,2002_01_DAL_HOU,DAL,10,22,145,2,1,6,-22,0,0,-7,145,5,-9.248628151432724,,0,4,3,2,1,35,87,0,1,0,3,-11.80008454399649,0,3,2,0,0,10,22,145,2,0,0,-7,0,5,-0.7595276818610728,0,4,3,2,1,0,51,1,1,4,20,2,3.0,19.0,3,1,0,12,0,0,1,0,1,-9,1,0,0,11,80,3,0,1,0,1,0,4,21,4,85,1,1,0,0,42,1.0,0,0,0,1,0,0,0,0,0,0,0,0,42,,,42,0,0,2,2,0,0,1.0,0,0,0,0,0,10,0,49,412,6,0,1,0,2,7,10,0,402
2002,2,HOU,REG,2002_02_HOU_SD,LAC,6,25,87,0,2,9,-58,1,1,26,87,4,-28.893126348266378,,0,4,2,2,0,25,89,0,0,0,3,-4.949468093558737,0,3,2,0,0,6,21,87,0,1,0,26,0,4,-9.494745884207077,0,4,2,2,0,0,46,10,10,5,27,0,2.0,20.0,1,1,34,4,0,0,0,0,0,0,0,0,0,12,73,3,2,0,1,2,1,5,79,4,61,1,1,0,0,45,1.0,0,0,0,1,0,0,0,0,0,0,0,0,45,,,45,0,0,0,0,0,0,,0,0,0,0,0,10,0,53,406,3,0,3,0,1,6,-2,0,408
2002,3,HOU,REG,2002_03_IND_HOU,IND,12,22,99,0,1,4,-21,1,1,15,99,1,-13.193300523066007,,0,5,0,0,0,30,126,0,0,0,7,-2.225938360323198,0,2,2,1,0,12,21,99,0,0,0,15,0,1,-7.548473842236724,0,5,0,0,0,0,47,6,12,7,31,2,3.0,21.0,3,0,0,3,0,0,0,0,0,0,2,1,0,9,67,4,1,0,0,1,1,2,16,6,121,1,2,1,0,24,0.5,0,1,0,0,0,0,0,0,0,0,1,0,24,54,,24,54,0,0,0,0,0,,0,0,0,0,0,7,0,45,281,0,0,0,0,3,4,64,0,217
2002,4,HOU,REG,2002_04_HOU_PHI,PHI,16,29,188,2,2,7,-37,1,0,46,188,8,-11.204414195898211,,0,8,4,3,0,24,91,0,1,1,3,-3.817686967784539,0,0,0,0,0,16,25,188,2,0,0,46,0,8,0.4051570436053544,0,8,4,3,0,0,49,1,23,3,9,3,3.0,27.0,3,1,7,11,0,0,0,0,1,0,2,8,0,11,83,3,2,0,0,2,1,2,15,7,173,1,1,0,0,48,1.0,0,0,0,1,0,0,0,0,0,0,0,0,48,,,48,0,0,2,2,0,0,1.0,0,0,0,0,0,7,0,50,298,1,0,0,0,2,5,20,0,278
2002,6,HOU,REG,2002_06_BUF_HOU,BUF,13,24,223,2,0,5,-26,0,0,0,223,9,0.36476834580300155,,0,8,5,3,1,29,141,1,1,0,6,1.4627256686799228,0,5,5,1,0,13,21,223,2,0,0,0,0,9,5.689232185038252,0,8,5,3,1,0,39,15,17,4,25,3,3.0,24.0,1,0,0,8,0,0,0,0,1,-2,1,2,0,11,75,6,0,1,0,1,0,2,12,5,108,1,1,0,0,26,1.0,0,1,0,0,0,0,0,0,0,0,0,0,26,,,26,0,0,3,3,0,0,1.0,0,0,0,0,0,5,0,53,233,1,0,0,1,2,2,9,0,204
2002,7,HOU,REG,2002_07_HOU_CLE,CLE,23,37,306,2,0,8,-41,1,1,0,306,12,5.8634450226865,,0,10,8,7,0,22,89,0,0,0,4,-6.1365123797342225,0,4,4,1,0,23,36,306,2,0,0,0,0,12,21.797946557421817,0,10,8,7,0,0,33,17,17,1,7,0,1.0,7.0,1,0,0,6,0,2,0,0,1,0,0,0,0,6,54,6,2,1,0,3,2,4,14,7,99,1,2,1,0,47,0.5,0,0,0,1,0,0,0,0,0,1,0,0,47,40,,47,40,0,2,2,0,0,1.0,0,0,0,0,0,7,0,48,272,1,0,1,1,2,3,17,0,235
2002,8,HOU,REG,2002_08_HOU_JAX,JAX,27,52,386,2,0,9,-61,0,0,0,386,16,9.554646210912352,,1,17,10,7,1,63,207,2,2,1,10,-10.602619869687235,0,5,3,1,0,27,50,386,2,0,0,0,0,16,13.639792225956654,1,17,10,7,1,0,110,0,6,14,72,0,9.0,61.0,9,0,0,7,3,0,1,0,1,-2,1,0,0,14,110,8,0,2,0,2,1,9,131,10,213,3,6,3,0,45,0.5,0,0,1,2,0,0,0,0,1,1,1,0,43;34;45,50;45;35,,122,130,0,3,3,0,0,1.0,0,0,0,0,0,14,1,54,616,3,0,1,2,2,9,131,0,445
2002,9,HOU,REG,2002_09_CIN_HOU,CIN,18,32,199,0,2,2,-13,0,0,17,199,13,-16.628344774274794,,0,10,4,2,0,25,82,0,0,0,3,-5.3137230853317305,0,1,0,0,0,18,30,199,0,0,0,17,0,13,-11.725880558863919,0,10,4,2,0,0,32,20,30,0,0,0,0.0,0.0,0,0,0,4,0,0,0,0,0,0,0,0,0,8,60,3,0,0,0,0,0,2,40,7,130,1,3,1,1,23,0.3333333333333333,0,1,0,0,0,0,0,0,0,0,1,0,23,53,46,23,53,46,0,0,0,0,,0,0,0,0,0,4,0,55,185,2,0,1,0,1,2,13,0,172
2002,10,HOU,REG,2002_10_HOU_TEN,TEN,19,34,182,1,2,4,-17,1,0,20,182,10,-6.917834581010667,,0,9,2,2,0,24,68,0,1,1,2,-12.608339833794162,0,2,2,0,0,19,31,182,1,0,0,20,0,10,3.515068303426104,0,9,2,2,0,0,40,8,14,4,8,0,0.0,0.0,0,2,12,7,0,0,0,0,2,-1,0,0,0,5,47,3,1,2,0,3,1,3,15,3,65,1,1,0,0,51,1.0,0,0,0,0,1,0,0,0,0,0,0,0,51,,,51,0,0,1,1,0,0,1.0,0,0,0,0,0,5,0,47,197,3,0,0,0,4,1,4,0,193
2002,11,HOU,REG,2002_11_JAX_HOU,JAX,22,30,228,1,1,4,-34,0,0,8,228,10,-6.169049070507754,,0,10,4,2,1,28,78,2,1,0,6,1.5885879454144742,0,2,1,0,0,22,30,228,1,0,0,8,0,10,-4.28565194492694,0,10,4,2,1,0,37,14,14,6,29,0,5.0,25.0,5,1,0,7,0,1,0,0,1,0,0,0,0,5,40,4,0,2,0,2,1,2,1,5,92,0,0,0,0,,,0,0,0,0,0,0,0,0,0,0,0,0,,,,0,0,0,3,3,0,0,1.0,0,0,0,0,0,6,0,44,208,3,0,1,0,3,2,12,0,196
2002,12,HOU,REG,2002_12_NYG_HOU,NYG,10,23,103,0,0,5,-14,0,0,0,103,4,-5.695538753993805,,1,3,2,1,1,35,123,1,2,1,6,-8.992468974088142,0,4,3,1,0,10,23,103,0,0,0,0,0,4,-2.810049881170034,1,3,2,1,1,0,39,13,13,3,15,1,2.0,13.0,2,2,0,16,0,0,1,0,1,0,1,0,0,8,68,5,1,1,0,2,1,3,43,4,85,2,2,0,0,50,1.0,0,0,0,1,1,0,0,0,0,0,0,0,40;50,,,90,0,0,0,0,0,0,,0,0,0,0,0,9,0,49,348,3,0,3,0,2,4,25,0,323
2002,13,HOU,REG,2002_13_HOU_IND,IND,20,35,137,0,0,6,-37,1,0,0,137,7,-13.519218946519672,,0,6,2,0,0,20,65,0,1,1,2,-11.295466501556803,0,2,1,0,0,20,35,137,0,0,0,0,0,7,-6.895407888048794,0,6,2,0,0,0,38,12,12,3,8,0,0.0,0.0,0,0,0,1,0,0,0,0,1,0,1,0,0,14,92,4,2,1,0,3,2,4,15,5,109,1,1,0,0,34,1.0,0,0,1,0,0,0,0,0,0,0,0,0,34,,,34,0,0,0,0,0,0,,0,0,0,0,0,11,0,52,435,3,0,1,1,3,6,-1,0,416
2002,14,HOU,REG,2002_14_HOU_PIT,PIT,3,10,33,0,0,4,-23,1,0,0,33,1,-9.74328752164729,,0,1,0,0,0,26,37,0,1,0,1,-11.659465121784507,0,1,0,0,0,3,10,33,0,0,0,0,0,1,-2.9937335099093616,0,1,0,0,0,0,53,16,28,8,28,0,6.0,32.0,7,2,135,7,2,1,0,0,2,-1,3,40,1,1,18,2,1,2,0,3,1,4,18,3,65,1,1,0,0,43,1.0,0,0,0,1,0,0,0,0,0,0,0,0,43,,,43,0,0,3,3,0,0,1.0,0,0,0,0,0,10,0,62,421,1,0,0,1,2,6,40,0,361
2002,15,HOU,REG,2002_15_BAL_HOU,BAL,19,34,196,0,2,2,-14,1,0,23,196,10,-3.452494310746175,,0,9,3,2,0,24,95,1,2,0,5,-1.3992173451988492,0,1,1,0,0,19,33,196,0,0,0,23,0,10,0.3122978604443176,0,9,3,2,0,1,38,9,13,5,19,0,0.0,0.0,0,0,0,5,0,1,1,0,4,-2,0,0,0,9,58,6,2,2,0,4,0,3,92,6,114,1,1,0,0,41,1.0,0,0,0,1,0,0,0,0,0,0,0,0,41,,,41,0,0,2,2,0,0,1.0,0,0,0,0,0,6,0,50,247,4,0,2,0,3,1,28,0,219
2002,16,HOU,REG,2002_16_HOU_WAS,WAS,12,31,112,0,1,3,-13,0,0,14,112,6,-15.009886081184959,,0,5,2,0,0,24,67,0,3,1,3,-10.080722883585594,0,1,0,0,0,12,26,112,0,0,0,14,0,6,-6.842675143008819,0,5,2,0,0,1,48,10,26,2,5,0,0.0,0.0,0,0,0,6,0,0,0,0,2,-11,0,0,0,10,83,6,2,2,0,4,2,4,37,4,81,1,1,0,0,46,1.0,0,0,0,1,0,0,0,0,0,0,0,0,46,,,46,0,0,1,1,0,0,1.0,0,0,0,0,0,6,0,53,281,1,1,1,1,0,3,3,0,258
2002,17,HOU,REG,2002_17_TEN_HOU,TEN,21,41,214,0,1,3,-18,0,0,49,214,12,-2.6373537934579776,,0,8,5,2,0,22,28,0,1,0,2,-10.20488969216897,0,0,0,0,0,21,38,214,0,0,0,49,0,12,3.204330055463297,0,8,5,2,0,0,39,7,9,4,14,0,2.0,11.0,2,0,0,8,0,0,0,0,1,0,0,0,0,7,53,4,0,1,0,1,0,4,32,3,60,1,3,1,1,42,0.3333333333333333,0,0,0,1,0,0,0,0,0,0,1,0,42,50,19,42,50,19,0,0,0,0,,0,0,0,0,0,5,1,51,233,2,0,0,1,2,2,17,0,196
2003,1,HOU,REG,2003_01_HOU_MIA,MIA,17,32,266,1,0,0,0,0,0,0,266,9,10.13721557567273,,0,7,5,4,1,34,127,0,0,0,6,-5.819891422776482,0,6,5,0,0,17,0,266,1,0,0,0,0,9,22.324205109598225,0,7,5,4,1,0,34,0,20,0,0,1,2.0,12.0,0,2,3,6,0,0,0,0,0,0,1,0,0,8,67,7,0,0,0,0,0,4,12,3,54,5,7,2,0,50,0.7142857142857143,0,2,2,0,1,0,0,0,0,1,1,0,36;50;23;24;35,43;54,,168,97,0,0,0,0,0,,1,1,0,0,35,5,0,49,214,1,0,1,0,2,2,4,0,210
2003,2,HOU,REG,2003_02_HOU_NO,NO,17,36,213,0,2,5,-30,0,0,0,213,10,-17.73812496487517,,0,11,5,2,0,24,75,1,0,0,3,0.651443581996062,0,1,0,0,0,17,0,213,0,0,0,0,0,10,13.422638325486332,0,11,5,2,0,0,39,11,11,0,0,0,2.0,7.0,0,0,0,4,0,0,0,0,0,0,0,0,0,11,86,4,0,0,0,0,0,5,32,5,149,1,1,0,0,30,1.0,0,0,1,0,0,0,0,0,0,0,0,0,30,,,30,0,0,1,1,0,0,1.0,0,0,0,0,0,8,0,51,314,1,0,2,0,2,4,15,0,299
2003,3,HOU,REG,2003_03_KC_HOU,KC,24,38,218,2,2,1,-9,0,0,0,218,12,-2.6841027265472803,,0,8,2,1,1,26,107,0,1,1,6,-5.525482334982371,0,5,3,0,0,24,0,218,2,1,1,0,0,12,14.952965114352992,0,8,2,1,1,0,41,9,11,0,0,0,1.0,4.0,0,2,-6,8,0,0,0,0,0,0,0,0,0,10,74,3,2,0,0,2,2,3,9,7,164,0,0,0,0,,,0,0,0,0,0,0,0,0,0,0,0,0,,,,0,0,0,2,2,0,0,1.0,0,0,0,0,0,6,0,47,259,4,0,0,0,5,1,73,1,186
2003,4,HOU,REG,2003_04_JAX_HOU,JAX,23,37,234,1,2,1,-5,1,0,0,234,12,1.4023321630547092,,0,7,5,2,0,37,110,2,2,1,7,-7.333586828808038,0,1,0,0,0,23,0,234,1,1,1,0,0,12,18.001074425468687,0,7,5,2,0,0,31,10,18,0,0,3,0.0,0.0,0,3,-46,12,0,0,0,0,2,0,2,0,0,4,43,6,2,2,0,4,2,2,49,5,141,1,2,1,0,48,0.5,0,0,0,1,0,0,0,0,0,0,1,0,48,50,,48,50,0,3,3,0,0,1.0,0,0,0,0,0,4,0,47,139,2,0,2,0,1,1,1,0,138
2003,6,HOU,REG,2003_06_HOU_TEN,TEN,25,42,371,2,3,1,-4,0,0,0,371,15,-2.815519583371516,,0,13,9,5,1,16,91,0,0,0,6,3.6818760709720664,0,4,3,1,0,25,0,371,2,0,0,0,0,15,26.798465706815477,0,13,9,5,1,0,34,12,18,0,0,0,1.0,0.0,0,0,0,3,0,0,0,0,0,0,1,0,0,6,50,3,0,0,0,0,0,1,4,7,105,1,1,0,0,29,1.0,0,1,0,0,0,0,0,0,0,0,0,0,29,,,29,0,0,2,2,0,0,1.0,0,0,0,0,0,6,0,47,239,3,0,3,0,2,1,0,0,239
2003,7,HOU,REG,2003_07_NYJ_HOU,NYJ,15,23,170,0,0,2,-14,0,0,0,170,7,0.020513371797278523,,0,6,2,2,0,36,169,2,0,0,10,-0.047716798493638635,0,7,4,0,0,15,0,170,0,0,0,0,0,7,13.281847909616772,0,6,2,2,0,0,35,9,15,0,0,0,2.0,22.0,0,0,0,8,0,0,0,0,0,0,0,0,0,8,50,6,0,0,0,0,0,1,8,5,134,0,0,0,0,,,0,0,0,0,0,0,0,0,0,0,0,0,,,,0,0,0,2,2,0,0,1.0,0,0,0,0,0,7,0,51,247,4,0,0,1,3,3,45,0,182
2003,8,HOU,REG,2003_08_HOU_IND,IND,20,26,150,1,1,2,-11,0,0,0,150,8,1.3364110353286378,,0,6,3,2,0,28,131,2,1,1,9,3.841263699956471,0,6,6,1,0,20,0,150,1,0,0,0,0,8,8.078666441957466,0,6,3,2,0,0,37,15,15,0,0,0,0.0,0.0,0,0,0,1,0,0,0,0,0,0,1,0,0,7,52,6,1,0,0,1,1,2,11,7,128,0,0,0,0,,,0,0,0,0,0,0,0,0,0,0,0,0,,,,0,0,0,3,3,0,0,1.0,0,0,0,0,0,5,0,49,205,3,0,0,0,4,1,0,0,205
2003,9,HOU,REG,2003_09_CAR_HOU,CAR,13,19,154,1,0,2,-5,0,0,0,154,8,8.59650823046104,,0,8,4,3,0,30,118,1,0,0,5,1.1437351530767046,0,5,4,1,0,13,0,154,1,0,0,0,0,8,14.902244724915363,0,8,4,3,0,0,33,15,17,0,0,0,0.0,0.0,0,1,0,6,0,0,0,0,0,0,0,0,0,7,55,3,0,0,0,0,0,0,0,3,58,0,0,0,0,,,0,0,0,0,0,0,0,0,0,0,0,0,,,,0,0,0,2,2,0,0,1.0,0,0,0,0,0,3,0,55,144,3,0,1,0,1,1,7,0,137
2003,10,HOU,REG,2003_10_HOU_CIN,CIN,11,25,146,2,1,2,-17,0,0,0,146,5,-1.747604900614801,,0,4,2,1,1,19,140,1,0,0,6,8.718476497509982,0,5,3,1,1,11,0,146,2,0,0,0,0,5,14.59458369197091,0,4,2,1,1,0,65,0,26,0,0,0,0.0,0.0,0,1,0,2,0,0,0,0,0,0,0,0,0,6,58,5,0,0,0,0,0,2,3,7,186,2,2,0,0,45,1.0,0,0,1,1,0,0,0,0,0,0,0,0,45;33,,,78,0,0,3,3,0,0,1.0,0,0,0,0,0,4,0,49,141,1,0,1,0,1,2,0,0,141
2003,11,HOU,REG,2003_11_HOU_BUF,BUF,13,20,219,1,1,4,-8,1,0,0,219,7,3.8093819908235833,,0,7,5,3,2,28,34,0,1,0,3,-10.849423047053161,0,1,1,0,0,13,0,219,1,0,0,0,0,7,16.620196297415532,0,7,5,3,2,0,36,14,22,0,0,2,4.0,31.0,0,0,0,4,0,0,0,0,1,-1,1,-1,0,11,65,4,1,1,1,2,0,4,22,3,32,2,2,0,0,41,1.0,0,0,1,1,0,0,0,0,0,0,0,0,41;34,,,75,0,0,0,0,0,0,,0,0,0,0,0,5,0,43,191,3,0,2,0,1,2,10,0,181
2003,12,HOU,REG,2003_12_NE_HOU,NE,10,25,93,2,1,3,-13,0,0,0,93,7,-10.549298062871173,,0,6,1,0,0,30,89,0,0,0,3,-6.138147252301499,0,2,2,0,0,10,0,93,2,0,0,0,0,7,13.18657479644753,0,6,1,0,0,0,55,25,35,0,0,1,4.0,24.0,0,2,34,13,0,1,0,0,0,0,1,33,0,6,45,5,1,0,0,1,1,1,0,5,115,2,2,0,0,31,1.0,1,0,1,0,0,0,0,0,0,0,0,0,19;31,,,50,0,0,2,2,0,0,1.0,0,0,0,0,0,8,0,50,312,4,0,1,0,3,4,42,0,270
2003,13,HOU,REG,2003_13_ATL_HOU,ATL,10,19,125,0,1,4,-24,1,0,0,125,6,-7.215359890183781,,0,7,2,2,0,31,135,2,0,0,8,1.28456980350893,0,3,3,1,0,10,0,125,0,1,0,0,0,6,8.135057798240464,0,7,2,2,0,0,38,13,13,0,0,1,1.0,2.0,0,1,22,12,0,0,0,0,2,0,0,0,0,5,53,4,2,0,0,2,0,3,45,3,72,1,2,1,0,40,0.5,0,0,0,1,0,0,0,0,0,0,1,0,40,52,,40,52,0,2,2,0,0,1.0,0,0,0,0,0,5,0,58,236,1,0,0,1,1,3,48,0,168
2003,14,HOU,REG,2003_14_HOU_JAX,JAX,11,23,71,0,1,3,-17,1,0,0,71,4,-14.315169138426427,,0,3,0,0,0,23,70,0,1,1,2,-6.243906950519886,0,2,2,0,0,11,0,71,0,1,1,0,0,4,0.5267137975315563,0,3,0,0,0,0,61,1,5,0,0,0,1.0,12.0,0,0,0,1,0,0,0,0,1,0,0,0,0,10,86,4,3,0,0,3,2,3,3,6,88,0,0,0,0,,,0,0,0,0,0,0,0,0,0,0,0,0,,,,0,0,0,0,0,0,0,,0,0,0,0,0,10,0,52,419,2,0,0,1,3,6,55,0,344
2003,15,HOU,REG,2003_15_HOU_TB,TB,9,17,64,0,0,5,-22,1,0,0,64,3,-7.092034098188435,,0,3,1,1,0,19,65,0,1,0,3,-2.0888214655569755,0,2,2,0,0,9,0,64,0,0,0,0,0,3,5.870438075973652,0,3,1,1,0,0,46,16,20,0,0,1,0.0,0.0,0,0,0,5,0,0,0,0,2,0,0,0,0,9,62,5,1,1,0,2,0,2,24,5,99,1,1,0,0,38,1.0,0,0,1,0,0,0,0,0,0,0,0,0,38,,,38,0,0,0,0,0,0,,0,0,0,0,0,7,0,53,304,0,0,0,0,2,5,36,0,268
2003,16,HOU,REG,2003_16_TEN_HOU,TEN,17,34,242,1,2,1,-7,0,0,0,242,9,-1.3176047260692676,,0,9,5,4,1,18,91,1,1,1,4,-7.095023120811675,0,3,2,0,0,17,0,242,1,0,0,0,0,9,15.139081958035812,0,9,5,4,1,0,34,22,26,0,0,0,0.0,0.0,0,1,95,10,1,0,0,0,0,0,0,0,0,7,75,2,1,0,0,1,1,4,16,5,97,1,1,0,0,49,1.0,0,0,0,1,0,0,0,0,0,0,0,0,49,,,49,0,0,3,3,0,0,1.0,0,0,0,0,0,7,0,57,332,3,0,0,0,4,3,40,0,292
2003,17,HOU,REG,2003_17_IND_HOU,IND,13,23,105,0,1,0,0,0,0,0,105,5,-9.356739865624654,,0,5,1,0,0,22,99,2,0,0,5,2.557278780208435,0,4,3,1,0,13,0,105,0,0,0,0,0,5,4.681492531555705,0,5,1,0,0,0,56,17,17,0,0,2,1.0,9.0,0,1,41,13,0,0,0,0,0,0,1,0,0,6,40,2,0,0,0,0,0,3,28,4,78,1,1,0,0,36,1.0,0,0,1,0,0,0,0,0,0,0,0,0,36,,,36,0,0,2,2,0,0,1.0,0,0,0,0,0,7,0,53,332,1,1,0,0,2,4,31,0,301
2004,1,HOU,REG,2004_01_SD_HOU,LAC,19,25,229,0,2,2,-3,0,0,0,229,14,7.08881909396525,,0,9,4,2,0,29,110,2,1,1,4,-6.334867770958226,0,1,0,0,0,19,0,229,0,1,1,0,0,14,14.974664179782849,0,9,4,2,0,0,38,12,18,0,0,0,1.0,7.0,0,0,0,4,0,0,0,0,0,0,0,0,0,6,83,6,2,0,0,2,2,2,25,6,154,2,2,0,0,37,1.0,0,1,1,0,0,0,0,0,0,0,0,0,37;20,,,57,0,0,2,2,0,0,1.0,0,0,0,0,0,2,0,53,92,1,0,0,0,1,1,13,0,79
2004,2,HOU,REG,2004_02_HOU_DET,DET,23,34,313,2,1,5,-39,1,0,0,313,12,10.232569397040566,,0,12,6,5,1,32,112,0,2,1,8,-6.1132562958518974,0,2,0,0,0,23,0,313,2,1,1,0,0,12,20.28606776586726,0,12,6,5,1,0,36,2,12,0,0,0,2.0,4.0,0,1,23,3,0,0,0,0,2,-1,0,0,0,9,74,4,3,1,0,4,2,3,15,4,54,1,1,0,0,34,1.0,0,0,1,0,0,0,0,0,0,0,0,0,34,,,34,0,0,1,1,0,0,1.0,0,0,0,0,0,2,0,48,84,2,0,0,0,2,0,0,0,84
2004,3,HOU,REG,2004_03_HOU_KC,KC,13,25,233,1,1,3,-13,0,0,0,233,10,3.795825221692212,,0,9,5,5,1,26,76,0,1,0,4,-3.593832481610816,1,2,2,0,0,13,0,233,1,1,0,0,0,10,17.540798355883453,0,9,5,5,1,0,47,13,13,0,0,0,3.0,28.0,0,1,102,3,1,0,0,0,1,-3,0,0,0,7,60,6,1,1,1,2,0,2,31,4,102,3,3,0,0,49,1.0,0,1,0,2,0,0,0,0,0,0,0,0,28;49;49,,,126,0,0,1,1,0,0,1.0,1,1,0,0,49,4,0,40,152,0,0,0,0,3,1,11,0,141
2004,4,HOU,REG,2004_04_OAK_HOU,LV,14,24,228,1,0,1,-4,0,0,0,228,10,8.523802312828147,,0,10,6,5,0,40,162,1,2,1,9,-9.935585940073981,0,5,3,0,0,14,0,228,1,0,0,0,0,10,18.941866969078546,0,10,6,5,0,0,36,10,16,0,0,1,1.0,13.0,0,3,86,15,0,0,0,0,1,-1,2,19,1,4,25,4,1,1,0,2,1,3,41,4,77,3,4,1,0,46,0.75,0,1,0,2,0,0,0,0,0,0,1,0,46;21;44,57,,111,57,0,3,3,0,0,1.0,0,0,0,0,0,3,0,45,119,1,1,0,0,0,2,11,0,108
2004,5,HOU,REG,2004_05_MIN_HOU,MIN,27,43,372,3,0,4,-14,0,0,0,372,16,16.875585076515563,,0,15,11,6,0,17,52,1,0,0,3,-3.176359554869123,0,1,1,0,0,27,0,372,3,0,0,0,0,16,34.78752318699844,0,15,11,6,0,0,45,20,24,0,0,0,3.0,8.0,0,0,0,10,0,0,0,0,0,0,0,0,0,11,88,5,0,0,0,0,0,4,46,5,123,0,0,0,0,,,0,0,0,0,0,0,0,0,0,0,0,0,,,,0,0,0,4,4,0,0,1.0,0,0,0,0,0,7,0,54,327,1,0,1,2,2,2,17,0,270
2004,6,HOU,REG,2004_06_HOU_TEN,TEN,16,26,266,1,1,2,-19,1,1,0,266,14,2.8906480926727265,,0,11,7,6,1,37,98,1,1,0,4,-3.974025203387522,0,2,1,0,0,16,0,266,1,0,0,0,0,14,23.755602694296776,0,11,7,6,1,0,39,10,10,0,0,0,1.0,6.0,0,4,14,9,0,0,0,0,1,-1,0,0,0,4,19,3,1,1,0,2,1,4,28,3,61,2,2,0,0,50,1.0,0,1,0,0,1,0,0,0,0,0,0,0,21;50,,,71,0,0,2,2,0,0,1.0,0,0,0,0,0,5,0,48,193,3,0,1,0,2,2,16,0,177
2004,8,HOU,REG,2004_08_JAX_HOU,JAX,26,35,276,1,0,0,0,0,0,0,276,15,6.962177321598624,,0,12,8,4,0,32,93,0,1,1,6,-5.408857702976093,0,1,0,0,0,26,0,276,1,1,1,0,0,15,13.281471088936087,0,12,8,4,0,0,35,11,13,0,0,1,1.0,7.0,0,2,43,8,1,0,0,0,0,0,0,0,0,8,75,2,1,1,1,2,2,2,34,3,63,2,2,0,0,38,1.0,0,1,1,0,0,0,0,0,0,0,0,0,38;21,,,59,0,0,2,2,0,0,1.0,0,0,0,0,0,4,0,52,155,1,0,1,0,1,2,14,0,141
2004,9,HOU,REG,2004_09_HOU_DEN,DEN,22,41,245,0,0,4,-17,0,0,0,245,11,2.3880976463984496,,0,10,3,2,1,27,103,2,0,0,10,-2.030105496989563,0,2,1,0,0,22,0,245,0,0,0,0,0,11,15.94855270751589,0,10,3,2,1,0,39,2,20,0,0,0,1.0,9.0,0,0,0,3,0,0,0,14,0,0,0,0,0,9,109,6,0,0,0,0,0,3,-6,3,59,0,1,1,0,,0.0,0,0,0,0,0,0,0,0,1,0,0,0,,37,,0,37,0,1,1,0,0,1.0,0,0,0,0,0,6,0,57,280,3,0,2,0,2,2,18,0,262
2004,10,HOU,REG,2004_10_HOU_IND,IND,22,41,215,0,3,5,-45,3,1,0,215,13,-21.748603068233933,,0,9,4,2,0,37,132,2,0,0,6,-3.1979317983878515,0,3,3,0,0,22,0,215,0,0,0,0,0,13,21.431952631042805,0,9,4,2,0,0,34,6,6,0,0,1,1.0,8.0,0,2,34,5,0,0,0,0,2,0,0,0,0,8,65,3,3,0,0,3,1,2,19,7,166,0,1,1,0,,0.0,0,0,0,0,0,0,0,0,0,0,1,0,,55,,0,55,0,2,2,0,0,1.0,0,0,0,0,0,4,0,44,135,1,0,0,0,2,2,42,0,93
2004,11,HOU,REG,2004_11_GB_HOU,GB,13,27,164,1,0,2,-20,0,0,0,164,7,-3.5976916444044056,,0,7,4,3,1,27,107,0,0,0,4,-4.108123995596543,0,3,1,1,0,13,0,164,1,0,0,0,0,7,12.021342306630686,0,7,4,3,1,0,43,16,18,0,0,0,0.0,0.0,0,2,0,9,0,0,0,0,0,0,0,0,0,3,25,3,0,0,0,0,0,3,38,4,73,2,3,1,0,46,0.6666666666666666,0,0,0,2,0,0,0,0,0,1,0,0,46;40,40,,86,40,0,1,1,0,0,1.0,0,0,0,0,0,7,0,53,308,3,0,0,1,2,4,23,0,265
2004,12,HOU,REG,2004_12_TEN_HOU,TEN,21,30,201,2,1,3,-22,0,0,0,201,13,1.4977169335305556,,0,12,2,1,0,21,149,2,0,0,6,8.52801606620017,0,3,3,2,1,21,0,201,2,0,0,0,0,13,17.976354799058754,0,12,2,1,0,0,35,17,27,0,0,2,1.0,6.0,0,1,24,6,0,0,0,0,0,0,2,0,0,3,36,4,0,0,0,0,0,1,0,4,93,1,2,0,1,29,0.5,0,1,0,0,0,0,0,0,0,0,0,0,29,,41,29,0,41,4,4,0,0,1.0,0,0,0,0,0,3,0,46,136,0,0,0,0,1,2,6,0,130
2004,13,HOU,REG,2004_13_HOU_NYJ,NYJ,12,25,157,0,2,2,-10,0,0,0,157,7,-10.285655292740557,,0,6,3,2,0,25,83,1,1,0,5,-0.6769974841736257,0,2,0,0,0,12,0,157,0,0,0,0,0,7,12.820492284139618,0,6,3,2,0,0,36,19,19,0,0,0,1.0,5.0,0,1,20,5,0,0,0,0,1,-2,0,0,0,5,48,4,0,1,0,1,0,1,2,7,129,0,0,0,0,,,0,0,0,0,0,0,0,0,0,0,0,0,,,,0,0,0,1,1,0,0,1.0,0,0,0,0,0,3,0,47,117,0,0,1,0,1,1,46,0,71
2004,14,HOU,REG,2004_14_IND_HOU,IND,16,21,167,1,1,5,-42,0,0,0,167,9,0.285711211967282,,0,9,3,0,0,28,148,1,0,0,8,-1.28458082373254,0,5,3,0,0,16,0,167,1,0,0,0,0,9,14.492062098695897,0,9,3,0,0,0,40,20,20,0,0,2,2.0,17.0,0,0,0,3,0,0,0,0,0,-7,0,0,0,6,30,6,0,1,0,1,1,1,9,5,98,0,0,0,0,,,0,0,0,0,0,0,0,0,0,0,0,0,,,,0,0,0,2,2,0,0,1.0,0,0,0,0,0,4,0,52,173,1,0,0,0,2,2,8,0,165
2004,15,HOU,REG,2004_15_HOU_CHI,CHI,13,28,220,1,0,2,-12,0,0,0,220,8,7.65455470680421,,0,6,4,4,1,34,106,1,0,0,6,-5.420897523187003,0,3,1,1,0,13,0,220,1,0,0,0,0,8,21.90597434400115,0,6,4,4,1,0,47,5,5,0,0,1,2.0,19.0,0,2,43,9,0,0,0,0,0,0,2,75,1,10,89,4,0,0,0,0,0,5,44,2,23,1,2,1,0,20,0.5,0,1,0,0,0,0,0,0,0,1,0,0,20,42,,20,42,0,3,3,0,0,1.0,0,0,0,0,0,7,0,43,215,1,0,1,1,2,3,3,0,192
2004,16,HOU,REG,2004_16_HOU_JAX,JAX,14,20,139,1,2,4,-17,0,0,0,139,8,1.9871772372571286,,0,7,4,0,0,43,211,1,0,0,11,-0.3730099355203085,0,6,5,2,1,14,0,139,1,0,0,0,0,8,14.36051592201693,0,7,4,0,0,0,36,2,6,0,0,2,2.0,14.0,0,1,0,1,0,2,0,0,2,3,2,73,1,6,50,2,0,2,0,2,0,3,4,1,27,0,1,0,1,,0.0,0,0,0,0,0,0,0,0,0,0,0,0,,,34,0,0,34,3,3,0,0,1.0,0,0,0,0,0,5,0,54,221,1,1,0,1,1,2,21,0,180
2004,17,HOU,REG,2004_17_CLE_HOU,CLE,16,27,130,1,0,6,-28,0,0,0,130,7,-5.849522645294201,,0,5,1,0,0,24,136,1,0,0,9,-0.03426498232875019,0,5,5,1,0,16,0,130,1,0,0,0,0,7,8.022993813094217,0,5,1,0,0,0,39,12,18,0,0,0,1.0,1.0,0,2,4,10,0,1,0,0,0,0,0,0,0,8,52,5,1,0,0,1,1,1,-1,7,148,0,0,0,0,,,0,0,0,0,0,0,0,0,0,0,0,0,,,,0,0,0,2,2,0,0,1.0,0,0,0,0,0,7,0,53,302,0,2,0,2,1,2,16,0,246
2005,1,HOU,REG,2005_01_HOU_BUF,BUF,9,21,70,0,3,5,-45,1,1,0,70,4,-19.306956697779242,,0,3,1,0,0,23,95,1,1,1,6,0.1855195378884673,0,2,1,0,0,9,0,70,0,0,0,0,0,4,3.8671052758581936,0,3,1,0,0,0,40,11,23,0,0,0,1.0,6.0,0,0,0,2,0,0,0,0,0,0,0,0,0,6,38,4,2,0,0,2,2,1,6,7,141,0,0,0,0,,,0,0,0,0,0,0,0,0,0,0,0,0,,,,0,0,0,1,1,0,0,1.0,0,0,0,0,0,5,0,51,213,1,1,0,0,2,2,19,0,194
2005,2,HOU,REG,2005_02_PIT_HOU,PIT,16,26,167,1,0,8,-59,1,1,0,167,11,-6.245391438074876,,0,6,4,3,0,25,113,0,0,0,5,1.7573552371468395,0,3,2,1,0,16,0,167,1,0,0,0,0,11,16.350165096926503,0,6,4,3,0,0,34,10,18,0,0,0,1.0,1.0,0,0,0,4,0,0,0,0,0,0,0,0,0,7,58,5,1,0,0,1,1,1,6,5,101,0,0,0,0,,,0,0,0,0,0,0,0,0,0,0,0,0,,,,0,0,0,1,1,0,0,1.0,0,0,0,0,0,4,0,51,161,2,0,0,0,2,2,10,0,151
2005,4,HOU,REG,2005_04_HOU_CIN,CIN,17,26,174,1,0,7,-46,1,1,0,174,11,2.2121402554912493,,0,10,2,1,0,23,126,0,0,0,6,4.0248618225079476,0,5,2,0,0,17,0,174,1,0,0,0,0,11,15.08019704563776,0,10,2,1,0,0,49,0,14,0,0,1,2.0,3.0,0,0,0,1,0,0,0,0,0,0,0,0,0,9,90,4,1,0,0,1,1,1,4,5,130,1,1,0,0,28,1.0,0,1,0,0,0,0,0,0,0,0,0,0,28,,,28,0,0,1,1,0,0,1.0,0,0,0,0,0,4,0,45,145,2,0,0,0,2,2,7,0,138
2005,5,HOU,REG,2005_05_TEN_HOU,TEN,18,27,131,1,1,7,-35,1,0,0,131,7,-8.033953334208755,,1,4,1,0,0,28,161,0,0,0,5,1.2763285198517864,0,4,3,1,1,18,0,131,1,0,0,0,0,7,8.464401593766642,1,4,1,0,0,0,42,12,16,0,0,1,0.0,0.0,0,0,0,5,0,0,0,35,1,0,0,0,0,6,39,5,2,0,1,2,0,3,20,7,171,4,4,0,0,47,1.0,0,0,2,2,0,0,0,0,0,0,0,0,32;38;43;47,,,160,0,0,0,0,0,0,,0,0,0,0,0,5,0,61,227,1,0,1,0,2,2,8,0,219
2005,6,HOU,REG,2005_06_HOU_SEA,SEA,19,33,179,1,0,3,-19,0,0,0,179,10,6.317917112416953,,0,6,4,2,0,22,67,0,1,0,3,-2.9652831273851916,0,2,2,0,0,19,0,179,1,0,0,0,0,10,17.72990860848222,0,6,4,2,0,0,41,15,15,0,0,2,3.0,29.0,0,1,3,3,0,0,0,0,1,-5,0,0,0,13,95,3,0,1,0,1,0,0,0,4,90,1,2,1,0,39,0.5,0,0,1,0,0,0,0,0,0,0,1,0,39,56,,39,56,0,1,1,0,0,1.0,0,0,0,0,0,6,0,43,225,2,0,1,0,1,4,18,0,207
2005,7,HOU,REG,2005_07_IND_HOU,IND,6,9,48,1,1,5,-42,3,1,0,48,4,-16.744004875552374,,0,1,1,0,0,33,133,1,0,0,9,2.307981969031971,0,4,1,0,0,6,0,48,1,0,0,0,0,4,5.223649344741832,0,1,1,0,0,1,38,13,21,0,0,1,2.0,5.0,0,1,1,2,0,0,0,0,2,0,1,0,0,3,15,3,3,0,0,3,1,0,0,7,266,0,0,0,0,,,0,0,0,0,0,0,0,0,0,0,0,0,,,,0,0,0,2,2,0,0,1.0,0,0,0,0,0,4,0,44,148,3,0,1,0,2,1,9,0,139
2005,8,HOU,REG,2005_08_CLE_HOU,CLE,10,20,138,1,1,2,-18,0,0,0,138,7,0.24112614169196878,,0,5,2,2,0,37,117,0,1,0,4,-7.374386456089672,0,2,1,0,0,10,0,138,1,0,0,0,0,7,15.155914437083993,0,5,2,2,0,0,30,20,26,0,0,2,2.0,16.0,0,0,0,8,0,0,0,0,0,0,2,3,0,5,35,3,1,0,1,1,0,1,20,5,177,4,5,1,0,40,0.8,0,0,3,1,0,0,0,0,1,0,0,0,38;37;35;40,38,,150,38,0,1,1,0,0,1.0,0,0,0,0,0,4,0,50,156,1,0,0,0,2,2,21,0,135
2005,9,HOU,REG,2005_09_HOU_JAX,JAX,22,30,219,1,0,6,-28,3,1,0,219,10,3.5392366925952956,,0,8,3,2,0,23,88,1,0,0,7,0.39082916965708137,0,3,0,0,0,22,0,219,1,0,0,0,0,10,17.831413652573247,0,8,3,2,0,0,45,3,3,0,0,0,2.0,4.0,0,0,0,2,0,1,0,0,4,0,0,0,0,4,30,3,4,1,0,5,1,2,0,4,80,0,0,0,0,,,0,0,0,0,0,0,0,0,0,0,0,0,,,,0,0,0,2,2,0,0,1.0,0,0,0,0,0,5,0,55,220,3,0,1,0,2,2,8,0,212
2005,10,HOU,REG,2005_10_HOU_IND,IND,16,25,138,1,0,3,-12,0,0,0,138,7,-1.5887508068213956,,0,6,1,0,0,24,83,1,0,0,3,-1.6469554957584478,0,1,1,0,0,16,0,138,1,0,0,0,0,7,10.747598965584416,0,6,1,0,0,0,40,14,14,0,0,1,1.0,4.0,0,0,0,3,0,1,0,0,2,0,2,0,0,4,35,3,1,1,0,2,0,3,9,6,143,1,1,0,0,24,1.0,0,1,0,0,0,0,0,0,0,0,0,0,24,,,24,0,0,2,2,0,0,1.0,0,0,0,0,0,6,0,44,221,1,0,0,0,3,3,7,0,214
2005,11,HOU,REG,2005_11_KC_HOU,KC,19,36,182,0,1,1,-1,1,0,0,182,9,-13.926004826594582,,0,7,2,1,0,19,78,1,3,2,4,-11.319197661650833,0,2,2,0,0,19,0,182,0,0,0,0,0,9,9.145309767976869,0,7,2,1,0,1,48,16,16,0,0,1,0.0,0.0,0,1,29,5,0,0,0,0,2,-11,0,0,0,6,43,3,2,2,0,4,2,1,37,8,278,1,1,0,0,22,1.0,0,1,0,0,0,0,0,0,0,0,0,0,22,,,22,0,0,2,2,0,0,1.0,0,0,0,0,0,4,0,44,161,1,0,1,0,0,3,5,0,156
2005,12,HOU,REG,2005_12_STL_HOU,LA,25,35,293,3,1,3,-5,0,0,0,293,17,15.008749637039676,,0,13,6,3,0,31,124,0,0,0,8,-1.5091322405337242,0,6,3,0,0,25,0,293,3,0,0,0,0,17,31.478665967821144,0,13,6,3,0,0,44,14,16,0,0,2,7.0,33.0,0,1,6,9,0,1,0,0,0,0,0,0,0,4,54,6,1,0,0,1,1,3,30,5,146,2,3,1,0,39,0.6666666666666666,0,0,2,0,0,0,0,0,0,1,0,0,39;35,46,,74,46,0,3,3,0,0,1.0,0,0,0,0,0,2,0,47,77,0,0,1,1,0,0,0,0,57
2005,13,HOU,REG,2005_13_HOU_BAL,BAL,17,37,165,0,1,5,-32,1,0,0,165,9,-12.53467817121239,,0,7,3,1,0,34,165,0,0,0,7,1.109383502559182,0,5,3,1,0,17,0,165,0,0,0,0,0,9,16.423188553657383,0,7,3,1,0,0,39,9,9,0,0,4,4.0,33.0,0,0,0,2,0,3,0,0,4,-1,2,0,0,11,93,6,1,4,0,5,1,7,50,4,99,5,5,0,0,39,1.0,0,3,2,0,0,0,0,0,0,0,0,0,39;26;22;29;39,,,155,0,0,0,0,0,0,,0,0,0,0,0,6,0,42,210,3,0,1,0,4,1,0,0,210
2005,14,HOU,REG,2005_14_HOU_TEN,TEN,17,26,116,1,0,6,-34,0,0,0,116,5,-10.110284653482761,,0,4,1,0,0,26,152,0,0,0,6,2.1694008808699436,0,4,3,1,1,17,0,116,1,0,0,0,0,5,6.143818671349436,0,4,1,0,0,0,22,26,30,0,0,0,0.0,0.0,0,0,0,5,0,0,0,0,0,0,0,0,0,8,72,5,0,0,0,0,0,2,-2,4,123,1,3,1,1,30,0.3333333333333333,0,0,1,0,0,0,0,0,1,0,0,0,30,31,37,30,31,37,1,1,0,0,1.0,0,0,0,0,0,9,0,51,322,3,2,1,0,3,3,80,1,242
2005,15,HOU,REG,2005_15_ARI_HOU,ARI,22,33,150,0,1,3,-16,1,1,0,150,10,-5.294130584820255,,0,5,1,0,0,35,119,3,0,0,7,-3.5040919776207327,0,1,1,1,0,22,0,150,0,0,0,0,0,10,11.67643597049755,0,5,1,0,0,0,43,11,13,0,0,3,6.0,39.0,0,2,7,7,0,0,0,0,0,0,2,0,0,5,43,5,1,0,0,1,1,1,8,5,86,3,3,0,0,41,1.0,0,2,0,1,0,0,0,0,0,0,0,0,27;41;26,,,94,0,0,3,3,0,0,1.0,0,0,0,0,0,4,0,53,160,1,0,0,0,1,3,6,0,154
2005,16,HOU,REG,2005_16_JAX_HOU,JAX,19,29,295,2,1,4,-32,1,0,0,295,13,6.254007435732066,,0,11,4,3,2,29,107,0,0,0,4,-5.397558727657817,0,3,1,0,0,19,0,295,2,0,0,0,0,13,25.969515713164583,0,11,4,3,2,0,38,14,22,0,0,2,3.0,16.0,0,0,0,8,0,0,0,0,1,0,0,0,0,7,40,3,1,0,0,1,0,1,8,4,53,2,4,2,0,53,0.5,0,0,1,0,1,0,0,0,1,1,0,0,37;53,38;48,,90,86,0,2,2,0,0,1.0,0,0,0,0,0,2,0,41,64,0,1,0,0,1,0,0,0,64
2005,17,HOU,REG,2005_17_HOU_SF,SF,18,36,196,1,2,0,0,0,0,0,196,8,-11.68813296943606,,0,9,4,3,0,25,88,1,0,0,5,1.3300865166820586,0,1,0,0,0,18,0,196,1,0,0,0,0,8,15.05033686675597,0,9,4,3,0,0,54,0,34,0,0,0,3.0,17.0,0,1,0,6,0,0,0,0,0,0,0,0,0,8,74,3,0,0,0,0,0,3,27,4,89,1,2,1,0,21,0.5,0,1,0,0,0,0,0,0,1,0,0,0,21,31,,21,31,0,2,2,0,0,1.0,0,0,0,0,0,7,0,44,280,5,0,4,0,1,2,21,0,259
2006,1,HOU,REG,2006_01_PHI_HOU,PHI,18,27,208,1,0,5,-37,0,0,141,99,9,-4.691724539710096,11.983247179734079,0,9,4,4,1,20,70,0,0,0,7,-0.8509622738347389,0,3,2,0,0,18,0,208,1,1,0,141,99,9,13.682668801164255,0,9,4,4,1,0,41,13,13,0,0,0,1.0,3.0,3,1,11,3,0,0,0,0,1,0,0,0,0,3,20,4,1,0,0,1,0,1,0,5,105,1,1,0,0,34,1.0,0,0,1,0,0,0,0,0,0,0,0,0,34,,,34,0,0,1,1,0,0,1.0,0,0,0,0,0,5,0,55,223,2,0,0,0,2,3,25,0,198
2006,2,HOU,REG,2006_02_HOU_IND,IND,22,26,219,3,0,4,-28,2,0,135,105,13,11.211924997158349,15.62489832823093,0,10,4,2,0,23,108,0,2,2,3,-9.643757555260626,0,1,1,1,0,22,0,219,3,0,0,135,105,13,19.92886666377308,0,10,4,2,0,0,49,17,17,0,0,1,2.0,10.0,5,0,0,1,0,0,0,0,2,-1,1,0,0,8,58,4,3,1,0,4,2,0,0,7,162,1,1,0,0,43,1.0,0,0,0,1,0,0,0,0,0,0,0,0,43,,,43,0,0,3,3,0,0,1.0,0,0,0,0,0,4,0,46,165,0,0,0,0,1,3,18,0,147
2006,3,HOU,REG,2006_03_WAS_HOU,WAS,19,29,208,2,1,1,-8,0,0,212,110,11,1.5674686500860844,-5.579979325595655,0,7,2,2,1,18,61,0,3,1,4,-3.9116204796154053,1,1,0,0,0,19,0,208,2,0,0,212,110,11,16.215436762577156,0,7,2,2,1,0,56,7,11,0,0,1,0.0,0.0,1,0,0,2,0,0,0,0,2,-1,1,19,0,7,57,4,1,2,0,3,1,2,16,5,107,0,0,0,0,,,0,0,0,0,0,0,0,0,0,0,0,0,,,,0,0,0,1,1,0,0,1.0,0,0,0,0,0,4,0,49,158,2,0,1,0,2,1,4,0,154
2006,4,HOU,REG,2006_04_MIA_HOU,MIA,22,29,230,1,1,5,-19,1,1,262,79,13,2.4633486639843833,15.767595916986465,0,9,4,4,0,33,65,1,1,0,5,-8.486417087435257,0,1,1,0,0,22,0,230,1,0,0,262,79,13,21.48085559449583,0,9,4,4,0,0,39,5,9,0,0,0,5.0,30.0,10,0,0,5,0,0,0,0,1,0,0,0,0,2,15,2,2,0,0,2,1,3,20,2,71,1,1,0,0,32,1.0,0,0,1,0,0,0,0,0,0,0,0,0,32,,,32,0,0,2,2,0,0,1.0,0,0,0,0,0,4,0,51,186,1,0,0,1,2,1,11,0,155
2006,6,HOU,REG,2006_06_HOU_DAL,DAL,23,38,198,0,2,0,0,0,0,176,75,9,-8.555929157140394,7.648168702920278,0,8,3,1,0,17,34,0,0,0,1,-4.948386647897085,0,0,0,0,0,23,0,198,0,0,0,176,75,9,7.519881637825165,0,8,3,1,0,0,55,0,10,0,0,0,2.0,19.0,2,0,0,2,0,0,0,0,0,0,0,0,0,7,42,6,1,0,0,1,1,2,43,6,109,2,2,0,0,48,1.0,1,0,0,1,0,0,0,0,0,0,0,0,19;48,,,67,0,0,0,0,0,0,,0,0,0,0,0,6,0,46,234,0,0,0,1,2,3,5,0,209
2006,7,HOU,REG,2006_07_JAX_HOU,JAX,25,34,224,2,0,1,-6,0,0,111,141,10,5.3993399696683735,4.372849287810149,0,9,2,2,0,34,131,1,0,0,10,-4.918449027318275,0,3,3,2,0,25,0,224,2,0,0,111,141,10,15.490167599811684,0,9,2,2,0,0,31,13,13,0,0,2,1.0,7.0,5,0,0,3,0,0,0,0,0,0,2,15,0,3,17,5,0,0,0,0,0,2,10,1,28,2,3,1,0,43,0.6666666666666666,0,1,0,1,0,0,0,0,1,0,0,0,43;21,38,,64,38,0,3,3,0,0,1.0,0,0,0,0,0,5,0,49,217,1,0,0,0,2,3,5,0,212
2006,8,HOU,REG,2006_08_HOU_TEN,TEN,33,46,299,3,2,4,-20,2,2,325,170,16,-5.198998606029488,7.764920459853278,0,12,5,3,0,26,148,0,0,0,8,5.945704873272916,0,2,2,1,0,33,0,299,3,1,0,325,170,16,24.640549318784327,0,12,5,3,0,0,27,14,16,0,0,0,1.0,1.0,3,0,0,2,0,0,0,0,0,0,0,0,0,10,74,5,2,2,1,4,3,1,14,5,123,1,1,0,0,27,1.0,0,1,0,0,0,0,0,0,0,0,0,0,27,,,27,0,0,1,2,0,1,0.5,0,0,0,0,0,3,0,54,131,0,0,0,0,0,3,59,1,72
2006,9,HOU,REG,2006_09_HOU_NYG,NYG,21,30,176,0,0,1,-6,0,0,161,103,10,7.948273007474136,2.700102428595225,0,8,1,1,0,26,81,1,0,0,5,0.21829670303850435,0,1,1,0,0,21,0,176,0,1,1,161,103,10,12.434648178896168,0,8,1,1,0,0,28,19,19,0,0,0,2.0,16.0,4,1,2,3,0,0,0,0,0,0,0,0,0,8,65,5,1,0,0,1,1,1,10,3,67,1,2,1,0,41,0.5,0,0,0,1,0,0,0,0,0,1,0,0,41,42,,41,42,0,1,1,0,0,1.0,0,0,0,0,0,3,0,38,93,1,0,1,0,1,1,0,0,93
2006,10,HOU,REG,2006_10_HOU_JAX,JAX,17,35,176,0,0,3,-18,0,0,161,84,9,-4.943698944731025,-12.410029396414757,0,7,2,2,1,42,148,1,1,0,9,4.938968139525969,0,4,3,0,0,17,0,176,0,0,0,161,84,9,14.618756356590893,0,7,2,2,1,0,37,2,2,0,0,0,2.0,10.0,4,4,21,10,0,0,0,0,1,0,0,0,0,6,51,3,1,0,0,1,0,1,12,3,67,2,4,2,0,28,0.5,0,2,0,0,0,0,0,0,1,0,1,0,25;28,32;52,,53,84,0,1,1,0,0,1.0,0,0,0,0,0,5,0,42,171,2,0,0,0,4,1,4,0,167
2006,11,HOU,REG,2006_11_BUF_HOU,BUF,25,30,223,0,1,2,-14,0,0,195,119,11,2.6899251852591988,12.414377044748377,0,11,6,3,0,27,188,2,1,0,9,7.966999436321203,0,7,5,3,0,25,0,223,0,2,1,195,119,11,5.83032361586811,0,11,6,3,0,0,46,7,7,0,0,0,2.0,7.0,3,1,9,7,1,0,0,0,1,-3,0,0,0,5,40,3,2,1,1,3,1,2,21,4,58,0,0,0,0,,,0,0,0,0,0,0,0,0,0,0,0,0,,,,0,0,0,3,3,0,0,1.0,0,0,0,0,0,6,0,53,245,3,0,3,0,1,2,12,0,233
2006,12,HOU,REG,2006_12_HOU_NYJ,NYJ,39,54,321,1,1,4,-14,0,0,239,184,18,0.7235018544502652,5.5686314702034,1,12,2,1,0,14,25,0,1,0,2,-7.374727224349044,0,0,0,0,0,39,0,321,1,0,0,239,184,18,18.159784212097083,1,12,2,1,0,0,40,14,14,0,0,1,1.0,9.0,2,0,0,3,0,0,0,0,1,-9,0,0,0,7,77,6,0,1,0,1,0,1,6,7,166,1,2,1,0,47,0.5,0,0,0,1,0,0,0,0,0,0,1,0,47,59,,47,59,0,0,0,0,0,,0,0,0,0,0,5,0,55,241,1,0,1,1,1,2,12,0,209
2006,13,HOU,REG,2006_13_HOU_OAK,LV,7,14,32,0,0,5,-37,3,2,30,33,2,-22.052394117213268,-9.351756672064463,0,0,0,0,0,32,129,1,0,0,8,-1.0016645283398546,0,5,3,0,0,7,0,32,0,0,0,30,33,2,0.8218770500971004,0,0,0,0,0,0,56,7,7,0,0,3,5.0,49.0,5,2,35,8,0,0,0,0,1,0,3,58,1,5,46,4,3,0,0,3,2,2,67,3,111,3,4,1,0,47,0.75,0,0,1,2,0,0,0,0,0,1,0,0,42;47;39,41,,128,41,0,2,2,0,0,1.0,0,0,0,0,0,5,0,49,202,0,0,0,1,1,3,47,0,135
2006,14,HOU,REG,2006_14_TEN_HOU,TEN,17,23,140,0,0,2,-7,0,0,152,102,6,-2.1577793060898824,7.021876743861607,0,5,2,1,0,30,107,2,0,0,8,0.60197701513708,0,4,1,0,0,17,0,140,0,0,0,152,102,6,5.0916236253358385,0,5,2,1,0,0,41,19,19,0,0,1,2.0,18.0,4,1,0,7,0,0,0,0,0,0,1,0,0,7,64,3,0,0,0,0,0,1,-2,5,87,2,2,0,0,49,1.0,0,0,0,2,0,0,0,0,0,0,0,0,49;46,,,95,0,0,2,2,0,0,1.0,0,0,0,0,0,6,0,53,251,0,0,2,0,0,4,16,0,235
2006,15,HOU,REG,2006_15_HOU_NE,NE,16,28,127,0,4,4,-34,1,0,188,77,7,-25.27780431532301,-6.331727019062749,0,3,1,1,0,22,105,1,0,0,6,-0.4602727667079307,0,4,2,0,0,16,0,127,0,0,0,188,77,7,8.209031886653975,0,3,1,1,0,0,28,27,27,0,0,0,1.0,4.0,1,0,0,2,0,0,0,0,1,0,0,0,0,4,66,1,1,0,0,1,0,2,16,8,151,0,0,0,0,,,0,0,0,0,0,0,0,0,0,0,0,0,,,,0,0,0,1,1,0,0,1.0,0,0,0,0,0,7,0,56,295,1,0,1,0,2,4,44,0,251
2006,16,HOU,REG,2006_16_IND_HOU,IND,16,23,163,1,0,0,0,0,0,120,94,8,7.979087279876694,4.43474494892618,0,7,4,2,0,42,191,2,0,0,14,7.663546626273434,0,3,3,0,0,16,0,163,1,0,0,120,94,8,13.538531187630724,0,7,4,2,0,0,30,9,9,0,0,1,0.0,0.0,2,0,0,4,0,0,0,0,0,0,1,0,0,4,25,4,0,1,1,1,0,1,4,5,147,2,2,0,0,48,1.0,0,0,0,2,0,0,0,0,0,0,0,0,42;48,,,90,0,0,3,3,0,0,1.0,1,1,0,0,48,2,0,46,80,0,0,0,1,1,0,0,0,60
2006,17,HOU,REG,2006_17_CLE_HOU,CLE,9,15,86,0,1,1,-3,0,0,95,58,4,-7.239179318014067,-7.162669897079468,0,4,1,0,0,26,94,1,1,0,7,-7.2860778153990395,0,2,2,0,0,9,0,86,0,0,0,95,58,4,4.0667587123462,0,4,1,0,0,0,41,20,20,0,0,3,1.0,8.0,0,1,0,3,0,0,0,0,1,0,2,47,1,4,31,3,0,1,0,1,0,1,5,2,50,0,0,0,0,,,0,0,0,0,0,0,0,0,0,0,0,0,,,,0,0,0,2,2,0,0,1.0,0,0,0,0,0,6,0,62,271,1,0,2,0,2,2,13,0,258
2007,1,HOU,REG,2007_01_KC_HOU,KC,16,22,225,1,1,2,-19,0,0,176,106,7,5.396896847135487,7.2408019077210195,0,8,3,2,1,31,109,0,0,0,6,-5.932616047693303,0,2,2,0,0,16,0,225,1,1,1,176,106,7,12.235952884831931,0,8,3,2,1,0,41,8,10,0,0,2,3.0,21.0,4,2,-4,7,0,0,0,0,0,0,2,38,1,6,45,2,1,0,0,1,1,4,14,2,51,2,2,0,0,28,1.0,0,2,0,0,0,0,0,0,0,0,0,0,26;28,,,54,0,0,2,2,0,0,1.0,0,0,0,0,0,3,0,59,165,1,0,0,0,0,3,19,0,146
2007,2,HOU,REG,2007_02_HOU_CAR,CAR,20,28,227,2,0,0,0,0,0,216,94,11,14.063775122305621,12.83391327769668,0,11,3,3,0,36,119,1,0,0,8,-2.56026770539725,0,3,2,0,0,20,0,227,2,1,1,216,94,11,17.79434580128315,0,11,3,3,0,0,44,5,9,0,0,3,3.0,29.0,2,1,10,6,0,0,0,0,0,0,2,0,1,5,40,4,1,0,0,1,1,2,32,3,48,2,2,0,0,33,1.0,0,1,1,0,0,0,0,0,0,0,0,0,25;33,,,58,0,0,4,4,0,0,1.0,0,0,0,0,0,5,0,47,196,3,1,2,0,0,2,18,0,178
2007,3,HOU,REG,2007_03_IND_HOU,IND,27,33,236,1,2,3,-22,2,0,180,90,10,-0.18800133146841036,14.216213244380373,0,8,1,1,1,17,40,1,0,0,5,-3.511937516130274,0,0,0,0,0,27,0,236,1,1,0,180,90,10,17.04596059134666,0,8,1,1,1,1,42,12,14,0,0,1,1.0,3.0,2,0,0,4,0,0,0,0,3,5,0,0,0,2,15,5,3,0,0,3,0,2,86,7,233,1,1,0,0,33,1.0,0,0,1,0,0,0,0,0,0,0,0,0,33,,,33,0,0,3,3,0,0,1.0,0,0,0,0,0,3,0,46,110,2,0,1,0,2,0,0,0,110
2007,4,HOU,REG,2007_04_HOU_ATL,ATL,28,40,317,1,0,1,-6,1,1,327,72,14,4.790932169882481,13.92520078590938,0,12,6,3,1,22,87,0,1,0,3,-3.227265291405308,0,2,2,1,0,28,0,317,1,1,1,327,72,14,13.23227209150507,0,12,6,3,1,0,51,5,5,0,0,0,2.0,9.0,2,0,0,1,0,0,0,0,0,-6,0,0,0,7,78,6,2,1,1,3,2,2,1,5,131,3,4,1,0,42,0.75,1,0,1,1,0,0,0,1,0,0,0,0,42;37;19,25,,98,25,0,1,1,0,0,1.0,0,0,0,0,0,2,0,57,105,1,0,0,0,1,1,18,0,87
2007,5,HOU,REG,2007_05_MIA_HOU,MIA,20,34,294,0,1,2,-16,1,1,389,71,12,-0.8701654519575468,-1.451941060297417,0,12,10,4,1,28,74,1,0,0,6,0.4830393385491334,0,0,0,0,0,20,0,294,0,0,0,389,71,12,22.079661709431093,0,12,10,4,1,0,37,11,13,0,0,0,1.0,8.0,3,1,9,6,0,0,0,0,0,0,0,0,0,6,60,5,1,0,0,1,1,0,0,5,164,5,5,0,0,57,1.0,0,1,0,1,3,0,0,0,0,0,0,0,54;43;54;20;57,,,228,0,0,1,1,0,0,1.0,1,1,0,0,57,1,0,47,47,1,0,0,0,1,0,0,0,47
2007,6,HOU,REG,2007_06_HOU_JAX,JAX,30,43,341,1,1,2,-12,1,1,369,93,18,2.5567134404453666,7.738128304481506,0,15,5,4,1,24,61,0,0,0,5,-2.4978299249101994,1,0,0,0,0,30,0,341,1,1,1,369,93,18,22.465422190201934,0,15,5,4,1,0,48,1,1,0,0,2,1.0,8.0,3,0,0,1,0,0,0,0,0,0,3,0,0,8,58,4,2,0,1,2,2,0,0,6,82,3,3,0,0,35,1.0,0,1,2,0,0,0,0,0,0,0,0,0,20;35;33,,,88,0,0,0,0,0,0,,0,0,0,0,0,2,0,56,89,1,0,1,0,0,1,0,0,89
2007,7,HOU,REG,2007_07_TEN_HOU,TEN,27,44,313,4,3,2,-19,1,0,268,256,16,0.10673243178473779,-5.0125320510166445,1,11,4,4,2,12,39,0,1,1,1,-7.125029012851883,0,2,0,0,0,27,0,313,4,1,1,268,256,16,22.8911758837495,1,11,4,4,2,0,56,13,19,0,0,3,1.0,13.0,3,0,0,6,0,1,0,0,1,-2,2,26,1,4,37,5,2,2,0,4,3,2,5,8,199,0,0,0,0,,,0,0,0,0,0,0,0,0,0,0,0,0,,,,0,0,0,4,4,0,0,1.0,0,0,0,0,0,5,0,53,225,0,0,1,0,3,1,22,0,203
2007,8,HOU,REG,2007_08_HOU_SD,LAC,28,45,253,1,4,1,-1,0,0,333,86,13,-10.64429969952524,-0.9110406387683957,0,9,2,2,0,29,115,0,0,0,8,-5.148658594349399,0,3,2,1,0,28,1,253,1,0,0,333,86,13,21.494377371156588,0,9,2,2,0,0,30,8,8,0,0,0,1.0,2.0,1,0,0,1,0,0,0,0,0,-33,0,0,0,5,31,2,0,1,0,1,1,3,13,6,117,1,1,0,0,40,1.0,0,0,0,1,0,0,0,0,0,0,0,0,40,,,40,0,0,1,1,0,0,1.0,0,0,0,0,0,4,0,54,173,1,1,0,1,0,2,17,0,136
2007,9,HOU,REG,2007_09_HOU_OAK,LV,11,19,181,1,1,0,0,0,0,185,84,7,8.350551609627768,3.157567150062985,0,7,3,3,2,39,178,2,0,0,10,7.947390255867504,0,4,4,1,0,11,0,181,1,1,0,185,89,7,16.651856547803618,0,7,3,3,2,0,38,13,13,0,0,0,1.0,1.0,3,3,16,8,0,0,0,0,1,0,0,0,0,9,56,4,1,0,0,1,0,2,22,2,51,1,2,0,1,40,0.5,0,0,0,1,0,0,0,0,0,0,0,0,40,,43,40,0,43,3,3,0,0,1.0,0,0,0,0,0,3,0,38,84,2,1,0,0,1,1,3,0,81
2007,11,HOU,REG,2007_11_NO_HOU,NO,21,33,293,2,0,1,-6,0,0,324,100,11,10.206581888086946,1.823201294868223,0,11,6,4,1,25,103,0,1,1,8,-7.79000231063995,0,2,1,1,0,21,0,293,2,2,1,324,100,11,15.9570142920129,0,11,6,4,1,0,41,18,18,0,0,3,1.0,10.0,1,2,11,9,0,0,0,0,0,0,1,0,0,3,22,5,3,0,1,3,2,3,31,3,65,3,3,0,0,53,1.0,0,1,1,0,1,0,0,0,0,0,0,0,36;53;23,,,112,0,0,2,2,0,0,1.0,0,0,0,0,0,3,0,57,139,1,0,1,1,0,1,9,0,110
2007,12,HOU,REG,2007_12_HOU_CLE,CLE,22,36,256,2,2,2,-19,0,0,283,98,13,-3.4885710498193214,7.165765411713544,0,13,6,2,0,18,77,0,0,0,3,0.2523617892875336,0,2,1,0,0,22,0,256,2,1,1,283,98,13,12.21538510213381,0,13,6,2,0,0,51,11,11,0,0,2,1.0,4.0,0,1,33,2,0,0,0,0,0,0,0,0,0,5,26,5,1,0,0,1,1,1,16,5,95,1,2,1,0,41,0.5,0,0,0,1,0,0,0,0,0,1,0,0,41,46,,41,46,0,2,2,0,0,1.0,0,0,0,0,0,4,0,37,137,0,0,1,0,1,2,21,0,116
2007,13,HOU,REG,2007_13_HOU_TEN,TEN,20,35,219,1,1,2,-23,1,0,306,46,11,1.214974734858446,-1.998020453112466,0,9,6,1,0,25,119,1,1,0,6,1.385514433044591,0,3,2,1,0,20,0,219,1,0,0,306,46,11,18.296944959438406,0,9,6,1,0,0,29,25,27,0,0,0,3.0,19.0,4,1,0,5,0,1,0,21,2,0,0,0,0,5,36,5,2,1,0,3,1,3,-4,4,74,2,2,0,0,50,1.0,0,0,0,1,1,0,0,0,0,0,0,0,45;50,,,95,0,0,2,2,0,0,1.0,0,0,0,0,0,6,0,56,249,1,0,0,1,3,2,11,0,218
2007,14,HOU,REG,2007_14_TB_HOU,TB,27,36,209,3,0,3,-23,2,2,235,83,17,5.452850520785432,9.917938295337889,0,5,1,0,0,27,71,0,0,0,1,-9.199896726640873,0,0,0,0,0,27,0,209,3,0,0,235,83,17,22.30902437842451,0,5,1,0,0,1,32,16,20,0,0,1,4.0,32.0,6,0,0,3,0,0,0,0,0,0,2,22,0,5,35,2,2,0,0,2,2,2,4,2,115,0,0,0,0,,,0,0,0,0,0,0,0,0,0,0,0,0,,,,0,0,0,4,4,0,0,1.0,0,0,0,0,0,5,0,50,213,3,1,1,0,2,1,3,0,210
2007,15,HOU,REG,2007_15_DEN_HOU,DEN,16,27,200,1,1,0,0,0,0,260,55,10,2.146515226002981,-2.797214742060061,0,8,5,5,0,31,158,3,0,0,11,10.16324177023489,0,5,5,1,0,16,0,200,1,0,0,260,55,10,15.519796373380814,0,8,5,5,0,0,33,24,24,0,0,0,5.0,18.0,9,0,0,9,0,0,0,0,0,0,0,0,0,3,15,1,0,0,0,0,0,2,5,4,116,1,1,0,0,41,1.0,0,0,0,1,0,0,0,0,0,0,0,0,41,,,41,0,0,4,4,0,0,1.0,0,0,0,0,0,3,0,44,113,1,1,1,0,0,1,10,0,103
2007,16,HOU,REG,2007_16_HOU_IND,IND,22,36,233,2,3,0,0,0,0,312,91,12,-5.056117832080393,-2.6340862115224204,0,7,6,1,0,19,66,0,0,0,5,3.807072504292708,1,2,2,0,0,22,0,233,2,0,0,312,91,12,20.589045321683468,0,7,6,1,0,0,40,19,19,0,0,1,1.0,2.0,2,0,0,5,0,0,0,0,0,0,1,0,0,6,55,3,0,0,0,0,0,1,12,7,186,0,1,1,0,,0.0,0,0,0,0,0,0,0,0,0,1,0,0,,49,,0,49,0,1,1,0,0,1.0,0,0,0,0,0,4,0,49,178,4,0,2,0,2,0,0,0,178
2007,17,HOU,REG,2007_17_JAX_HOU,JAX,11,18,128,1,1,1,-8,0,0,98,69,8,6.5088755391479935,-7.589622835318248,0,7,2,1,0,34,170,3,0,0,10,4.29740026514628,0,5,4,1,1,11,0,128,1,0,0,98,69,8,16.55055304209236,0,7,2,1,0,2,37,15,17,0,0,0,2.0,17.0,4,0,0,7,0,0,0,0,0,0,1,1,0,3,20,0,0,0,0,0,0,4,50,5,234,0,0,0,0,,,0,0,0,0,0,0,0,0,0,0,0,0,,,,0,0,0,6,6,0,0,1.0,0,0,0,0,0,2,0,39,73,2,0,0,0,1,1,0,0,73
2008,1,HOU,REG,2008_01_HOU_PIT,PIT,25,33,202,1,2,5,-43,1,1,198,57,13,-9.886604046439807,11.877135746181011,0,11,2,1,0,20,75,1,0,0,5,-2.2213936997868586,0,1,1,0,0,25,0,202,1,0,0,198,57,13,14.309714282930308,0,11,2,1,0,0,36,14,24,0,0,2,2.0,15.0,1,0,0,2,0,0,0,0,0,0,1,41,0,5,43,5,1,0,0,1,1,2,5,6,112,1,1,0,0,34,1.0,0,0,1,0,0,0,0,0,0,0,0,0,34,,,34,0,0,2,2,0,0,1.0,0,0,0,0,0,4,0,56,173,1,0,0,1,2,1,-3,0,156
2008,3,HOU,REG,2008_03_HOU_TEN,TEN,17,37,188,0,3,3,-17,1,0,338,90,8,-23.430747572229077,-6.449071442087491,0,7,4,2,1,28,146,1,1,0,7,1.373545114242006,0,3,2,2,1,17,0,188,0,0,0,338,90,8,8.715859103831463,0,7,4,2,1,0,29,21,25,0,0,1,0.0,0.0,1,1,33,4,0,0,0,0,2,-2,1,6,0,2,10,6,1,1,0,2,0,4,45,4,82,2,2,0,0,44,1.0,0,1,0,1,0,0,0,0,0,0,0,0,44;24,,,68,0,0,0,0,0,0,,0,0,0,0,0,4,0,57,170,2,0,2,0,0,2,15,0,155
2008,4,HOU,REG,2008_04_HOU_JAX,JAX,29,40,307,3,0,0,0,0,0,285,141,18,24.80663880278607,15.419037881735209,0,13,6,4,0,23,79,0,2,0,4,-3.1020986452669224,0,3,2,0,0,29,0,307,3,0,0,285,141,18,29.5363652339789,0,13,6,4,0,0,49,0,2,0,0,0,1.0,0.0,8,0,0,1,0,0,0,0,2,0,0,0,0,2,15,5,2,0,0,2,0,2,23,5,73,2,2,0,0,47,1.0,0,1,0,1,0,0,0,0,0,0,0,0,27;47,,,74,0,0,3,3,0,0,1.0,0,0,0,0,0,2,0,46,87,0,0,0,0,0,2,43,0,44
2008,5,HOU,REG,2008_05_IND_HOU,IND,21,33,246,1,1,2,-11,2,1,234,102,12,2.072769811282464,-1.1739359237253666,0,8,5,3,0,32,156,2,1,1,9,-2.8565833725903933,0,1,1,1,1,21,0,246,1,0,0,234,102,12,15.754120701305633,0,8,5,3,0,0,32,19,19,0,0,0,2.0,12.0,4,1,0,5,0,0,0,0,1,0,0,0,0,1,5,6,3,0,0,3,2,0,0,4,107,2,2,0,0,43,1.0,0,0,1,1,0,0,0,0,0,0,0,0,37;43,,,80,0,0,3,3,0,0,1.0,0,0,0,0,0,2,0,44,87,0,0,0,1,0,1,6,0,61
2008,6,HOU,REG,2008_06_MIA_HOU,MIA,22,42,379,1,2,1,-8,0,0,363,150,13,2.0984037673709643,-7.6866238582425,0,15,11,8,1,27,114,1,0,0,8,4.108618842568947,0,3,3,1,0,22,0,379,1,1,1,363,150,13,21.490423422597814,0,15,11,8,1,1,30,20,22,0,0,1,2.0,10.0,3,1,19,3,0,1,0,0,0,0,0,0,0,1,5,6,2,0,0,2,2,4,87,5,142,3,3,0,0,42,1.0,0,1,1,1,0,0,0,0,0,0,0,0,27;33;42,,,102,0,0,2,2,0,0,1.0,0,0,0,0,0,3,0,58,140,1,0,0,1,1,1,25,0,95
2008,7,HOU,REG,2008_07_DET_HOU,DET,26,31,267,2,0,3,-13,1,1,181,119,16,6.584293110499857,15.437858912252612,0,14,6,1,0,34,150,2,1,0,12,5.562908849940868,0,3,2,1,0,26,0,267,2,0,0,181,119,16,17.501285763661144,0,14,6,1,0,0,24,9,9,0,0,0,2.0,16.0,3,0,0,6,0,0,0,0,1,-2,0,0,0,5,41,2,1,1,0,2,1,2,-12,5,102,0,0,0,0,,,0,0,0,0,0,0,0,0,0,0,0,0,,,,0,0,0,4,4,0,0,1.0,0,0,0,0,0,4,0,59,195,3,0,3,0,1,0,0,0,195
2008,8,HOU,REG,2008_08_CIN_HOU,CIN,24,28,280,3,0,1,-5,0,0,238,99,17,21.970845380303217,21.061389254672186,0,9,6,4,0,31,109,1,0,0,5,-2.227156017528614,0,2,1,1,0,24,0,280,3,0,0,238,99,17,25.684351614007028,0,9,6,4,0,1,28,17,25,0,0,1,2.0,7.0,4,2,17,7,0,0,0,0,0,0,1,0,0,7,55,4,0,0,0,0,0,1,73,3,58,0,0,0,0,,,0,0,0,0,0,0,0,0,0,0,0,0,,,,0,0,0,5,5,0,0,1.0,0,0,0,0,0,2,0,35,59,0,1,0,0,0,1,15,0,44
2008,9,HOU,REG,2008_09_HOU_MIN,MIN,32,45,363,2,2,5,-36,2,1,264,209,17,0.26632333247107454,1.849185095893012,0,15,9,6,0,16,62,0,0,0,3,-4.164268527034437,0,1,1,0,0,32,0,363,2,0,0,264,209,17,30.466149567742832,0,15,9,6,0,0,40,5,19,0,0,0,3.0,14.0,3,1,44,1,1,0,0,0,1,0,0,0,0,5,35,6,2,0,0,2,1,2,-1,5,101,0,0,0,0,,,0,0,0,0,0,0,0,0,0,0,0,0,,,,0,0,0,3,3,0,0,1.0,0,0,0,0,0,4,0,55,161,1,0,0,1,1,2,5,0,136
2008,10,HOU,REG,2008_10_BAL_HOU,BAL,23,38,294,1,4,2,-14,0,0,315,121,12,-17.152755015816517,-2.8885736669364728,0,8,6,4,2,16,75,0,0,0,5,0.3035521439545814,0,3,2,0,0,23,0,294,1,0,0,315,121,12,20.067893998522777,0,8,6,4,2,0,34,23,23,0,0,0,3.0,28.0,7,0,0,4,0,0,0,0,0,0,0,0,0,10,76,6,0,0,0,0,0,0,0,6,126,2,2,0,0,48,1.0,0,1,0,1,0,0,0,0,0,0,0,0,23;48,,,71,0,0,1,1,0,0,1.0,0,0,0,0,0,3,0,50,139,0,0,1,0,1,1,3,0,136
2008,11,HOU,REG,2008_11_HOU_IND,IND,13,18,192,0,1,2,-13,0,0,136,90,7,6.538336029894336,6.01713392469618,0,6,3,1,1,25,177,3,1,0,9,10.509395984758157,0,4,2,2,1,13,0,192,0,0,0,136,90,7,13.937919533636887,0,6,3,1,1,0,50,17,17,0,0,0,0.0,0.0,3,0,0,1,0,0,0,0,1,3,0,0,0,3,23,3,1,0,0,1,0,1,39,8,207,2,2,0,0,34,1.0,0,1,1,0,0,0,0,0,0,0,0,0,28;34,,,62,0,0,3,3,0,0,1.0,0,0,0,0,0,2,0,53,95,0,0,0,0,0,2,11,0,84
2008,12,HOU,REG,2008_12_HOU_CLE,CLE,24,32,275,1,2,1,-4,0,0,245,119,13,6.903253188092411,14.105850746554713,0,12,7,4,0,36,112,0,1,0,6,-10.403773340507822,0,2,2,0,0,24,0,275,1,0,0,245,119,13,18.914677184242446,0,12,7,4,0,0,32,7,7,0,0,1,0.0,0.0,4,3,29,5,0,1,0,0,2,-1,2,0,0,11,84,4,1,1,0,2,0,2,18,2,43,3,5,1,1,36,0.6,0,0,3,0,0,0,0,0,0,0,1,0,31;31;36,56,49,98,56,49,1,1,0,0,1.0,0,0,0,0,0,3,0,51,129,0,0,0,1,0,2,10,0,99
2008,13,HOU,REG,2008_13_JAX_HOU,JAX,14,25,200,1,1,0,0,0,0,196,118,8,-2.026639138018377,-6.5872039794921875,0,8,3,3,1,26,126,2,0,0,8,1.1815301790954562,0,4,4,2,1,14,0,200,1,0,0,196,118,8,11.47857291117309,0,8,3,3,1,0,48,11,11,0,0,2,3.0,25.0,6,1,13,4,0,0,0,0,1,0,2,0,0,5,30,3,0,1,0,1,0,1,28,2,35,3,3,0,0,50,1.0,0,1,1,0,1,0,0,0,0,0,0,0,38;50;20,,,108,0,0,3,3,0,0,1.0,0,0,0,0,0,3,0,41,108,3,0,1,0,2,0,0,0,108
2008,14,HOU,REG,2008_14_HOU_GB,GB,28,42,414,2,1,1,-6,0,0,446,174,18,20.502796981791295,11.293407204823616,1,17,10,8,2,31,141,0,2,1,6,-2.1381611820810686,0,4,4,1,0,28,0,414,2,1,1,446,174,18,28.294994266152024,1,17,10,8,2,0,36,12,12,0,0,0,2.0,16.0,5,1,0,3,0,2,0,0,2,-1,0,0,0,4,30,4,2,3,0,5,3,5,20,4,72,3,4,1,0,41,0.75,0,0,1,2,0,0,0,0,0,1,0,0,30;41;40,41,,111,41,0,1,1,0,0,1.0,1,1,0,0,40,3,0,47,127,1,0,0,0,1,2,8,0,119
2008,15,HOU,REG,2008_15_TEN_HOU,TEN,23,39,284,1,0,3,-16,1,1,317,95,11,-6.944518264415722,-3.3276010782290726,0,9,4,3,2,29,107,0,0,0,6,-2.5945189960184507,0,2,2,1,0,23,0,284,1,0,0,317,95,11,18.04090183720981,0,9,4,3,2,0,34,7,9,0,0,2,0.0,0.0,1,1,23,5,0,0,0,0,0,0,1,0,0,11,127,3,1,0,0,1,1,2,15,4,97,2,3,1,0,32,0.6666666666666666,0,1,1,0,0,0,0,1,0,0,0,0,32;24,26,,56,26,0,1,1,0,0,1.0,0,0,0,0,0,6,0,57,257,3,0,2,1,2,1,17,0,220
2008,16,HOU,REG,2008_16_HOU_OAK,LV,19,36,255,0,1,3,-21,0,0,214,174,11,-8.20070090789206,-8.812416954474015,0,11,6,3,1,22,90,1,0,0,5,1.9789942177340483,0,2,2,0,0,19,0,255,0,1,0,214,173,11,14.577750016876962,0,11,6,3,1,0,48,10,10,0,0,2,1.0,13.0,1,0,0,2,0,1,0,0,2,0,1,0,0,1,15,3,2,0,0,2,0,2,30,5,94,3,3,0,0,53,1.0,0,1,0,1,1,0,0,0,0,0,0,0,53;24;40,,,117,0,0,1,1,0,0,1.0,0,0,0,0,0,4,0,44,147,1,0,1,0,1,2,80,1,67
2008,17,HOU,REG,2008_17_CHI_HOU,CHI,27,36,328,2,0,0,0,0,0,210,141,16,15.788029144665245,9.936347348349434,0,13,8,5,1,36,127,2,0,0,8,-2.6590587464161217,0,3,2,1,1,27,0,328,2,1,1,210,141,16,18.23643025138881,0,13,8,5,1,0,41,3,9,0,0,2,2.0,19.0,2,0,0,8,0,0,0,0,0,0,1,0,0,7,70,2,1,0,0,1,1,2,16,4,99,1,1,0,0,22,1.0,0,1,0,0,0,0,0,0,0,0,0,0,22,,,22,0,0,4,4,0,0,1.0,0,0,0,0,0,4,0,45,166,1,0,0,1,2,1,0,0,146
2009,1,HOU,REG,2009_01_NYJ_HOU,NYJ,18,33,166,0,1,2,-21,0,0,154,97,7,-10.794711644004565,-15.098559720949693,0,6,3,1,0,13,38,0,0,0,3,-1.4446352161467075,0,1,0,0,0,18,33,166,0,1,1,154,97,7,-11.875769414473325,0,6,3,1,0,0,43,16,20,0,0,1,0.0,0.0,3,1,14,5,0,1,0,0,1,48,0,0,1,6,37,2,2,0,0,2,1,0,0,5,118,0,0,0,0,,,0,0,0,0,0,0,0,0,0,0,0,0,,,,0,0,0,1,1,0,0,1.0,0,0,0,0,0,6,0,51,264,1,0,0,0,3,3,34,0,230
2009,2,HOU,REG,2009_02_HOU_TEN,TEN,25,39,357,4,0,0,0,0,0,356,154,15,25.93382506281337,6.156149506568909,0,10,7,6,2,29,63,0,2,0,3,-14.311210226801716,0,2,2,0,0,25,39,357,4,0,0,356,154,15,25.93382506281337,0,10,7,6,2,0,41,11,13,0,0,0,1.0,7.0,3,1,13,4,0,1,0,0,2,0,1,0,0,6,40,3,2,1,0,3,0,3,14,3,50,2,2,0,0,38,1.0,0,1,1,0,0,0,0,0,0,0,0,0,38;23,,,61,0,0,4,4,0,0,1.0,0,0,0,0,0,6,0,62,311,1,0,1,1,0,4,25,0,266
2009,3,HOU,REG,2009_03_JAX_HOU,JAX,26,35,300,3,1,2,-14,0,0,282,97,17,14.06369748734869,11.07325724193028,0,14,9,5,0,22,111,0,1,1,5,-5.664716416496631,0,5,2,1,0,26,35,300,3,0,0,282,97,17,17.091264441376552,0,14,9,5,0,0,31,15,19,0,0,1,0.0,0.0,8,0,0,5,0,0,0,0,0,0,1,0,0,5,60,5,1,0,0,1,1,1,13,6,152,1,1,0,0,27,1.0,0,1,0,0,0,0,0,0,0,0,0,0,27,,,27,0,0,3,3,0,0,1.0,0,0,0,0,0,4,0,50,171,1,0,1,1,0,2,0,0,151
2009,4,HOU,REG,2009_04_OAK_HOU,LV,11,22,224,1,1,4,-15,0,0,199,142,7,-0.5423131187902657,-9.12956947630102,0,6,5,3,3,41,120,1,1,1,6,-15.91944878073317,0,4,2,1,0,11,22,224,1,0,0,199,142,7,4.528905526468075,0,6,5,3,3,1,30,12,16,0,0,2,2.0,8.0,11,0,0,5,0,1,1,0,1,0,3,0,0,1,5,1,0,2,0,2,1,7,60,4,129,2,3,1,0,34,0.6666666666666666,0,1,1,0,0,0,0,0,1,0,0,0,26;34,33,,60,33,0,3,3,0,0,1.0,0,0,0,0,0,7,0,40,250,2,0,1,0,4,2,-4,0,254
2009,5,HOU,REG,2009_05_HOU_ARI,ARI,35,50,371,2,1,0,0,0,0,352,155,17,7.406823255516101,5.570095419883728,0,15,7,4,0,21,45,1,1,0,5,-8.377417587151285,0,1,1,0,0,35,50,371,2,0,0,352,155,17,7.406823255516101,0,15,7,4,0,0,34,10,12,0,0,1,1.0,6.0,4,0,0,6,0,0,0,0,1,-2,1,29,0,6,53,4,0,1,0,1,0,5,100,4,117,0,1,0,1,,0.0,0,0,0,0,0,0,0,0,0,0,0,0,,,35,0,0,35,3,3,0,0,1.0,0,0,0,0,0,5,0,49,200,2,0,2,0,1,2,2,0,198
2009,6,HOU,REG,2009_06_HOU_CIN,CIN,28,40,392,4,1,2,-7,0,0,256,241,21,23.5846391823022,13.811253051500064,0,19,6,5,1,31,87,0,1,1,5,-8.778315428993665,0,2,1,0,0,28,37,392,4,1,0,256,241,21,28.138128127669916,0,19,6,5,1,0,36,1,19,0,0,2,1.0,9.0,1,1,0,5,0,1,0,0,0,0,2,2,0,7,60,4,2,1,2,3,1,5,47,3,57,0,1,0,1,,0.0,0,0,0,0,0,0,0,0,0,0,0,0,,,28,0,0,28,4,4,0,0,1.0,0,0,0,0,0,5,0,40,175,2,0,0,2,3,0,0,0,135
2009,7,HOU,REG,2009_07_SF_HOU,SF,20,30,264,2,0,2,-18,0,0,303,95,11,10.20193672858295,6.367178466813318,0,9,4,3,2,27,90,1,1,1,6,-9.610545258516426,0,3,3,1,0,20,29,264,2,0,0,303,95,11,14.145650980557548,0,9,4,3,2,0,31,12,12,0,0,0,2.0,13.0,6,1,16,5,0,0,0,0,0,0,1,0,0,7,77,0,1,0,0,1,1,5,26,4,75,1,1,0,0,50,1.0,0,0,0,0,1,0,0,0,0,0,0,0,50,,,50,0,0,3,3,0,0,1.0,0,0,0,0,0,5,0,45,186,4,1,1,0,2,1,0,0,186
2009,8,HOU,REG,2009_08_HOU_BUF,BUF,25,34,268,0,2,2,-15,0,0,194,148,11,5.0535259325100785,8.000662221628076,1,9,6,4,0,40,186,3,0,0,12,14.823770535411313,0,5,4,0,0,25,34,268,0,1,1,194,148,11,3.0700010608909833,1,9,6,4,0,0,19,25,25,0,0,0,2.0,10.0,5,2,19,4,0,0,0,0,0,0,0,0,0,5,45,1,1,0,0,1,1,4,73,3,59,3,3,0,0,42,1.0,0,2,0,1,0,0,0,0,0,0,0,0,42;22;26,,,90,0,0,2,2,0,0,1.0,0,0,0,0,0,1,0,39,39,0,0,0,0,1,0,0,0,39
2009,9,HOU,REG,2009_09_HOU_IND,IND,32,43,311,1,2,2,-10,0,0,297,138,16,9.409821080852206,11.30550990744335,0,10,5,2,1,26,81,1,0,0,5,-1.4857725100009702,0,1,1,0,0,32,41,311,1,1,1,297,138,16,5.196543044504022,0,10,5,2,1,0,42,13,13,0,0,1,2.0,12.0,2,2,36,9,0,0,0,0,0,0,0,0,0,13,103,5,1,0,1,1,1,0,0,5,113,1,2,1,0,56,0.5,0,0,0,0,1,0,0,0,0,1,0,0,56,42,,56,42,0,2,2,0,0,1.0,0,0,0,0,0,4,0,52,174,0,0,0,0,2,2,8,0,166
2009,11,HOU,REG,2009_11_TEN_HOU,TEN,25,39,305,2,0,4,-22,0,0,320,125,16,5.248956946528364,1.9318241822092157,0,11,5,5,1,17,57,0,0,0,1,-2.3199691716694413,0,0,0,0,0,25,38,305,2,0,0,320,125,16,11.32444796774102,0,11,5,5,1,0,38,15,19,0,0,1,0.0,0.0,2,0,0,4,0,0,0,0,0,0,1,0,0,7,72,6,0,0,0,0,0,3,10,5,100,1,3,2,0,26,0.3333333333333333,0,1,0,0,0,0,0,0,0,2,0,0,26,49;49,,26,98,0,2,2,0,0,1.0,0,0,0,0,0,5,0,55,236,4,0,0,1,4,0,0,0,216
2009,12,HOU,REG,2009_12_IND_HOU,IND,31,42,284,2,2,2,-10,1,1,323,119,18,0.19698913548441732,10.180549039727165,0,10,4,2,0,24,122,1,0,0,9,5.0479777086293325,0,2,2,0,0,31,42,284,2,0,0,323,119,18,5.656238735728637,0,10,4,2,0,0,38,12,18,0,0,0,2.0,16.0,4,2,20,3,0,0,0,0,0,0,0,0,0,10,129,3,1,0,0,1,1,2,8,3,73,2,2,0,0,35,1.0,0,0,2,0,0,0,0,0,0,0,0,0,35;33,,,68,0,0,3,3,0,0,1.0,0,0,0,0,0,2,0,58,106,1,0,0,0,1,1,7,0,99
2009,13,HOU,REG,2009_13_HOU_JAX,JAX,22,37,240,1,3,2,-7,0,0,273,93,10,-5.056332258754876,-2.32474465627928,0,10,3,3,1,22,68,1,1,0,7,-0.7621606834582053,0,1,0,0,0,22,37,240,1,0,0,273,93,10,-6.103142476887908,0,10,3,3,1,0,51,1,11,0,0,0,4.0,22.0,9,0,0,5,0,0,1,0,1,0,1,0,0,6,37,3,0,1,0,1,0,3,13,6,111,1,1,0,0,32,1.0,0,0,1,0,0,0,0,0,0,0,0,0,32,,,32,0,0,1,1,0,0,1.0,0,0,0,0,0,5,0,56,225,2,0,2,1,0,2,12,0,193
2009,14,HOU,REG,2009_14_SEA_HOU,SEA,29,39,365,2,1,0,0,0,0,298,194,18,13.243812574858792,5.584180049407176,0,13,7,5,1,28,85,1,1,1,5,-12.479753414754544,0,2,1,0,0,29,39,365,2,0,0,298,194,18,13.243812574858792,0,13,7,5,1,0,40,17,17,0,0,1,3.0,27.0,6,1,70,5,1,0,0,0,0,0,0,0,0,4,35,3,0,1,0,1,1,5,56,1,33,2,4,1,1,31,0.5,0,1,1,0,0,0,0,0,0,1,0,0,29;31,48,26,60,48,26,4,4,0,0,1.0,0,0,0,0,0,4,0,52,177,1,1,1,0,0,2,0,0,177
2009,15,HOU,REG,2009_15_HOU_STL,LA,28,40,367,1,0,0,0,0,0,368,96,15,16.16169368094283,11.736093582333746,0,12,9,7,2,24,52,0,1,1,5,-6.871924214414321,0,2,1,0,0,28,37,367,1,1,1,368,96,15,13.521461278169719,0,12,9,7,2,0,46,7,7,0,0,0,3.0,24.0,6,1,3,3,0,0,0,0,0,0,1,0,0,4,30,4,1,1,0,2,2,0,0,3,62,3,4,1,0,28,0.75,0,3,0,0,0,0,0,0,0,0,1,0,27;25;28,52,,80,52,0,1,1,0,0,1.0,0,0,0,0,0,2,0,50,85,0,0,0,0,0,2,12,0,73
2009,16,HOU,REG,2009_16_HOU_MIA,MIA,20,31,286,2,1,1,-6,0,0,227,184,14,9.304491548151251,1.2955607906464608,0,13,7,5,1,32,126,1,0,0,7,0.6213752711191773,0,2,2,0,0,20,31,286,2,0,0,227,184,14,10.665469250925359,0,13,7,5,1,0,53,2,4,0,0,1,3.0,19.0,7,1,6,3,0,0,0,0,0,0,0,0,0,3,15,2,0,0,0,0,0,2,-2,3,59,2,2,0,0,49,1.0,0,1,0,1,0,0,0,0,0,0,0,0,49;22,,,71,0,0,3,3,0,0,1.0,0,0,0,0,0,4,0,51,182,2,0,1,0,2,1,8,0,174
2009,17,HOU,REG,2009_17_NE_HOU,NE,24,39,303,2,1,1,-8,0,0,332,90,18,0.726686702430944,-2.102996016803541,0,16,7,3,0,27,144,2,1,0,9,6.135855008265935,0,5,5,1,0,24,38,303,2,1,0,332,92,18,1.595674690610715,0,16,7,3,0,0,36,12,16,0,0,1,2.0,14.0,6,1,15,4,0,0,0,0,2,0,1,0,1,5,35,4,1,1,0,2,0,1,31,5,141,0,2,2,0,,0.0,0,0,0,0,0,0,0,0,1,0,1,0,,56;38,,0,94,0,4,5,1,0,0.8,0,0,0,0,0,2,0,45,80,1,0,1,0,1,0,0,0,80
2010,1,HOU,REG,2010_01_IND_HOU,IND,9,17,107,1,1,2,-9,0,0,153,50,7,-3.911857888081336,-11.017350238912245,0,3,3,3,0,42,257,3,0,0,15,14.474671854288317,0,7,4,2,1,9,17,107,1,0,0,153,50,7,-1.6227091550615071,0,3,3,3,0,0,38,14,24,0,0,1,2.0,14.0,10,0,0,5,0,0,0,0,0,0,1,3,0,7,50,4,0,0,0,0,0,1,39,3,79,2,2,0,0,49,1.0,0,0,1,1,0,0,0,0,0,0,0,0,30;49,,,79,0,0,4,4,0,0,1.0,0,0,0,0,0,2,0,58,91,1,0,0,0,1,1,13,0,78
2010,2,HOU,REG,2010_02_HOU_WAS,WAS,38,52,497,3,1,5,-29,0,0,471,200,23,19.7053575211879,10.585168204628504,0,19,11,8,1,24,58,0,0,0,6,-0.34907068592526214,0,3,0,0,0,38,52,497,3,0,0,471,200,23,25.308696709514606,0,19,11,8,1,0,38,5,17,0,0,0,3.0,23.0,4,0,0,5,0,0,0,0,0,0,0,0,0,5,45,7,0,0,0,0,0,4,28,6,88,3,4,1,0,47,0.75,0,0,1,2,0,0,0,0,0,1,0,0,47;43;35,47,,125,47,0,3,3,0,0,1.0,1,1,0,0,35,3,0,44,121,1,1,0,1,1,0,0,0,101
2010,3,HOU,REG,2010_03_DAL_HOU,DAL,23,32,241,1,2,4,-25,0,0,244,113,15,2.1441189429616956,3.4160208888351917,0,13,4,2,0,22,124,0,1,1,7,-3.8482862779928837,0,6,5,2,0,23,32,241,1,0,0,244,113,15,10.109993200384903,0,13,4,2,0,0,28,16,30,0,0,0,0.0,0.0,6,0,0,3,0,0,0,0,0,0,0,0,0,5,32,4,1,0,0,1,1,2,12,5,122,2,2,0,0,30,1.0,0,1,1,0,0,0,0,0,0,0,0,0,24;30,,,54,0,0,1,1,0,0,1.0,0,0,0,0,0,3,0,42,110,1,0,1,1,0,1,12,0,78
2010,4,HOU,REG,2010_04_HOU_OAK,LV,16,29,192,2,0,0,0,0,0,176,117,11,8.760893614664498,-5.610026363973264,0,9,3,2,0,36,249,2,0,0,10,9.289911105879582,0,4,3,3,1,16,28,192,2,0,0,176,117,11,8.857868163548234,0,9,3,2,0,0,45,4,18,0,0,2,4.0,33.0,3,2,34,5,0,0,0,0,0,0,1,0,0,5,26,3,0,0,0,0,0,2,18,0,0,1,2,1,0,35,0.5,0,0,1,0,0,0,0,0,0,1,0,0,35,46,,35,46,0,4,4,0,0,1.0,0,0,0,0,0,6,0,51,252,1,0,1,0,2,3,4,0,248
2010,5,HOU,REG,2010_05_NYG_HOU,NYG,16,34,196,0,1,3,-25,2,1,274,94,9,-16.118759064222925,-16.997368195477655,0,10,4,1,1,15,24,1,0,0,2,-6.830129606853006,0,0,0,0,0,16,34,196,0,0,0,274,94,9,-6.882038290947914,0,10,4,1,1,0,36,23,27,0,0,0,0.0,0.0,4,2,24,5,0,0,0,0,1,0,0,0,0,8,67,1,2,0,0,2,1,4,26,7,109,1,1,0,0,38,1.0,0,0,1,0,0,0,0,0,0,0,0,0,38,,,38,0,0,1,1,0,0,1.0,0,0,0,0,0,7,0,53,312,4,1,0,1,0,5,22,0,270
2010,6,HOU,REG,2010_06_KC_HOU,KC,25,33,305,2,0,2,-16,0,0,230,121,15,15.163388242945075,13.433118164539337,0,13,6,4,1,22,132,3,0,0,8,7.900090461829677,0,3,3,2,0,25,32,305,2,0,0,230,121,15,18.5369657552219,0,13,6,4,1,0,35,25,33,0,0,0,1.0,12.0,3,0,0,2,0,0,0,0,0,0,0,0,0,5,53,3,0,0,0,0,0,1,0,5,103,0,0,0,0,,,0,0,0,0,0,0,0,0,0,0,0,0,,,,0,0,0,5,5,0,0,1.0,0,0,0,0,0,4,0,60,191,1,1,0,0,0,3,28,0,163
2010,8,HOU,REG,2010_08_HOU_IND,IND,22,38,201,1,1,3,-18,1,1,170,108,10,-16.092212857717552,-11.272877371973461,0,9,3,2,0,18,108,1,0,0,7,8.514632668171544,0,2,1,1,0,22,37,201,1,1,0,170,108,10,-8.382657612557523,0,9,3,2,0,0,41,16,18,0,0,0,1.0,9.0,3,0,0,4,0,1,0,0,2,1,0,0,0,5,30,5,2,1,0,3,1,3,11,7,172,1,1,0,0,53,1.0,0,0,0,0,1,0,0,0,0,0,0,0,53,,,53,0,0,2,2,0,0,1.0,0,0,0,0,0,5,0,59,222,1,0,0,0,2,3,40,0,182
2010,9,HOU,REG,2010_09_SD_HOU,LAC,21,32,267,0,1,2,-15,1,0,237,125,12,2.70919668158544,-2.4615460075438023,0,11,7,5,0,34,140,2,0,0,10,-5.901362099137847,0,4,4,0,0,21,32,267,0,0,0,237,125,12,6.046375849363671,0,11,7,5,0,0,22,17,21,0,0,1,1.0,5.0,5,1,0,1,0,0,0,0,1,0,1,0,0,4,31,5,1,0,0,1,0,1,5,5,122,3,3,0,0,27,1.0,0,3,0,0,0,0,0,0,0,0,0,0,27;21;25,,,73,0,0,2,2,0,0,1.0,0,0,0,0,0,2,0,36,70,0,0,1,0,0,1,0,0,70
2010,10,HOU,REG,2010_10_HOU_JAX,JAX,22,32,314,2,0,0,0,0,0,219,124,13,17.344374867186765,6.242676800297152,0,12,10,3,1,21,81,1,1,0,6,-1.2901788304443471,0,3,3,0,0,22,31,314,2,1,1,219,124,13,17.052944287397317,0,12,10,3,1,0,60,1,5,0,0,1,2.0,16.0,10,0,0,2,0,0,0,0,1,-12,0,0,0,8,49,3,1,1,0,2,1,0,0,2,40,1,1,0,0,24,1.0,0,1,0,0,0,0,0,0,0,0,0,0,24,,,24,0,0,3,3,0,0,1.0,0,0,0,0,0,4,0,49,150,1,0,2,0,1,1,1,0,149
2010,11,HOU,REG,2010_11_HOU_NYJ,NYJ,19,33,254,1,0,1,-8,0,0,354,139,12,6.706345167627466,-0.4721891699415265,0,11,6,6,1,26,97,2,1,1,5,-4.389157699311539,0,3,1,0,0,19,33,254,1,0,0,354,139,12,7.545255704468024,0,11,6,6,1,0,47,7,21,0,0,1,3.0,17.0,7,1,18,5,0,0,0,0,0,0,1,8,0,3,25,4,1,0,0,1,1,1,9,7,89,2,2,0,0,38,1.0,0,1,1,0,0,0,0,0,0,0,0,0,38;22,,,60,0,0,3,3,0,0,1.0,0,0,0,0,0,6,0,47,244,3,0,0,0,3,3,40,0,204
2010,12,HOU,REG,2010_12_TEN_HOU,TEN,25,35,178,2,0,2,-20,1,0,152,76,12,-0.5481216914665641,6.482529384749276,0,5,3,1,0,39,188,0,0,0,9,3.0557848706217112,0,5,5,1,0,25,35,178,2,0,0,152,76,12,1.4827283051563427,0,5,3,1,0,0,28,5,9,0,0,0,1.0,0.0,5,3,12,9,0,0,0,0,1,0,0,0,0,6,68,5,1,0,0,1,0,5,23,1,22,2,2,0,0,35,1.0,0,0,2,0,0,0,0,0,0,0,0,0,35;33,,,68,0,0,2,2,0,0,1.0,0,0,0,0,0,4,0,53,199,1,0,1,1,0,2,25,0,154
2010,13,HOU,REG,2010_13_HOU_PHI,PHI,22,36,337,2,1,2,-14,1,1,298,139,18,7.991320839450435,3.909738449489369,0,16,7,5,1,26,108,1,0,0,6,0.762599992682226,0,2,2,1,0,22,34,337,2,0,0,298,139,18,14.245861345851534,0,16,7,5,1,0,49,0,4,0,0,1,1.0,1.0,7,1,0,3,0,0,0,0,0,0,0,0,0,4,25,6,1,0,0,1,1,1,-3,6,101,1,1,0,0,48,1.0,0,0,0,1,0,0,0,0,0,0,0,0,48,,,48,0,0,3,3,0,0,1.0,0,0,0,0,0,2,0,36,72,0,0,1,0,1,0,0,0,72
2010,14,HOU,REG,2010_14_BAL_HOU,BAL,31,62,393,3,2,2,-15,0,0,637,124,21,3.796155164362306,-9.762417872746786,1,17,9,6,1,22,111,0,1,0,6,1.79590421076864,0,3,2,0,0,31,60,393,3,0,0,637,124,21,9.124546961316486,1,17,9,6,1,0,31,20,30,0,0,1,5.0,45.0,10,0,0,4,0,0,0,0,1,0,0,0,0,8,51,5,1,0,0,1,0,4,16,2,41,2,3,1,0,42,0.6666666666666666,0,1,0,1,0,0,0,0,0,0,1,0,24;42,52,,66,52,0,2,2,0,0,1.0,0,0,0,0,0,4,0,54,186,1,0,0,0,2,2,24,0,162
2010,15,HOU,REG,2010_15_HOU_TEN,TEN,35,54,325,2,1,4,-32,1,0,413,101,20,4.2955071297806136,4.388832624228495,0,13,5,1,0,17,30,0,0,0,4,-7.699669413850643,0,0,0,0,0,35,54,325,2,1,0,413,96,20,12.484668880734258,0,13,5,1,0,0,35,11,11,0,0,0,3.0,25.0,5,1,1,3,0,0,0,0,2,0,0,0,0,9,66,6,2,0,0,2,0,1,12,4,88,1,1,0,0,37,1.0,0,0,1,0,0,0,0,0,0,0,0,0,37,,,37,0,0,2,2,0,0,1.0,0,0,0,0,0,4,0,52,144,1,0,2,1,0,1,2,0,122
2010,16,HOU,REG,2010_16_HOU_DEN,DEN,23,33,310,1,1,0,0,0,0,222,202,15,10.468524820425722,3.0085796659643,0,14,5,5,1,22,91,1,1,0,5,-1.4833326576044783,0,4,2,1,0,23,33,310,1,0,0,222,202,15,10.468524820425722,0,14,5,5,1,0,43,2,14,0,0,2,1.0,3.0,2,1,0,2,0,0,0,0,1,-3,0,0,0,3,24,4,0,1,0,1,0,2,14,3,65,3,3,0,0,57,1.0,0,0,1,0,2,0,0,0,0,0,0,0,34;54;57,,,145,0,0,2,2,0,0,1.0,0,0,0,0,0,4,0,55,170,1,0,1,0,1,2,19,0,151
2010,17,HOU,REG,2010_17_JAX_HOU,JAX,18,22,253,1,0,0,0,0,0,161,160,9,15.554794419908788,15.968769924207168,0,8,6,5,1,37,244,3,0,0,12,3.2376648629151563,0,5,5,3,1,18,22,253,1,0,0,161,160,9,15.554794419908788,0,8,6,5,1,0,32,19,23,0,0,1,2.0,16.0,10,1,1,1,0,0,0,0,0,0,1,0,0,5,48,3,0,0,0,0,0,3,26,4,85,2,2,0,0,33,1.0,0,1,1,0,0,0,0,0,0,0,0,0,26;33,,,59,0,0,4,4,0,0,1.0,0,0,0,0,0,3,0,54,116,1,1,1,0,0,1,3,0,113
2011,1,HOU,REG,2011_01_IND_HOU,IND,17,24,220,1,2,1,-3,0,0,196,86,13,3.570298451255603,6.089728698134422,0,10,6,5,0,41,167,2,1,1,12,-5.567676743454174,0,6,4,0,0,17,24,220,1,0,0,196,86,13,4.748508978251429,0,10,6,5,0,1,29,7,11,0,0,2,3.0,25.0,8,0,0,2,0,0,0,0,0,0,2,2,0,4,30,1,1,0,0,1,1,3,91,1,46,2,2,0,0,29,1.0,0,2,0,0,0,0,0,0,0,0,0,0,25;29,,,54,0,0,4,4,0,0,1.0,0,0,0,0,0,2,0,54,89,0,0,0,1,1,0,0,0,69
2011,2,HOU,REG,2011_02_HOU_MIA,MIA,21,29,230,2,0,3,-23,0,0,262,69,10,5.461980807255687,20.95206567534694,0,9,4,3,1,36,138,0,0,0,9,-6.558404214063327,0,4,3,0,0,21,27,230,2,0,0,262,69,10,10.83028341003228,0,9,4,3,1,0,42,0,12,0,0,1,2.0,17.0,7,1,5,8,0,0,0,0,0,0,1,0,0,4,76,4,0,0,0,0,0,2,36,2,77,3,3,0,0,36,1.0,0,2,1,0,0,0,0,0,0,0,0,0,23;22;36,,,81,0,0,2,2,0,0,1.0,0,0,0,0,0,6,0,69,287,2,0,0,0,2,4,40,0,247
2011,3,HOU,REG,2011_03_HOU_NO,NO,22,39,373,3,1,2,-9,0,0,352,207,17,13.318578999319694,-5.886424842633699,0,16,7,6,2,25,109,0,0,0,4,-1.400670858391095,0,4,1,0,0,22,38,373,3,0,0,352,207,17,16.019076801783054,0,16,7,6,2,0,51,0,6,0,0,0,2.0,16.0,5,2,26,7,0,0,0,0,0,0,0,0,0,7,56,4,0,0,0,0,0,2,5,3,83,4,4,0,0,36,1.0,0,3,1,0,0,0,0,0,0,0,0,0,22;27;27;36,,,112,0,0,3,3,0,0,1.0,0,0,0,0,0,2,0,40,74,0,0,1,0,0,1,5,0,69
2011,4,HOU,REG,2011_04_PIT_HOU,PIT,14,21,138,1,0,0,0,0,0,139,75,8,4.9874422196796,0.2400727499099005,0,6,2,1,0,35,180,1,0,0,9,2.4510207833955064,0,3,3,2,1,14,21,138,1,0,0,139,75,8,4.9874422196796,0,6,2,1,0,0,40,6,6,0,0,0,5.0,28.0,8,1,0,5,0,0,0,6,1,0,0,0,0,9,64,2,1,0,0,1,0,3,17,2,34,1,1,0,0,25,1.0,0,1,0,0,0,0,0,0,0,0,0,0,25,,,25,0,0,2,2,0,0,1.0,0,0,0,0,0,5,0,51,235,3,0,1,0,2,2,43,0,192
2011,5,HOU,REG,2011_05_OAK_HOU,LV,24,51,416,2,2,3,-13,0,0,411,225,16,1.2181236393665742,-15.143480837345123,0,12,8,7,3,25,70,0,1,0,2,-8.164377623063046,0,1,1,1,0,24,50,416,2,0,0,411,225,16,3.5459450784346336,0,12,8,7,3,0,36,9,13,0,0,0,3.0,6.0,12,1,0,6,0,0,0,0,1,-13,0,0,0,6,50,4,0,1,0,1,0,5,33,4,90,2,3,1,0,54,0.6666666666666666,0,0,0,1,1,0,0,0,0,1,0,0,54;40,41,,94,41,0,2,2,0,0,1.0,0,0,0,0,0,8,0,52,298,2,0,1,0,2,5,34,0,264
2011,6,HOU,REG,2011_06_HOU_BAL,BAL,21,37,220,1,0,4,-20,1,0,283,78,11,-1.51901329040993,-9.6338927343085,0,9,5,3,0,25,93,0,1,0,5,-4.617585126776248,0,3,2,0,0,21,37,220,1,0,0,283,78,11,3.5863587472122163,0,9,5,3,0,0,37,13,17,0,0,1,2.0,16.0,8,1,2,2,0,0,0,0,2,0,1,0,1,5,15,6,2,0,0,2,0,1,4,1,26,0,0,0,0,,,0,0,0,0,0,0,0,0,0,0,0,0,,,,0,0,0,2,2,0,0,1.0,0,0,0,0,0,6,0,59,246,2,1,1,1,2,1,13,0,213
2011,7,HOU,REG,2011_07_HOU_TEN,TEN,18,23,296,2,0,0,0,0,0,246,142,13,23.995971255823868,24.048695916479286,0,9,7,6,1,47,222,2,0,0,14,0.48902168592627193,0,9,6,1,0,18,22,296,2,0,0,246,142,13,24.535090555848917,0,9,7,6,1,0,36,0,6,0,0,2,2.0,21.0,4,2,38,7,1,0,0,0,0,0,0,0,0,6,68,4,0,0,0,0,0,1,0,0,0,2,2,0,0,32,1.0,0,1,1,0,0,0,0,0,0,0,0,0,32;29,,,61,0,0,5,5,0,0,1.0,0,0,0,0,0,2,0,57,96,0,0,0,0,0,2,33,0,63
2011,8,HOU,REG,2011_08_JAX_HOU,JAX,16,30,225,1,0,2,-23,1,1,353,91,14,2.325146287454162,-3.741700202226639,0,11,6,3,0,39,156,2,1,1,6,-8.518913433969479,0,3,3,0,0,16,28,225,1,0,0,353,91,14,11.181419591361191,0,11,6,3,0,0,30,10,12,0,0,0,1.0,7.0,5,2,5,9,0,0,0,0,0,0,0,0,0,7,60,6,2,0,0,2,2,5,56,0,0,1,2,1,0,39,0.5,0,0,1,0,0,0,0,0,0,1,0,0,39,46,,39,46,0,3,3,0,0,1.0,0,0,0,0,0,6,0,61,272,2,0,1,1,2,2,12,0,240
2011,9,HOU,REG,2011_09_CLE_HOU,CLE,14,23,119,0,1,0,0,0,0,122,43,7,-5.371464387278125,-0.6881996989250183,0,5,2,1,0,40,261,3,0,0,14,13.519290177209768,0,8,5,3,0,14,22,119,0,0,0,122,43,7,-4.999215891232766,0,5,2,1,0,0,39,6,8,0,0,1,4.0,18.0,8,1,42,4,0,0,0,0,0,0,1,0,0,2,15,1,0,0,0,0,0,2,56,3,67,3,3,0,0,50,1.0,0,2,0,0,1,0,0,0,0,0,0,0,28;21;50,,,99,0,0,3,3,0,0,1.0,0,0,0,0,0,2,0,49,95,0,0,0,1,0,1,3,0,72
2011,10,HOU,REG,2011_10_HOU_TB,TB,11,15,242,2,0,1,-7,0,0,99,173,9,15.55789104414491,11.764194766680399,0,7,3,2,2,44,185,3,0,0,12,1.8683588683170722,0,6,4,0,0,11,15,242,2,0,0,99,173,9,16.964568755899947,0,7,3,2,2,0,31,9,9,0,0,0,4.0,29.0,5,3,15,8,0,0,0,0,0,0,1,0,0,8,54,2,0,0,0,0,0,4,10,0,0,1,2,1,0,22,0.5,0,1,0,0,0,0,0,0,1,0,0,0,22,37,,22,37,0,4,5,0,1,0.8,0,0,0,0,0,4,0,53,181,1,1,0,0,1,2,34,0,147
2011,12,HOU,REG,2011_12_HOU_JAX,JAX,18,28,127,1,0,0,0,0,0,98,74,4,-6.260243323492013,1.8643529878722296,0,4,2,2,0,31,88,1,2,1,5,-12.100879943114705,0,3,1,1,1,18,27,127,1,0,0,98,74,4,-6.69550018198991,0,4,2,2,0,0,47,0,20,0,0,1,7.0,48.0,13,1,29,6,0,0,0,0,2,0,0,0,0,7,80,4,2,1,0,3,1,7,91,1,45,2,2,0,0,53,1.0,0,0,1,0,1,0,0,0,0,0,0,0,53;33,,,86,0,0,2,2,0,0,1.0,0,0,0,0,0,10,0,56,436,3,2,2,1,1,4,4,0,412
2011,13,HOU,REG,2011_13_ATL_HOU,ATL,12,25,188,1,0,3,-13,1,1,310,70,9,1.0144817580961345,-15.097463011741638,0,7,5,4,1,44,162,1,0,0,9,-2.0292715672403574,0,6,5,0,0,12,25,188,1,0,0,310,70,9,8.70984901695314,0,7,5,4,1,0,35,4,6,0,0,0,0.0,0.0,11,2,34,12,0,0,0,0,0,0,0,0,0,5,35,5,1,0,0,1,1,3,10,3,54,1,2,1,0,43,0.5,0,0,0,1,0,0,0,0,0,0,1,0,43,54,,43,54,0,2,2,0,0,1.0,0,0,0,0,0,5,0,66,264,0,1,0,2,0,2,22,0,202
2011,14,HOU,REG,2011_14_HOU_CIN,CIN,26,44,300,2,1,5,-32,1,1,405,143,17,7.7108733184956835,2.254554416452135,0,13,10,3,0,28,144,0,1,1,7,-4.004682129132561,0,5,3,1,1,26,42,300,2,1,1,405,148,17,15.405090685418795,0,13,10,3,0,0,40,0,22,0,0,2,1.0,5.0,5,0,0,7,0,0,0,0,1,0,2,0,0,5,50,4,4,0,0,4,3,4,30,5,59,2,3,1,0,46,0.6666666666666666,0,0,1,1,0,0,0,0,0,1,0,0,46;33,47,,79,47,0,2,2,0,0,1.0,0,0,0,0,0,2,0,53,103,1,0,1,0,1,0,0,0,103
2011,15,HOU,REG,2011_15_CAR_HOU,CAR,19,30,212,0,2,2,-4,0,0,188,118,11,-6.374681074835676,-6.385853787263234,0,9,7,3,0,25,150,1,2,1,7,0.43911245052004233,0,4,4,1,0,19,30,212,0,0,0,188,118,11,-4.4902499221147405,0,9,7,3,0,0,35,12,18,0,0,0,2.0,10.0,3,0,0,3,0,0,0,0,1,-5,0,0,0,6,60,4,1,1,0,2,1,5,63,2,84,2,3,1,0,34,0.6666666666666666,0,1,1,0,0,0,0,0,0,1,0,0,26;34,49,,60,49,0,1,1,0,0,1.0,0,0,0,0,0,2,0,36,59,1,1,0,0,0,1,1,0,58
2011,16,HOU,REG,2011_16_HOU_IND,IND,13,16,132,0,0,4,-20,1,1,122,67,6,-6.886203597911365,11.365354806184769,0,6,4,1,0,31,171,1,1,0,7,0.3023120973213036,0,5,5,2,0,13,16,132,0,0,0,122,67,6,3.3250408812596355,0,6,4,1,0,0,46,0,24,0,0,2,3.0,19.0,6,0,0,7,0,0,0,0,1,0,1,0,0,11,84,2,2,0,0,2,1,3,16,1,33,3,3,0,0,44,1.0,0,0,2,1,0,0,0,0,0,0,0,0,44;35;31,,,110,0,0,1,1,0,0,1.0,0,0,0,0,0,6,0,50,253,1,0,0,1,4,1,20,0,213
2011,17,HOU,REG,2011_17_TEN_HOU,TEN,22,32,258,1,0,3,-23,1,1,228,92,11,2.2692187017966,6.408086515242053,0,9,6,5,1,30,152,1,0,0,9,-1.078514231383335,0,4,2,1,1,22,31,258,1,0,0,228,92,11,10.8468247489219,0,9,6,5,1,0,41,9,11,0,0,1,3.0,22.0,4,0,0,6,0,0,0,0,0,0,1,0,0,7,55,4,1,0,0,1,1,1,11,1,32,3,3,0,0,52,1.0,0,1,1,0,1,0,0,0,0,0,0,0,52;37;22,,,111,0,0,1,1,0,0,1.0,0,0,0,0,0,6,0,55,268,1,0,0,0,2,4,43,0,225
2011,18,HOU,POST,2011_18_CIN_HOU,CIN,11,20,159,1,0,2,-7,0,0,249,48,9,5.270441800508054,-6.411353349685669,0,7,4,3,1,35,188,2,0,0,9,3.7829860756755807,0,4,4,2,1,11,20,159,1,0,0,249,48,9,7.881706412568095,0,7,4,3,1,0,34,18,20,0,0,0,4.0,33.0,5,3,28,9,1,0,0,0,0,0,0,0,0,5,87,2,0,0,0,0,0,3,12,0,0,1,1,0,0,39,1.0,0,0,1,0,0,0,0,0,0,0,0,0,39,,,39,0,0,4,4,0,0,1.0,0,0,0,0,0,5,0,56,251,2,0,0,1,1,3,20,0,211
2011,19,HOU,POST,2011_19_HOU_BAL,BAL,17,35,184,0,3,0,0,0,0,402,57,11,-6.72220728240146,-9.839466554777962,0,11,7,0,0,28,131,1,1,0,5,0.7997097425268347,0,3,3,1,0,17,35,184,0,0,0,402,57,11,-6.72220728240146,0,11,7,0,0,0,33,19,23,0,0,2,5.0,36.0,6,0,0,7,0,2,0,0,2,0,0,0,0,3,20,5,2,1,0,3,1,6,4,4,133,2,3,1,0,40,0.6666666666666666,0,0,1,1,0,0,0,0,0,0,1,0,40;33,50,,73,50,0,1,1,0,0,1.0,0,0,0,0,0,5,0,45,200,0,1,0,0,4,0,0,0,200
2012,1,HOU,REG,2012_01_MIA_HOU,MIA,20,31,266,1,0,2,-12,0,0,271,95,15,11.766993675082153,0.29568388577430477,0,13,6,5,0,35,83,2,0,0,3,-7.577883686100854,0,2,2,0,0,20,31,266,1,0,0,271,95,15,14.193625279345246,0,13,6,5,0,0,36,10,16,3,22,2,2.0,20.0,3,3,40,8,0,0,0,0,0,0,1,1,0,4,35,4,0,0,0,0,0,1,14,3,47,3,4,1,0,40,0.75,1,0,1,1,0,0,0,0,0,0,1,0,35;40;19,52,,94,52,0,3,3,0,0,1.0,0,0,0,0,0,5,0,55,218,1,1,1,0,1,2,76,1,142
2012,2,HOU,REG,2012_02_HOU_JAX,JAX,26,35,195,0,0,0,0,0,0,139,133,11,5.392683164875757,6.701179317065647,0,8,1,0,0,48,216,3,0,0,16,3.4399370724614533,0,6,5,1,0,26,35,195,0,0,0,139,133,11,5.392683164875757,0,8,1,0,0,0,27,1,3,4,21,0,3.0,24.0,7,0,0,2,0,1,0,0,0,0,1,0,0,10,64,3,0,1,1,1,0,6,77,2,58,2,2,0,0,37,1.0,0,0,2,0,0,0,0,0,0,0,0,0,31;37,,,68,0,0,3,3,0,0,1.0,0,0,0,0,0,6,0,58,299,1,0,1,2,0,3,32,0,227
2012,3,HOU,REG,2012_03_HOU_DEN,DEN,17,30,290,4,1,1,-6,0,0,337,129,13,17.59560353281986,3.278649704796927,0,11,6,4,3,34,152,0,1,1,7,-3.9968585887691006,0,3,2,2,0,17,28,290,4,0,0,337,129,13,19.706292416398266,0,11,6,4,3,0,50,0,10,6,17,0,3.0,14.0,7,0,0,12,0,0,0,0,0,0,1,0,0,9,69,3,1,0,0,1,1,4,19,1,0,1,1,0,0,41,1.0,0,0,0,1,0,0,0,0,0,0,0,0,41,,,41,0,0,4,4,0,0,1.0,0,0,0,0,0,5,0,66,271,1,0,0,1,0,4,29,0,222
2012,4,HOU,REG,2012_04_TEN_HOU,TEN,20,28,202,2,0,0,0,0,0,173,115,11,9.999624556454364,2.8186898146356856,0,8,4,3,0,31,95,1,0,0,5,-4.452199107256778,0,1,1,0,0,20,28,202,2,0,0,173,115,11,9.999624556454364,0,8,4,3,0,0,46,9,11,4,26,2,4.0,26.0,6,2,118,5,2,0,0,0,0,0,1,7,0,1,3,3,0,0,0,0,0,4,34,2,56,1,1,0,0,33,1.0,0,0,1,0,0,0,0,0,0,0,0,0,33,,,33,0,0,5,5,0,0,1.0,0,0,0,0,0,6,0,61,259,4,0,1,0,2,3,9,0,250
2012,5,HOU,REG,2012_05_HOU_NYJ,NYJ,14,28,209,1,1,0,0,0,0,251,97,10,7.440689698068656,-5.399162035721999,0,10,5,2,0,35,169,1,0,0,8,-0.4498518496771782,0,5,5,2,1,14,26,209,1,0,0,251,97,10,8.642451991766922,0,10,5,2,0,0,32,0,26,2,13,1,3.0,13.0,6,2,90,10,0,0,0,0,0,0,0,0,0,7,50,3,0,0,0,0,0,1,3,3,33,3,3,0,0,42,1.0,0,2,0,1,0,0,0,0,0,0,0,0,27;42;22,,,91,0,0,2,2,0,0,1.0,0,0,0,0,0,6,0,48,241,4,1,2,0,3,0,0,0,241
2012,6,HOU,REG,2012_06_GB_HOU,GB,22,38,255,0,3,3,-24,0,0,265,141,16,-3.0354481428304005,-8.51083444921594,0,17,3,1,0,28,90,2,1,0,6,-3.963629525358556,0,2,1,0,0,22,38,255,0,0,0,265,141,16,2.2736097955702554,0,17,3,1,0,1,47,14,14,5,15,0,2.0,10.0,7,0,0,5,0,0,0,0,1,-2,0,0,0,7,69,4,0,1,0,1,0,1,19,3,65,1,1,0,0,51,1.0,0,0,0,0,1,0,0,0,0,0,0,0,51,,,51,0,0,3,3,0,0,1.0,0,0,0,0,0,4,0,55,206,0,1,0,0,0,3,23,0,183
2012,7,HOU,REG,2012_07_BAL_HOU,BAL,23,37,256,2,0,2,-17,0,0,324,64,13,8.605788638876218,-2.5540384891870858,0,10,5,3,0,37,181,2,0,0,11,4.900261164351832,0,4,2,0,0,23,37,256,2,0,0,324,64,13,12.254384064409349,0,10,5,3,0,0,39,0,10,6,31,1,4.0,26.0,9,2,52,11,1,1,1,0,1,0,0,0,0,5,60,2,1,0,0,1,0,4,9,1,17,2,2,0,0,33,1.0,0,1,1,0,0,0,0,0,0,0,0,0,33;29,,,62,0,0,5,5,0,0,1.0,0,0,0,0,0,5,0,62,240,2,2,1,0,1,1,1,0,239
2012,9,HOU,REG,2012_09_BUF_HOU,BUF,19,27,268,2,0,2,-12,0,0,259,98,13,12.286794021613991,6.6423946508654845,0,13,5,3,0,32,118,1,0,0,8,-2.2072503662784584,0,5,3,1,0,19,27,268,2,0,0,259,98,13,15.881426856042912,0,13,5,3,0,0,46,1,11,6,12,1,4.0,9.0,11,0,0,6,0,0,0,0,0,0,1,0,0,7,42,5,0,0,0,0,0,2,34,4,62,0,1,0,1,,0.0,0,0,0,0,0,0,0,0,0,0,0,0,,,46,0,0,46,3,3,0,0,1.0,0,0,0,0,0,5,0,58,247,0,1,0,0,0,4,37,0,210
2012,10,HOU,REG,2012_10_HOU_CHI,CHI,14,26,95,1,2,1,-7,0,0,157,33,6,-10.070919489775749,-8.468974113464355,0,4,1,1,0,35,127,0,0,0,6,-4.602463381248526,0,5,5,2,0,14,25,95,1,0,0,157,33,6,-7.730682722347753,0,4,1,1,0,0,43,1,11,4,6,2,0.0,0.0,4,2,5,4,0,0,0,0,0,0,2,32,0,3,35,2,0,0,0,0,0,0,0,3,66,2,2,0,0,42,1.0,0,1,0,1,0,0,0,0,0,0,0,0,20;42,,,62,0,0,1,1,0,0,1.0,0,0,0,0,0,8,0,59,357,1,1,2,1,1,3,31,0,306
2012,11,HOU,REG,2012_11_JAX_HOU,JAX,43,55,527,5,2,2,-23,1,0,520,176,26,19.02099215481504,14.980436617677862,0,19,9,7,2,35,149,0,1,1,10,-3.4871036334106837,0,3,2,1,0,43,55,527,5,0,0,520,176,26,23.666671152553327,0,19,9,7,2,0,48,0,16,5,19,1,2.0,6.0,10,0,0,10,0,0,0,0,1,0,1,0,0,2,20,8,2,0,0,2,1,2,76,5,162,3,5,2,0,42,0.6,0,2,0,1,0,0,0,0,0,1,1,0,42;27;25,50;47,,94,97,0,4,4,0,0,1.0,0,0,0,0,0,3,0,55,111,2,0,0,0,1,2,11,0,100
2012,12,HOU,REG,2012_12_HOU_DET,DET,29,48,315,1,1,2,-19,1,0,425,145,15,3.049332325837185,-4.025563908119996,0,13,5,4,1,28,205,3,0,0,10,9.080692408197667,0,9,3,1,1,29,48,315,1,0,0,425,145,15,5.284202670412213,0,13,5,4,1,0,51,3,13,7,29,1,3.0,22.0,6,0,0,11,0,0,0,0,1,0,1,0,0,8,66,4,1,0,0,1,0,2,10,5,121,2,3,1,0,45,0.6666666666666666,0,0,1,1,0,0,0,0,0,0,1,0,45;32,51,,77,51,0,4,4,0,0,1.0,1,1,0,0,32,6,0,53,286,3,1,0,0,1,4,32,0,254
2012,13,HOU,REG,2012_13_HOU_TEN,TEN,21,35,207,2,0,0,0,0,0,200,122,11,0.9346435802067177,-7.2683411836624146,0,8,4,2,1,35,124,1,1,0,5,-2.0918332514120266,0,3,1,0,0,21,35,207,2,0,0,200,122,11,0.9346435802067177,0,8,4,2,1,0,47,0,8,7,33,2,6.0,44.0,7,3,27,16,0,0,0,0,1,0,3,0,0,11,97,3,1,0,0,1,0,4,67,1,14,1,1,0,0,50,1.0,0,0,0,0,1,0,0,0,0,0,0,0,50,,,50,0,0,3,3,0,0,1.0,0,0,0,0,0,10,0,64,489,5,0,1,1,2,6,65,0,404
2012,14,HOU,REG,2012_14_HOU_NE,NE,21,36,247,0,1,2,-24,1,0,216,153,10,-4.622833483474096,-4.452771031194263,0,10,7,4,0,27,100,2,0,0,7,-0.4770906404883135,0,3,2,1,0,21,36,247,0,0,0,216,153,10,-1.2009211295226123,0,10,7,4,0,0,27,0,48,3,11,2,1.0,7.0,7,1,1,2,0,0,0,0,1,0,0,0,0,7,70,2,1,0,0,1,0,2,1,2,39,0,0,0,0,,,0,0,0,0,0,0,0,0,0,0,0,0,,,,0,0,0,2,2,0,0,1.0,0,0,0,0,0,7,0,59,345,1,1,0,0,2,4,50,0,295
2012,15,HOU,REG,2012_15_IND_HOU,IND,23,31,261,1,0,3,-22,0,0,303,63,13,8.882293801658532,9.039924510063663,0,7,5,3,1,32,178,0,0,0,8,-1.9712272997518312,0,4,3,3,0,23,31,261,1,0,0,303,63,13,13.329603429089046,0,7,5,3,1,1,44,1,5,9,51,1,5.0,38.0,10,0,0,5,0,0,0,8,0,0,1,0,0,9,69,4,0,0,0,0,0,2,12,1,18,5,6,1,0,46,0.8333333333333334,0,2,2,1,0,0,0,0,0,0,1,0,29;35;27;46;33,50,,170,50,0,2,2,0,0,1.0,0,0,0,0,0,3,0,52,127,1,1,0,0,0,2,18,0,109
2012,16,HOU,REG,2012_16_MIN_HOU,MIN,18,33,178,0,0,4,-25,1,1,270,76,8,-9.736243348365884,-10.298041412324617,0,9,4,0,0,16,34,0,1,1,1,-9.134974442888051,0,1,1,0,0,18,33,178,0,0,0,270,76,8,-0.825982528780739,0,9,4,0,0,0,58,1,11,7,13,1,1.0,3.0,5,0,0,4,0,0,0,0,1,0,1,0,0,9,60,3,2,1,0,3,2,2,16,4,84,2,2,0,0,51,1.0,0,0,1,0,1,0,0,0,0,0,0,0,51;33,,,84,0,0,0,0,0,0,,0,0,0,0,0,7,0,65,353,2,0,0,0,1,6,50,0,303
2012,17,HOU,REG,2012_17_HOU_IND,IND,24,36,275,0,2,4,-25,0,0,305,147,14,2.0956787341659666,1.0486044817500644,0,11,6,4,0,20,102,1,0,0,3,1.3785844002724863,0,2,2,1,0,24,36,275,0,0,0,305,147,14,7.658509779064069,0,11,6,4,0,0,38,0,18,6,19,0,1.0,7.0,5,0,0,5,0,0,0,0,0,0,0,0,0,9,64,5,0,0,0,0,0,1,23,4,111,3,4,1,0,51,0.75,0,0,2,0,1,0,0,0,0,0,1,0,51;37;37,52,,125,52,0,1,1,0,0,1.0,0,0,0,0,0,2,0,55,101,0,0,1,0,0,1,19,0,82
2012,18,HOU,POST,2012_18_CIN_HOU,CIN,29,38,262,0,1,0,0,0,0,180,120,13,-1.7387844510760644,10.01442563202646,0,12,6,3,0,39,158,1,0,0,8,-3.5983826810261235,0,6,4,0,0,29,36,262,0,0,0,180,120,13,-1.1741145942162277,0,12,6,3,0,0,38,2,2,5,20,0,2.0,9.0,3,1,14,11,0,0,0,0,0,0,0,0,0,7,55,4,0,0,0,0,0,2,14,2,47,4,4,0,0,48,1.0,0,3,0,1,0,0,0,0,0,0,0,0,48;27;22;24,,,121,0,0,1,1,0,0,1.0,0,0,0,0,0,3,0,48,126,1,0,0,0,0,3,12,0,114
2012,19,HOU,POST,2012_19_HOU_NE,NE,34,51,343,2,1,1,-9,1,0,347,134,19,2.4791112670570032,0.23828592954897412,1,16,7,5,0,23,91,1,0,0,5,3.7265029221307486,0,2,2,1,0,34,51,343,2,1,0,347,134,19,4.236364677817317,1,16,7,5,0,0,28,0,42,3,4,0,1.0,9.0,7,0,0,0,0,1,0,0,1,0,0,0,0,3,20,6,1,2,2,3,0,3,17,5,230,2,2,0,0,55,1.0,0,1,0,0,1,0,0,0,0,0,0,0,27;55,,,82,0,0,2,2,0,0,1.0,0,0,0,0,0,5,0,43,182,2,1,1,1,1,1,0,0,162
2013,1,HOU,REG,2013_01_HOU_SD,LAC,34,45,346,3,1,2,-17,0,0,279,152,19,10.3470591900053,12.815164639191194,0,14,7,5,0,28,120,0,0,0,5,-2.2382548798850124,0,2,2,0,0,34,44,346,3,0,0,279,152,19,16.386145258752865,0,14,7,5,0,0,29,6,6,3,13,0,2.0,12.0,5,1,18,7,1,0,0,0,0,0,0,0,0,7,73,4,0,0,0,0,0,3,21,4,116,1,2,1,0,41,0.5,0,0,0,1,0,0,0,0,0,0,1,0,41,51,,41,51,0,4,4,0,0,1.0,1,1,0,0,41,3,0,58,135,3,0,1,0,1,1,5,0,130
2013,2,HOU,REG,2013_02_TEN_HOU,TEN,26,48,298,3,2,2,-18,0,0,402,99,15,-6.641219505037267,-5.099247491106074,0,14,7,5,0,28,172,1,0,0,9,5.3911437016971835,1,7,4,1,1,26,47,298,3,0,0,402,99,15,-3.4021086555887865,0,14,7,5,0,0,50,4,6,7,26,0,4.0,19.0,8,0,0,6,0,0,1,0,0,0,0,0,0,5,40,8,0,0,0,0,0,5,9,4,104,0,3,3,0,,0.0,0,0,0,0,0,0,0,0,0,1,2,0,,50;50;46,,0,146,0,2,2,0,0,1.0,0,0,0,0,0,7,0,61,338,5,0,2,1,0,4,18,0,300
2013,3,HOU,REG,2013_03_HOU_BAL,BAL,25,35,194,0,1,3,-24,0,0,223,46,11,-11.82171841349003,5.522111143384661,0,8,4,0,0,23,94,0,0,0,5,-2.454071865126025,0,2,0,0,0,25,35,194,0,0,0,223,46,11,-8.130220337296064,0,8,4,0,0,0,40,0,24,6,15,1,2.0,10.0,3,0,0,2,0,0,0,0,0,0,0,0,0,14,113,6,0,0,0,0,0,2,18,2,55,3,3,0,0,47,1.0,0,2,0,1,0,0,0,0,0,0,0,0,27;29;47,,,103,0,0,0,0,0,0,,0,0,0,0,0,5,0,59,252,3,0,2,0,1,2,93,1,159
2013,4,HOU,REG,2013_04_SEA_HOU,SEA,31,49,355,2,2,4,-30,0,0,386,134,20,-5.5293848015789955,0.43242202729594953,0,18,9,4,0,35,151,0,1,1,7,-7.552303895281032,0,6,4,1,0,31,49,355,2,1,0,386,134,20,-0.3756063270920964,0,18,9,4,0,0,40,8,20,5,26,2,5.0,32.0,10,1,1,3,0,0,0,0,0,0,1,0,0,6,86,4,2,0,1,2,1,1,1,2,52,2,2,0,0,42,1.0,0,1,0,1,0,0,0,0,0,0,0,0,22;42,,,64,0,0,2,2,0,0,1.0,0,0,0,0,0,7,0,60,256,2,0,1,1,1,4,60,0,176
2013,5,HOU,REG,2013_05_HOU_SF,SF,22,40,188,0,3,1,-6,0,0,300,85,9,-14.426632318166533,-7.611720913495773,0,7,3,0,0,30,131,0,1,1,7,-6.672756910556927,0,5,2,0,0,22,39,188,0,0,0,300,85,9,-12.528119091396668,0,7,3,0,0,0,35,8,10,5,17,1,1.0,6.0,5,0,0,4,0,0,0,0,1,-9,0,0,0,7,52,4,1,1,0,2,1,3,20,6,140,1,2,1,0,41,0.5,0,0,0,1,0,0,0,0,0,1,0,0,41,45,,41,45,0,0,0,0,0,,0,0,0,0,0,3,0,60,151,1,0,0,0,1,2,28,0,123
2013,6,HOU,REG,2013_06_STL_HOU,LA,27,38,284,0,2,5,-17,1,0,208,137,13,-6.33577933268754,2.519469120000538,0,13,4,3,1,30,153,1,0,0,9,4.169668138725683,0,5,4,2,0,27,38,284,0,1,1,208,137,13,-8.795153863801549,0,13,4,3,1,0,26,10,16,2,4,0,0.0,0.0,3,0,0,0,0,0,0,0,1,0,0,0,0,7,95,4,3,0,0,3,2,2,6,4,97,2,2,0,0,35,1.0,0,1,1,0,0,0,0,0,0,0,0,0,20;35,,,55,0,0,1,1,0,0,1.0,0,0,0,0,0,2,0,44,78,0,0,1,1,0,0,0,0,58
2013,7,HOU,REG,2013_07_HOU_KC,KC,15,25,271,1,0,5,-50,2,1,271,113,10,0.5208344447440498,2.8387268781661987,0,11,6,6,2,24,73,0,0,0,4,-3.5683538180730063,0,2,0,0,0,15,25,271,1,0,0,271,113,10,12.929713497999128,0,11,6,6,2,0,59,0,0,3,13,1,2.0,9.0,6,1,4,4,0,0,0,0,1,0,1,0,0,4,40,6,2,0,0,2,1,1,6,1,22,3,3,0,0,48,1.0,0,1,0,2,0,0,0,0,0,0,0,0,48;21;47,,,116,0,0,1,1,0,0,1.0,0,0,0,0,0,5,0,58,249,3,0,1,0,0,4,32,0,217
2013,9,HOU,REG,2013_09_IND_HOU,IND,20,34,350,3,0,1,-10,0,0,391,86,16,15.224521169588229,1.8612254749644885,0,14,10,6,2,33,143,0,0,0,6,-3.4886349970765878,0,2,1,1,0,20,33,350,3,0,0,391,86,16,17.6790175380832,0,14,10,6,2,0,31,5,7,5,27,0,4.0,26.0,11,0,0,4,0,0,0,37,0,0,0,0,0,5,86,5,1,0,1,1,0,2,15,4,104,1,4,3,0,43,0.25,0,0,0,1,0,0,0,0,0,2,1,0,43,49;43;55,,43,147,0,3,3,0,0,1.0,0,0,0,0,0,4,0,57,164,1,1,0,0,2,1,34,0,130
2013,10,HOU,REG,2013_10_HOU_ARI,ARI,22,43,201,3,0,3,-42,1,1,350,75,15,-7.9650780747201875,-5.429119562230459,0,11,3,1,0,21,76,0,0,0,2,-1.2668300631181593,0,2,1,0,0,22,41,201,3,0,0,350,75,15,5.273552716331324,0,11,3,1,0,0,46,4,12,1,4,2,1.0,6.0,8,1,0,5,0,0,0,0,0,0,2,0,0,7,53,6,1,0,0,1,1,2,12,5,118,1,2,0,1,48,0.5,0,0,0,1,0,0,0,0,0,0,0,0,48,,40,48,0,40,3,3,0,0,1.0,0,0,0,0,0,7,0,65,412,2,0,1,0,0,6,74,0,338
2013,11,HOU,REG,2013_11_OAK_HOU,LV,25,49,325,1,1,2,-21,1,0,385,153,10,-8.173870222727658,-12.55993222196897,0,9,7,7,1,21,90,0,0,0,3,-4.906889840902295,0,4,3,0,0,25,48,325,1,2,1,385,153,10,-10.539421270744299,0,9,7,7,1,1,42,5,15,4,25,0,2.0,21.0,7,0,0,3,0,0,0,0,2,0,0,0,0,9,50,6,3,0,0,3,1,7,125,3,65,3,3,0,0,51,1.0,0,1,1,0,1,0,0,0,0,0,0,0,51;26;30,,,107,0,0,2,2,0,0,1.0,0,0,0,0,0,9,0,60,442,2,0,0,2,3,4,30,0,372
2013,12,HOU,REG,2013_12_JAX_HOU,JAX,18,34,169,0,1,2,-28,0,0,222,86,5,-11.173962696995492,-11.267066560685635,0,4,2,2,0,21,77,0,0,0,5,-4.132736013212707,0,2,2,1,0,18,32,169,0,0,0,222,86,5,-5.158774544792155,0,4,2,2,0,0,45,7,19,6,21,0,3.0,20.0,13,0,0,5,0,0,0,25,0,0,0,0,0,2,22,5,0,0,0,0,0,3,19,3,60,2,2,0,0,49,1.0,0,1,0,1,0,0,0,0,0,0,0,0,49;20,,,69,0,0,0,0,0,0,,0,0,0,0,0,7,0,53,314,1,0,0,0,4,3,14,0,300
2013,13,HOU,REG,2013_13_NE_HOU,NE,15,30,272,0,1,1,-8,0,0,321,113,11,3.7310056756780927,-7.05662476164954,0,11,5,4,1,28,121,4,0,0,8,6.345159563526977,0,2,1,1,0,15,28,272,0,0,0,321,113,11,8.098835127946872,0,11,5,4,1,0,52,5,11,1,1,0,1.0,6.0,5,1,31,5,0,0,0,0,0,0,0,0,0,2,25,4,0,0,0,0,0,1,6,2,71,1,1,0,0,43,1.0,0,0,0,1,0,0,0,0,0,0,0,0,43,,,43,0,0,4,4,0,0,1.0,0,0,0,0,0,3,0,55,134,1,1,0,0,1,1,11,0,123
2013,14,HOU,REG,2013_14_HOU_JAX,JAX,33,58,357,2,2,3,-34,1,0,504,126,19,3.401363444165773,-2.423534542322159,0,13,6,5,1,19,83,0,0,0,3,-0.8403384792618454,0,1,1,0,0,33,58,357,2,0,0,504,126,19,7.312383031240179,0,13,6,5,1,0,37,0,8,4,11,0,1.0,6.0,4,0,0,3,0,0,0,0,1,0,0,0,0,14,177,6,1,0,0,1,0,3,21,3,40,2,2,0,0,34,1.0,0,0,2,0,0,0,0,0,0,0,0,0,34;31,,,65,0,0,2,2,0,0,1.0,0,0,0,0,0,5,0,59,219,2,0,1,0,2,2,25,0,194
2013,15,HOU,REG,2013_15_HOU_IND,IND,18,34,168,0,2,4,-36,1,0,259,65,6,-23.776458364807528,-13.3354151950163,0,4,2,2,0,25,107,0,2,0,6,0.6285206374013796,0,1,0,0,0,18,34,168,0,0,0,259,65,6,-16.915167881595895,0,4,2,2,0,0,43,0,34,4,8,1,1.0,1.0,4,1,32,5,0,0,0,0,3,0,0,0,0,14,114,6,3,0,0,3,0,2,11,4,108,1,1,0,0,49,1.0,0,0,0,1,0,0,0,0,0,0,0,0,49,,,49,0,0,0,0,0,0,,0,0,0,0,0,8,0,56,396,3,0,0,2,3,3,67,0,289
2013,16,HOU,REG,2013_16_DEN_HOU,DEN,18,37,176,1,2,3,-23,1,0,376,79,8,-13.453497341435677,-12.448691493935055,0,6,4,2,1,26,87,0,0,0,5,-2.6513034235103987,0,1,1,0,0,18,36,176,1,0,0,376,79,8,-7.801595632752678,0,6,4,2,1,0,44,6,14,2,4,0,1.0,3.0,6,0,0,8,0,0,0,0,1,0,0,0,0,4,57,0,1,0,0,1,0,5,70,1,22,2,2,0,0,45,1.0,0,0,1,1,0,0,0,0,0,0,0,0,45;35,,,80,0,0,1,1,0,0,1.0,0,0,0,0,0,8,0,57,359,2,0,1,0,2,5,21,0,338
2013,17,HOU,REG,2013_17_HOU_TEN,TEN,22,34,229,0,2,1,-6,0,0,279,103,11,0.9288089548515739,0.09686867980396047,0,11,4,1,0,22,65,1,1,1,6,-5.075956250890158,0,1,1,0,0,22,34,229,0,1,1,279,103,11,-2.758659894154535,0,11,4,1,0,0,50,0,14,7,16,2,1.0,6.0,7,1,0,4,0,0,0,0,0,-1,0,0,0,5,55,3,1,1,0,2,2,0,0,3,83,1,1,0,0,19,1.0,1,0,0,0,0,0,0,0,0,0,0,0,19,,,19,0,0,1,1,0,0,1.0,0,0,0,0,0,5,0,53,229,3,0,1,0,3,1,18,0,211
2014,1,HOU,REG,2014_01_WAS_HOU,WAS,14,22,206,1,0,0,0,0,0,166,109,8,9.612590839300537,-2.8746291995048523,0,8,3,3,1,34,115,0,2,1,5,-9.128966360815163,0,1,0,0,0,14,22,206,1,0,0,166,109,8,9.612590839300537,0,8,3,3,1,1,47,4,12,4,35,1,3.0,26.0,14,0,0,2,0,0,0,5,1,-5,2,0,0,6,45,3,1,1,0,2,1,4,28,1,27,1,1,0,0,42,1.0,0,0,0,1,0,0,0,0,0,0,0,0,42,,,42,0,0,2,2,0,0,1.0,0,0,0,0,0,6,0,60,306,2,0,1,2,1,2,36,0,230
2014,2,HOU,REG,2014_02_HOU_OAK,LV,14,19,139,2,0,0,0,0,0,93,83,9,12.240900081989567,8.73526781797409,0,6,2,2,0,46,188,1,0,0,9,1.7701226954984082,0,4,3,1,1,14,19,139,2,0,0,93,83,9,12.240900081989567,0,6,2,2,0,0,43,0,8,3,6,4,0.0,0.0,3,2,70,5,0,1,0,0,1,0,2,49,0,7,85,1,0,1,0,1,0,2,9,0,0,3,4,0,1,46,0.75,0,0,2,1,0,0,0,0,0,0,0,0,33;39;46,,27,118,0,27,3,3,0,0,1.0,0,0,0,0,0,2,0,65,100,1,0,0,0,1,1,3,0,97
2014,3,HOU,REG,2014_03_HOU_NYG,NYG,21,35,299,1,3,2,-7,0,0,279,114,14,-4.6559655086120255,-2.6575959780636955,0,14,6,4,2,25,119,1,0,0,4,-3.37190852445201,0,2,1,1,1,21,34,299,1,0,0,279,114,14,-3.375435913166184,0,14,6,4,2,0,35,32,32,3,16,1,1.0,8.0,1,0,0,4,0,0,0,0,1,0,1,24,0,5,40,5,0,1,0,1,0,1,3,3,67,1,1,0,0,27,1.0,0,1,0,0,0,0,0,0,0,0,0,0,27,,,27,0,0,2,2,0,0,1.0,0,0,0,0,0,4,1,64,205,1,1,0,1,0,2,12,0,173
2014,4,HOU,REG,2014_04_BUF_HOU,BUF,25,37,268,1,2,3,-4,0,0,286,100,13,-4.918393509040612,0.45077889352231415,0,14,4,3,0,23,37,0,1,0,2,-6.607172717164896,0,1,0,0,0,25,37,268,1,1,1,286,100,13,-6.147990310841266,0,14,4,3,0,0,40,2,22,4,14,1,2.0,5.0,16,2,80,8,1,0,0,0,1,-2,0,0,0,8,90,3,1,1,0,2,1,5,24,1,41,3,3,0,0,55,1.0,0,0,0,1,2,0,0,0,0,0,0,0,41;55;50,,,146,0,0,2,2,0,0,1.0,0,0,0,0,0,6,0,51,250,3,1,1,1,2,1,11,0,219
2014,5,HOU,REG,2014_05_HOU_DAL,DAL,16,25,154,0,1,0,0,0,0,164,76,7,-4.707081957646551,1.0658213247855504,0,8,3,1,0,31,176,2,0,0,8,5.593322672182694,0,6,5,2,0,16,24,154,0,0,0,164,76,7,-3.2490363669776343,0,8,3,1,0,0,56,2,18,3,10,2,1.0,8.0,5,1,5,3,0,0,0,0,0,0,2,0,0,5,35,3,0,0,0,0,0,3,30,1,21,1,1,0,0,29,1.0,0,1,0,0,0,0,0,0,0,0,0,0,29,,,29,0,0,2,2,0,0,1.0,0,0,0,0,0,7,0,60,326,1,0,1,1,0,5,60,0,246
2014,6,HOU,REG,2014_06_IND_HOU,IND,15,23,212,1,0,5,-16,1,1,189,84,9,-0.9488778328232002,1.1740392964819204,0,9,5,4,1,24,136,2,0,0,7,1.9337804190036665,0,3,3,1,0,15,23,212,1,1,1,189,84,9,3.4588975653459784,0,9,5,4,1,0,42,7,31,7,18,0,3.0,7.0,8,1,8,10,0,0,0,0,0,0,1,45,1,5,66,5,2,0,0,2,2,0,0,0,0,0,1,1,0,,0.0,0,0,0,0,0,0,0,0,1,0,0,0,,37,,0,37,0,4,4,0,0,1.0,0,0,0,0,0,4,0,71,218,0,0,0,1,1,2,31,0,167
2014,7,HOU,REG,2014_07_HOU_PIT,PIT,21,32,262,2,1,1,-1,0,0,344,62,12,8.54266146384629,8.61229095607996,0,11,8,6,0,30,132,0,1,1,6,-3.541349384759087,0,4,1,1,0,21,32,262,2,1,1,344,62,12,2.9878409334969014,0,11,8,6,0,0,40,5,23,4,18,1,3.0,16.0,4,0,0,1,0,0,0,0,1,0,1,0,0,4,20,3,2,1,0,3,2,1,1,4,59,3,3,0,0,39,1.0,0,0,3,0,0,0,0,0,0,0,0,0,39;38;31,,,108,0,0,2,2,0,0,1.0,0,0,0,0,0,3,0,51,135,1,0,1,0,0,2,21,0,114
2014,8,HOU,REG,2014_08_HOU_TEN,TEN,19,35,227,1,0,5,-34,0,0,328,89,14,4.191655595948093,-7.471030269350324,0,12,6,3,0,40,212,2,0,0,9,6.145131041266723,0,5,4,2,1,19,35,227,1,0,0,328,89,14,12.508661398970858,0,12,6,3,0,0,36,0,12,3,7,1,2.0,9.0,5,1,25,6,0,0,0,0,0,0,1,0,0,4,35,4,0,0,0,0,0,2,18,0,0,3,3,0,0,49,1.0,0,1,1,1,0,0,0,0,0,0,0,0,30;29;49,,,108,0,0,3,3,0,0,1.0,0,0,0,0,0,6,0,56,269,4,1,1,0,2,2,57,0,212
2014,9,HOU,REG,2014_09_PHI_HOU,PHI,13,27,203,2,1,4,-21,1,0,257,122,8,-0.04214293028323324,-9.910522401332855,0,6,4,4,2,28,118,0,0,0,5,-0.7454293342889287,0,3,2,0,0,13,27,203,2,0,0,257,122,8,6.6744627842390685,0,6,4,4,2,0,45,4,38,3,27,0,4.0,33.0,11,3,68,6,1,0,0,0,1,0,1,0,0,9,54,6,1,0,0,1,0,0,0,2,36,0,1,1,0,,0.0,0,0,0,0,0,0,0,0,1,0,0,0,,39,,0,39,0,3,3,0,0,1.0,0,0,0,0,0,6,0,60,289,2,0,0,1,3,2,27,0,242
2014,11,HOU,REG,2014_11_HOU_CLE,CLE,20,30,211,2,1,0,0,0,0,295,70,12,8.517231177824971,5.631114840507507,0,8,4,2,1,54,213,0,0,0,13,-0.9796332801906771,0,6,3,1,0,20,30,211,2,0,0,295,70,12,8.517231177824971,0,8,4,2,1,0,43,0,12,8,33,2,3.0,20.0,5,1,0,8,0,0,0,0,1,-20,1,0,0,5,55,3,0,1,0,1,0,2,5,1,28,3,4,1,0,50,0.75,0,0,1,1,1,0,0,0,0,0,1,0,46;37;50,52,,133,52,0,2,2,0,0,1.0,0,0,0,0,0,5,0,46,197,0,0,2,0,2,1,7,0,190
2014,12,HOU,REG,2014_12_CIN_HOU,CIN,21,45,189,0,1,1,-5,0,0,326,91,11,-13.210103200264394,-15.589334313259569,0,10,3,1,0,19,64,0,0,0,4,-0.9420009607565589,0,0,0,0,0,21,43,189,0,0,0,326,91,11,-11.47994229975634,0,10,3,1,0,0,43,11,47,3,7,0,0.0,0.0,2,1,60,6,1,0,0,0,0,0,0,0,0,3,15,3,0,0,0,0,0,2,7,1,23,2,2,0,0,36,1.0,0,1,1,0,0,0,0,0,0,0,0,0,36;25,,,61,0,0,1,1,0,0,1.0,0,0,0,0,0,5,0,60,239,1,0,1,0,1,3,23,0,216
2014,13,HOU,REG,2014_13_TEN_HOU,TEN,24,33,358,6,0,0,0,0,0,301,180,18,31.142864690511487,10.078753666444259,0,10,7,6,2,36,99,0,0,0,5,-7.652977957446238,0,5,3,0,0,24,33,358,6,1,1,301,180,18,21.103912415797822,0,10,7,6,2,0,36,5,13,5,33,1,3.0,38.0,9,3,100,4,0,0,0,0,0,0,1,14,0,5,40,1,1,0,0,1,1,2,20,1,7,1,2,0,1,37,0.5,0,0,1,0,0,0,0,0,0,0,0,0,37,,43,37,0,43,6,6,0,0,1.0,0,0,0,0,0,3,0,47,137,0,0,0,0,2,1,21,0,116
2014,14,HOU,REG,2014_14_HOU_JAX,JAX,13,19,135,0,0,1,0,0,0,184,56,7,1.600178975278582,5.044853530432048,0,9,3,2,0,43,169,3,0,0,9,1.104439584800275,0,4,4,1,1,13,19,135,0,1,0,184,56,7,3.050273138696398,0,9,3,2,0,0,45,0,10,6,26,0,4.0,17.0,10,1,6,8,0,0,0,0,1,0,0,0,0,7,64,4,1,0,0,1,0,1,21,2,42,2,2,0,0,44,1.0,0,0,0,2,0,0,0,0,0,0,0,0,44;44,,,88,0,0,3,3,0,0,1.0,0,0,0,0,0,5,0,58,238,1,0,2,0,1,2,15,0,223
2014,15,HOU,REG,2014_15_HOU_IND,IND,13,25,157,0,1,1,-5,0,0,277,44,7,-3.6299834691453725,-9.12136697769165,0,4,3,2,0,41,137,0,2,1,5,-18.189376160269603,0,3,3,0,0,13,25,157,0,0,0,277,44,7,-2.3051466753240675,0,4,3,2,0,0,42,0,14,4,31,1,2.0,19.0,6,1,27,7,1,0,0,0,1,-8,1,0,0,8,66,4,0,2,0,2,1,3,6,1,28,1,1,0,0,53,1.0,0,0,0,0,1,0,0,0,0,0,0,0,53,,,53,0,0,1,1,0,0,1.0,0,0,0,0,0,7,0,53,299,3,0,1,0,2,4,13,0,286
2014,16,HOU,REG,2014_16_BAL_HOU,BAL,21,43,190,1,1,0,0,0,0,301,94,9,-9.557505926792093,-14.460182473773049,0,5,3,3,0,38,123,0,0,0,8,-5.824535744293826,0,3,2,1,0,21,42,190,1,1,0,301,94,9,-8.185294273984201,0,5,3,3,0,0,33,4,16,5,22,1,2.0,17.0,10,3,34,9,0,0,0,0,0,0,0,0,0,7,69,2,1,0,1,1,0,4,24,0,0,6,6,0,0,39,1.0,0,2,4,0,0,0,0,0,0,0,0,0,35;25;30;20;39;33,,,182,0,0,1,1,0,0,1.0,0,0,0,0,0,8,0,54,361,3,1,1,2,3,1,45,0,276
2014,17,HOU,REG,2014_17_JAX_HOU,JAX,25,35,250,2,1,3,-15,1,1,198,169,13,-6.830466300423723,0.6554137808935983,0,10,4,3,0,39,123,1,0,0,9,-0.6278634605114348,0,4,2,0,0,25,35,250,2,0,0,198,169,13,0.6450609865714796,0,10,4,3,0,0,32,4,6,7,34,1,5.0,28.0,7,0,0,7,0,0,1,0,0,0,0,0,0,6,55,4,1,0,0,1,1,2,12,2,43,0,0,0,0,,,0,0,0,0,0,0,0,0,0,0,0,0,,,,0,0,0,3,3,0,0,1.0,0,0,0,0,0,6,0,56,278,4,0,1,1,3,1,16,0,242
2015,1,HOU,REG,2015_01_KC_HOU,KC,26,47,334,2,1,5,-36,1,1,485,94,17,-6.46961126988682,-7.9889245007349095,1,16,9,2,0,21,98,0,0,0,6,-4.144401136378292,0,3,2,1,0,26,46,334,2,0,0,485,94,17,6.042255371693307,1,16,9,2,0,0,47,6,12,7,19,1,2.0,10.0,3,0,0,3,0,1,0,0,1,0,0,0,0,6,39,6,1,1,0,2,1,4,14,0,0,2,2,0,0,47,1.0,0,0,1,1,0,0,0,0,0,0,0,0,34;47,,,81,0,0,0,1,1,0,0.0,0,0,0,0,0,7,0,57,329,1,0,1,1,0,5,81,0,228
2015,2,HOU,REG,2015_02_HOU_CAR,CAR,27,58,244,1,1,1,-5,0,0,452,107,11,-12.393548509488642,-16.523500126704835,0,8,4,1,1,23,61,1,0,0,5,-0.5522367416415364,0,1,1,0,0,27,57,244,1,0,0,452,107,11,-9.302706305320203,0,8,4,1,1,0,39,0,26,3,10,0,2.0,17.0,5,1,17,8,0,1,0,0,1,0,0,0,0,10,70,5,1,0,0,1,0,6,58,1,27,1,1,0,0,43,1.0,0,0,0,1,0,0,0,0,0,0,0,0,43,,,43,0,0,2,2,0,0,1.0,0,0,0,0,0,8,0,60,388,3,0,1,0,3,4,44,0,344
2015,3,HOU,REG,2015_03_TB_HOU,TB,24,39,228,1,1,1,-1,0,0,328,55,16,1.452218355791445,-3.924392354794038,0,12,3,1,0,46,186,1,1,0,10,-3.8645255000241026,0,5,5,1,0,24,39,228,1,0,0,328,55,16,2.2093290634861096,0,12,3,1,0,0,32,4,16,2,5,0,0.0,0.0,6,1,0,7,0,1,0,0,2,0,0,0,0,6,58,4,1,1,0,2,0,5,17,2,46,2,3,1,0,39,0.6666666666666666,1,0,1,0,0,0,0,0,0,1,0,0,39;19,43,,58,43,0,1,2,1,0,0.5,0,0,0,0,0,6,0,54,266,3,0,0,1,0,5,48,0,198
2015,4,HOU,REG,2015_04_HOU_ATL,ATL,29,57,382,2,1,1,-8,0,0,795,92,19,4.671231844333009,-6.090306137737475,0,18,8,5,1,17,54,1,1,1,3,-9.06312349543441,0,1,1,0,0,29,57,382,2,2,2,795,92,19,-4.903847152380264,0,18,8,5,1,0,42,2,22,4,11,0,2.0,13.0,2,0,0,3,0,0,0,0,0,0,0,0,0,5,35,5,2,1,0,3,3,4,40,3,70,0,1,1,0,,0.0,0,0,0,0,0,0,0,0,0,0,1,0,,53,,0,53,0,3,3,0,0,1.0,0,0,0,0,0,4,0,60,194,1,1,0,0,1,2,29,0,165
2015,5,HOU,REG,2015_05_IND_HOU,IND,31,41,362,2,2,1,0,0,0,408,130,17,14.59454560997512,10.511659122094876,0,16,6,5,1,28,82,0,0,0,5,-7.097148754372029,0,1,1,0,0,31,41,362,2,0,0,408,130,17,15.36727596605744,0,16,6,5,1,0,29,9,27,2,5,0,0.0,0.0,3,0,0,4,0,0,0,0,0,0,0,0,0,13,125,6,0,0,0,0,0,2,11,0,0,2,2,0,0,49,1.0,0,0,1,1,0,0,0,0,0,0,0,0,36;49,,,85,0,0,2,2,0,0,1.0,0,0,0,0,0,3,0,55,123,0,1,0,0,0,2,16,0,107
2015,6,HOU,REG,2015_06_HOU_JAX,JAX,24,36,293,3,0,1,-6,0,0,295,107,15,17.383018411509767,4.428894155555302,0,13,6,3,0,31,95,0,1,0,6,-3.0839221563073806,0,2,2,0,0,24,36,293,3,0,0,295,107,15,18.855040756799355,0,13,6,3,0,0,47,0,10,3,20,0,3.0,20.0,8,3,34,8,1,0,0,0,1,0,0,0,0,10,69,5,1,0,0,1,0,2,25,1,14,1,1,0,0,41,1.0,0,0,0,1,0,0,0,0,0,0,0,0,41,,,41,0,0,4,4,0,0,1.0,0,0,0,0,0,4,0,43,155,1,0,0,2,1,1,7,0,108
2015,7,HOU,REG,2015_07_HOU_MIA,MIA,23,49,273,3,1,4,-22,2,0,361,85,18,-3.4019221158376896,-15.799776267032234,0,10,6,5,0,25,71,1,0,0,6,-4.844183774723206,0,3,0,0,0,23,49,273,3,1,0,361,85,18,-0.3610823371126316,0,10,6,5,0,0,50,0,16,8,50,1,4.0,41.0,6,0,0,0,0,0,0,0,3,0,1,0,0,3,25,5,3,0,0,3,0,2,21,3,88,0,0,0,0,,,0,0,0,0,0,0,0,0,0,0,0,0,,,,0,0,0,2,3,1,0,0.6666666666666666,0,0,0,0,0,8,0,55,384,2,0,1,0,1,6,19,0,365
2015,8,HOU,REG,2015_08_TEN_HOU,TEN,23,35,235,2,0,3,-21,0,0,266,79,11,-3.66667801881064,1.3873325551257414,0,10,2,2,1,23,56,0,0,0,1,-7.488362588745076,0,0,0,0,0,23,34,235,2,0,0,266,79,11,1.9358730468075325,0,10,2,2,1,0,43,5,23,8,42,2,7.0,46.0,16,1,22,5,0,0,0,0,0,0,2,0,0,7,85,2,0,0,0,0,0,3,28,1,29,2,2,0,0,38,1.0,0,1,1,0,0,0,0,0,0,0,0,0,38;24,,,62,0,0,2,2,0,0,1.0,0,0,0,0,0,8,0,60,407,2,0,1,1,1,5,63,0,324
2015,10,HOU,REG,2015_10_HOU_CIN,CIN,17,33,192,1,1,3,-18,0,0,358,48,10,0.9853672260111384,-10.025463275837176,0,10,3,2,0,25,82,0,0,0,4,-7.128102248127107,0,3,3,0,0,17,33,192,1,0,0,358,48,10,5.443641769995001,0,10,3,2,0,0,42,0,24,7,30,1,4.0,15.0,5,1,2,6,0,0,0,0,0,0,1,0,0,5,54,2,0,0,0,0,0,1,10,3,64,1,1,0,0,22,1.0,0,1,0,0,0,0,0,0,0,0,0,0,22,,,22,0,0,1,1,0,0,1.0,0,0,0,0,0,8,0,64,374,3,0,1,1,1,5,43,0,311
2015,11,HOU,REG,2015_11_NYJ_HOU,NYJ,17,35,250,3,0,1,-9,1,1,397,86,12,2.740022423629582,-11.106270814643187,0,9,7,4,1,37,123,0,0,0,6,-7.555120094504673,0,3,3,0,0,17,34,250,3,0,0,397,86,12,8.188669083126754,0,9,7,4,1,0,37,5,19,7,31,0,3.0,19.0,8,2,19,11,0,1,0,0,1,0,0,0,0,3,54,3,2,0,0,2,1,5,24,0,0,1,1,0,0,20,1.0,0,1,0,0,0,0,0,0,0,0,0,0,20,,,20,0,0,3,3,0,0,1.0,0,0,0,0,0,8,0,63,417,1,0,0,2,1,5,39,0,338
2015,12,HOU,REG,2015_12_NO_HOU,NO,21,27,205,2,1,1,-10,0,0,175,108,11,3.9868250239806304,9.086714519394768,0,6,3,3,0,38,167,1,1,0,9,0.8130871823523194,0,5,4,0,0,21,27,205,2,0,0,175,108,11,5.685838494652701,0,6,3,3,0,0,28,7,19,6,16,0,2.0,10.0,9,1,50,4,0,0,0,0,2,0,0,0,0,6,40,1,2,0,0,2,0,4,31,2,52,1,1,0,0,34,1.0,0,0,1,0,0,0,0,0,0,0,0,0,34,,,34,0,0,3,3,0,0,1.0,0,0,0,0,0,4,0,51,189,0,0,0,3,0,1,12,0,117
2015,13,HOU,REG,2015_13_HOU_BUF,BUF,26,43,293,3,1,2,-18,0,0,507,104,14,2.7064289675618056,2.141490786574608,0,14,5,3,0,26,126,0,0,0,6,3.6295416754293255,1,3,3,1,0,26,43,293,3,0,0,507,104,14,5.773682593513513,0,14,5,3,0,0,38,10,12,2,9,0,1.0,8.0,3,0,0,4,0,0,0,0,0,0,0,0,0,10,89,4,0,0,0,0,0,0,0,1,21,0,0,0,0,,,0,0,0,0,0,0,0,0,0,0,0,0,,,,0,0,0,1,2,1,0,0.5,0,0,0,0,0,7,0,57,285,4,0,3,0,2,2,16,0,269
2015,14,HOU,REG,2015_14_NE_HOU,NE,12,24,159,0,0,6,-57,2,1,300,40,4,-19.22329686723856,-7.3981280128161115,0,4,3,3,2,22,87,0,0,0,2,-5.551607780274935,0,1,1,1,0,12,24,159,0,0,0,300,40,4,-0.8087684522240592,0,4,3,3,2,0,34,13,33,5,31,0,3.0,29.0,4,0,0,2,0,0,0,0,1,0,1,0,0,4,36,4,2,0,0,2,1,3,22,1,19,2,2,0,0,45,1.0,0,0,1,1,0,0,0,0,0,0,0,0,37;45,,,82,0,0,0,0,0,0,,0,0,0,0,0,7,0,58,317,1,0,0,0,3,4,46,0,271
2015,15,HOU,REG,2015_15_HOU_IND,IND,17,28,173,1,1,3,-23,1,0,233,55,9,-5.737041493678235,-2.6411046584447226,0,6,3,2,0,37,155,0,1,1,7,-1.0666643088321945,0,4,3,2,1,17,27,173,1,0,0,233,55,9,-1.1023994149723757,0,6,3,2,0,0,33,0,24,4,24,1,3.0,20.0,8,1,9,5,0,0,0,0,1,0,1,34,0,6,48,5,2,0,0,2,1,3,21,0,0,3,4,1,0,46,0.75,0,1,1,1,0,0,0,0,0,0,1,0,22;46;32,56,,100,56,0,1,1,0,0,1.0,0,0,0,0,0,4,0,59,201,1,0,0,0,0,4,67,0,134
2015,16,HOU,REG,2015_16_HOU_TEN,TEN,16,26,207,2,0,1,-5,1,1,285,43,13,9.980615699272901,4.702166410592886,0,9,3,2,1,42,128,1,0,0,5,-4.524639676577203,0,1,1,0,0,16,26,207,2,0,0,285,43,13,15.367608861839697,0,9,3,2,1,0,41,0,6,3,4,3,1.0,7.0,8,1,0,7,0,0,0,0,0,0,3,33,1,4,28,1,1,0,0,1,1,4,37,0,0,2,2,0,0,36,1.0,0,1,1,0,0,0,0,0,0,0,0,0,22;36,,,58,0,0,4,4,0,0,1.0,0,0,0,0,0,6,0,56,314,1,0,0,0,1,5,32,0,282
2015,17,HOU,REG,2015_17_JAX_HOU,JAX,25,41,249,1,1,2,-7,1,0,294,123,13,-2.064913427193461,-3.9947612619981534,0,11,3,3,0,31,160,1,0,0,9,3.2622732578311116,0,7,4,1,0,25,41,249,1,0,0,294,123,13,0.3639225458337014,0,11,3,3,0,0,37,6,20,7,51,3,8.0,56.0,12,2,27,13,1,0,0,0,1,0,2,5,0,9,55,5,1,0,0,1,0,4,18,0,0,3,4,1,0,51,0.75,0,1,0,0,2,0,0,0,0,0,1,0,29;51;51,50,,131,50,0,3,3,0,0,1.0,0,0,0,0,0,4,0,52,190,0,0,0,0,0,4,50,0,140
2015,18,HOU,POST,2015_18_KC_HOU,KC,15,34,136,0,4,3,-24,2,1,336,46,10,-26.84894018562045,-19.283836466424606,0,6,3,0,0,25,114,0,0,0,3,-0.6547845924505964,0,2,2,1,1,15,34,136,0,0,0,336,46,10,-16.720550735946745,0,6,3,0,0,0,41,10,32,4,18,0,3.0,17.0,4,1,0,2,0,0,0,0,1,0,0,0,0,4,29,4,2,0,0,2,1,0,0,0,0,0,0,0,0,,,0,0,0,0,0,0,0,0,0,0,0,0,,,,0,0,0,0,0,0,0,,0,0,0,0,0,5,0,53,228,1,0,0,0,1,4,34,0,194
2016,1,HOU,REG,2016_01_CHI_HOU,CHI,22,35,231,2,1,2,-16,0,0,401,69,12,4.643802836149624,2.352901143687112,0,8,5,4,0,35,129,0,1,0,5,-3.841278134059394,0,3,2,0,0,22,35,231,2,0,0,401,69,12,7.294105188766188,0,8,5,4,0,0,38,8,14,6,32,1,5.0,31.0,12,1,12,4,0,0,0,0,1,0,0,0,0,6,69,5,1,0,0,1,0,3,29,3,73,3,3,0,0,38,1.0,0,2,1,0,0,0,0,0,0,0,0,0,28;28;38,,,94,0,0,2,2,0,0,1.0,0,0,0,0,0,5,0,60,243,1,0,0,0,1,4,40,0,203
2016,2,HOU,REG,2016_02_KC_HOU,KC,19,33,268,1,2,2,-14,0,0,354,92,12,1.3853381027029386,-2.9628909898526743,0,9,6,4,1,34,97,0,0,0,2,-11.656801265024114,0,0,0,0,0,19,33,268,1,0,0,354,92,12,5.7428391645689985,0,9,6,4,1,0,37,6,24,3,13,2,4.0,14.0,10,0,0,8,0,0,0,0,0,0,3,58,0,5,44,4,0,0,0,0,0,4,12,2,39,4,5,1,0,43,0.8,0,1,2,1,0,0,0,0,0,0,1,0,32;24;31;43,57,,130,57,0,1,1,0,0,1.0,0,0,0,0,0,5,0,62,249,1,1,0,0,0,4,63,0,186
2016,3,HOU,REG,2016_03_HOU_NE,NE,24,41,196,0,1,2,-21,0,0,301,58,10,-14.062114563246723,-6.483813598752022,0,7,2,0,0,27,109,0,0,0,9,-3.1505905688973144,0,3,2,0,0,24,40,196,0,0,0,301,58,10,-9.640142325370107,0,7,2,0,0,0,32,0,42,1,6,1,1.0,6.0,1,0,0,1,0,0,0,0,0,0,0,0,0,6,43,6,2,0,0,2,2,0,0,3,51,0,0,0,0,,,0,0,0,0,0,0,0,0,0,0,0,0,,,,0,0,0,0,0,0,0,,0,0,0,0,0,6,0,57,294,4,1,1,1,0,3,33,0,241
2016,4,HOU,REG,2016_04_TEN_HOU,TEN,25,37,254,2,2,1,-10,0,0,287,131,13,-0.2863115052542955,4.427553547753228,0,9,4,3,1,24,115,0,0,0,6,-2.732536779891234,0,5,4,0,0,25,36,254,2,0,0,287,131,13,3.8943125420399634,0,9,4,3,1,1,40,7,21,2,10,1,1.0,6.0,4,1,6,8,0,0,0,0,0,0,0,0,0,6,59,4,0,0,0,0,0,3,84,1,28,2,3,1,0,53,0.6666666666666666,0,0,0,1,1,0,0,0,0,1,0,0,53;45,48,,98,48,0,3,3,0,0,1.0,0,0,0,0,0,3,0,58,150,1,0,0,0,0,3,27,0,123
2016,5,HOU,REG,2016_05_HOU_MIN,MIN,19,42,184,1,1,4,-29,1,0,329,99,8,-18.031926721777797,-17.152772276174453,0,8,3,2,0,14,59,0,0,0,4,0.06498476851265877,0,2,2,0,0,19,42,184,1,0,0,329,99,8,-9.295624597441435,0,8,3,2,0,0,49,0,26,7,23,0,2.0,16.0,8,0,0,4,0,0,0,0,1,0,0,0,0,4,15,5,1,0,0,1,0,3,47,3,68,2,3,1,0,38,0.6666666666666666,0,0,2,0,0,0,0,0,0,0,1,0,38;30,51,,68,51,0,1,1,0,0,1.0,0,0,0,0,0,5,0,57,257,2,0,0,0,1,4,100,1,157
2016,6,HOU,REG,2016_06_IND_HOU,IND,25,39,269,2,1,1,-13,1,0,338,103,15,4.241729190194959,-0.5047772939388568,0,12,4,3,0,28,158,1,0,0,10,-0.07116245478556626,0,8,7,1,0,25,39,269,2,0,0,338,103,15,6.84947472959196,0,12,4,3,0,0,48,4,26,5,23,0,3.0,21.0,6,1,0,3,0,0,0,0,1,0,0,0,0,7,59,5,1,0,0,1,0,2,23,1,17,2,2,0,0,33,1.0,0,1,1,0,0,0,0,0,0,0,0,0,27;33,,,60,0,0,2,3,1,0,0.6666666666666666,1,1,0,0,33,5,0,52,202,2,1,0,0,2,2,13,0,189
2016,7,HOU,REG,2016_07_HOU_DEN,DEN,22,41,131,0,0,1,0,1,1,348,60,8,-17.437960670742623,-11.067252515292749,0,3,0,0,0,25,140,0,3,1,5,-0.24115155031904578,0,3,2,1,0,22,41,131,0,0,0,348,60,8,-12.903330692270256,0,3,0,0,0,0,39,2,16,0,0,0,0.0,0.0,3,0,0,2,0,0,0,0,2,-5,0,0,0,2,15,3,2,2,0,4,2,2,11,3,42,3,3,0,0,43,1.0,0,1,0,2,0,0,0,0,0,0,0,0,43;43;29,,,115,0,0,0,0,0,0,,0,0,0,0,0,5,0,62,242,1,1,0,0,1,3,33,0,209
2016,8,HOU,REG,2016_08_DET_HOU,DET,20,29,186,1,1,3,-22,0,0,246,71,10,-0.6808269784641205,3.723067353511679,0,10,2,2,0,31,105,1,0,0,8,-3.8453365797467995,0,3,1,0,0,20,29,186,1,0,0,246,71,10,4.682739308074311,0,10,2,2,0,0,43,4,8,2,10,0,1.0,9.0,3,0,0,5,0,1,0,0,0,0,0,0,0,6,49,3,0,1,1,1,0,5,35,1,10,2,2,0,0,36,1.0,0,0,2,0,0,0,0,0,0,0,0,0,33;36,,,69,0,0,2,2,0,0,1.0,0,0,0,0,0,4,0,59,203,3,0,0,0,1,3,5,0,198
2016,10,HOU,REG,2016_10_HOU_JAX,JAX,14,27,99,2,0,1,-7,0,0,187,38,6,-2.258454531074734,-11.23424095136148,0,4,1,0,0,33,181,0,0,0,9,5.818679294979022,0,6,4,1,1,14,27,99,2,0,0,187,38,6,-0.5544725209402379,0,4,1,0,0,0,53,0,2,7,29,1,2.0,18.0,6,1,42,6,1,0,0,0,0,0,1,2,0,4,89,2,0,0,0,0,0,1,57,2,23,1,3,2,0,51,0.3333333333333333,0,0,0,0,1,0,0,0,0,1,1,0,51,49;50,,51,99,0,3,3,0,0,1.0,0,0,0,0,0,3,0,51,138,1,1,0,0,0,2,12,0,126
2016,11,HOU,REG,2016_11_HOU_OAK,LV,26,39,243,1,1,2,-13,0,0,312,94,14,10.411647574573871,1.908329664132534,0,11,5,3,0,33,124,1,0,0,6,-5.5706206620670855,0,2,1,1,0,26,39,243,1,0,0,312,94,14,11.524895665764925,0,11,5,3,0,0,35,0,4,4,13,0,0.0,0.0,0,1,0,3,0,0,0,0,0,0,0,0,0,7,101,5,0,1,0,1,1,2,10,2,39,2,2,0,0,32,1.0,0,1,1,0,0,0,0,0,0,0,0,0,32;28,,,60,0,0,2,2,0,0,1.0,0,0,0,0,0,3,0,60,156,0,0,0,1,0,2,27,0,109
2016,12,HOU,REG,2016_12_SD_HOU,LAC,22,37,246,0,3,1,-7,0,0,436,91,14,-2.162685230707799,2.7013470445360457,0,12,5,1,0,27,114,1,1,1,6,-10.467656355438521,0,4,3,2,0,22,35,246,0,0,0,436,91,14,-1.5044672007204083,0,12,5,1,0,0,30,5,21,3,12,0,1.0,7.0,6,1,2,4,0,1,0,0,1,0,0,0,0,9,58,4,2,0,0,2,1,3,27,0,0,2,2,0,0,45,1.0,1,0,0,1,0,0,0,0,0,0,0,0,19;45,,,64,0,0,1,1,0,0,1.0,0,0,0,0,0,4,0,53,189,1,0,0,1,2,1,11,0,158
2016,13,HOU,REG,2016_13_HOU_GB,GB,22,35,202,2,0,2,-18,0,0,285,90,9,0.8599737017357256,0.31888297625950407,0,9,3,2,1,27,123,0,0,0,8,0.4237491305684671,0,3,2,1,0,22,35,202,2,1,1,285,90,9,-0.704387860983843,0,9,3,2,1,0,41,5,13,3,13,0,1.0,9.0,5,0,0,0,0,0,0,0,0,0,1,0,0,3,12,5,1,0,0,1,1,1,16,3,66,0,0,0,0,,,0,0,0,0,0,0,0,0,0,0,0,0,,,,0,0,0,1,2,1,0,0.5,0,0,0,0,0,5,0,52,205,2,0,1,0,1,3,44,0,161
2016,14,HOU,REG,2016_14_HOU_IND,IND,14,24,147,0,1,2,-16,0,0,209,55,8,-5.623633434574202,0.43425780275593634,0,8,3,2,0,41,185,1,1,0,8,3.0170059346371794,0,3,3,2,0,14,23,147,0,0,0,209,55,8,-2.365227041577071,0,8,3,2,0,0,33,0,18,0,0,1,1.0,11.0,13,2,39,10,0,0,0,0,0,0,1,0,0,7,124,3,1,0,0,1,0,0,0,2,36,5,5,0,0,52,1.0,0,2,1,1,1,0,0,0,0,0,0,0,21;52;24;41;34,,,172,0,0,1,1,0,0,1.0,0,0,0,0,0,3,0,57,156,3,0,0,0,1,2,4,0,152
2016,15,HOU,REG,2016_15_JAX_HOU,JAX,29,47,308,0,2,0,0,0,0,421,111,13,-7.409958826033199,-2.892531359449346,0,13,6,3,0,31,79,1,2,0,6,-9.68504614412988,0,1,0,0,0,29,47,308,0,0,0,421,111,13,-7.409958826033199,0,13,6,3,0,0,27,2,20,4,17,0,2.0,9.0,5,1,12,4,0,1,1,0,2,-6,0,0,0,6,71,4,2,1,0,3,0,4,38,2,36,4,4,0,0,45,1.0,0,1,1,2,0,0,0,0,0,0,0,0,39;45;43;27,,,154,0,0,1,1,0,0,1.0,0,0,0,0,0,5,0,59,226,4,0,1,0,2,2,9,0,217
2016,16,HOU,REG,2016_16_CIN_HOU,CIN,18,29,176,0,0,4,-21,0,0,171,86,8,-8.792662394027632,-2.787752500895796,0,7,4,2,0,24,95,1,0,0,4,-3.8241696463664994,0,2,1,1,0,18,29,176,0,1,0,171,86,8,-3.0149511526380075,0,7,4,2,0,0,42,6,26,6,33,0,3.0,24.0,3,1,0,4,0,0,0,0,0,0,0,0,0,3,25,3,1,0,1,1,0,4,32,0,0,2,2,0,0,25,1.0,0,2,0,0,0,0,0,0,0,0,0,0,25;22,,,47,0,0,0,1,0,1,0.0,0,0,0,0,0,8,0,55,371,4,0,0,0,1,7,15,0,356
2016,17,HOU,REG,2016_17_HOU_TEN,TEN,26,48,278,1,0,4,-35,1,1,349,126,13,-2.3327888981651728,-7.798492749954792,0,9,3,3,1,22,46,1,0,0,6,-0.22500816851915517,0,1,0,0,0,26,47,278,1,0,0,349,126,13,8.363059621079291,0,9,3,3,1,0,45,0,14,8,23,0,4.0,17.0,4,1,19,4,0,0,0,0,0,0,0,0,0,6,35,6,1,0,0,1,1,2,6,2,29,1,2,1,0,26,0.5,0,1,0,0,0,0,0,0,0,1,0,0,26,45,,26,45,0,2,2,0,0,1.0,0,0,0,0,0,3,0,49,142,0,0,0,0,0,3,41,0,101
2016,18,HOU,POST,2016_18_OAK_HOU,LV,14,25,168,1,0,0,0,0,0,215,63,9,0.3763960985227075,-11.10344409942627,0,9,5,1,0,44,123,2,1,0,7,-10.80710104800528,0,4,3,0,0,14,25,168,1,0,0,215,63,9,0.3763960985227075,0,9,5,1,0,0,35,11,17,6,33,0,3.0,22.0,3,3,29,13,0,2,0,0,3,10,0,0,0,7,65,3,0,3,0,3,0,4,23,3,46,2,2,0,0,50,1.0,0,0,1,0,1,0,0,0,0,0,0,0,50;38,,,88,0,0,3,3,0,0,1.0,0,0,0,0,0,9,0,56,414,4,0,0,1,2,6,70,0,324
2016,19,HOU,POST,2016_19_HOU_NE,NE,23,40,197,1,3,3,-17,0,0,333,94,8,-18.99923273958268,-5.068624876439571,0,10,2,0,0,23,105,0,0,0,4,-0.23929272347595543,0,2,2,0,0,23,40,197,1,0,0,333,94,8,-14.189100911747685,0,10,2,0,0,0,35,0,20,3,9,2,2.0,8.0,8,2,13,8,0,0,0,0,0,0,1,0,0,5,75,1,0,0,0,0,0,2,34,3,52,3,3,0,0,46,1.0,0,1,1,1,0,0,0,0,0,0,0,0,33;27;46,,,106,0,0,1,1,0,0,1.0,0,0,0,0,0,8,0,63,341,3,0,0,1,3,4,26,0,295
2017,1,HOU,REG,2017_01_JAX_HOU,JAX,19,36,164,1,1,10,-54,3,3,308,65,11,-38.54541152573074,-12.17234561012851,0,6,1,1,0,23,93,0,0,0,4,-0.2874407809576951,0,0,0,0,0,19,36,164,1,0,0,308,65,11,-8.827342249365756,0,6,1,1,0,0,29,8,32,3,3,1,0.0,0.0,3,0,0,4,0,0,0,0,0,0,0,0,0,9,94,5,3,0,0,3,3,1,21,1,24,0,0,0,0,,,0,0,0,0,0,0,0,0,0,0,0,0,,,,0,0,0,1,1,0,0,1.0,0,0,0,0,0,5,0,54,216,2,1,0,0,3,1,7,0,209
2017,2,HOU,REG,2017_02_HOU_CIN,CIN,15,24,125,0,0,3,-27,0,0,182,34,6,-4.7893993583606225,-1.298513263463974,0,3,1,1,0,35,168,1,0,0,6,-3.731500682874607,0,3,2,1,1,15,24,125,0,0,0,182,34,6,0.5214665638882994,0,3,1,1,0,0,38,0,30,6,18,1,3.0,11.0,4,0,0,3,0,0,0,0,0,0,1,49,0,9,61,4,0,0,0,0,0,3,15,1,17,2,2,0,0,42,1.0,0,1,0,1,0,0,0,0,0,0,0,0,26;42,,,68,0,0,1,1,0,0,1.0,0,0,0,0,0,9,0,59,440,2,0,0,0,3,6,98,0,342
2017,3,HOU,REG,2017_03_HOU_NE,NE,22,33,301,2,2,2,-9,1,0,404,98,13,6.6951108727188196,11.013130527554136,0,13,6,5,0,32,125,0,1,0,7,-0.7582873060527158,0,1,1,0,0,22,33,301,2,0,0,404,98,13,9.302898740726837,0,13,6,5,0,0,37,12,16,6,38,4,5.0,41.0,8,0,0,3,0,0,0,0,1,0,1,22,1,10,60,6,1,1,1,2,0,3,20,4,75,4,4,0,0,40,1.0,0,0,3,1,0,0,0,0,0,0,0,0,39;40;31;36,,,146,0,0,3,3,0,0,1.0,0,0,0,0,0,4,0,68,234,2,0,1,0,1,2,53,0,181
2017,4,HOU,REG,2017_04_TEN_HOU,TEN,25,34,283,4,1,2,-11,0,0,318,119,19,17.985490539994792,11.51916165562237,0,12,5,3,0,42,173,2,0,0,10,-0.5030983629819143,0,3,2,0,0,25,34,283,4,0,0,318,119,19,20.584752653669085,0,12,5,3,0,0,24,5,13,2,2,1,2.0,8.0,3,4,45,6,1,0,0,0,0,0,1,0,0,3,20,2,0,0,0,0,0,2,4,1,42,3,3,0,0,50,1.0,0,0,1,1,1,0,0,0,0,0,0,0,50;40;33,,,123,0,0,6,7,1,0,0.8571428571428571,0,0,0,0,0,2,0,61,122,1,0,1,0,0,1,3,0,119
2017,5,HOU,REG,2017_05_KC_HOU,KC,16,31,261,5,0,3,-13,0,0,447,74,13,11.474733072245959,-1.8178468120509181,0,9,6,5,2,23,144,0,1,1,6,-0.7751909701763653,1,5,5,1,0,16,29,261,5,0,0,447,74,13,16.80247336023627,0,9,6,5,2,0,45,7,33,5,10,1,1.0,1.0,3,0,0,1,0,0,0,0,0,0,0,0,0,7,59,4,1,0,0,1,1,1,49,2,51,0,0,0,0,,,0,0,0,0,0,0,0,0,0,0,0,0,,,,0,0,0,2,2,0,0,1.0,0,0,0,0,0,5,0,58,240,2,1,0,0,0,4,83,1,157
2017,6,HOU,REG,2017_06_CLE_HOU,CLE,17,29,225,3,1,1,-8,0,0,216,147,12,-1.0917233480647326,-7.718365665139823,1,10,8,4,0,33,123,0,0,0,4,-7.010318085551262,0,2,2,1,0,17,29,225,3,0,0,216,147,12,1.5754971611244484,1,10,8,4,0,0,42,2,16,6,34,1,4.0,27.0,7,3,88,8,1,0,1,0,0,0,0,0,0,4,44,2,0,0,0,0,0,4,57,2,38,1,1,0,0,40,1.0,0,0,0,1,0,0,0,0,0,0,0,0,40,,,40,0,0,2,3,1,0,0.6666666666666666,0,0,0,0,0,7,0,57,350,2,0,1,0,0,6,43,0,307
2017,8,HOU,REG,2017_08_HOU_SEA,SEA,19,30,402,4,3,5,-35,0,0,466,159,15,9.231133097844822,9.226539383331934,0,13,10,9,2,34,142,1,0,0,8,2.866794850153383,0,4,3,0,0,19,30,402,4,0,0,466,159,15,15.971080167805003,0,13,10,9,2,0,40,0,20,7,25,1,2.0,6.0,6,1,2,4,0,0,0,0,1,0,0,0,0,8,93,5,1,0,0,1,0,3,27,4,76,1,1,0,0,31,1.0,0,0,1,0,0,0,0,0,0,0,0,0,31,,,31,0,0,5,5,0,0,1.0,0,0,0,0,0,5,0,63,265,2,1,1,0,0,3,10,0,255
2017,9,HOU,REG,2017_09_IND_HOU,IND,19,44,219,1,0,2,-25,2,1,461,120,11,-9.432338712141739,-15.782470730218021,0,12,4,2,0,21,94,0,0,0,6,-0.1179091003141366,0,2,2,0,0,19,44,219,1,0,0,461,120,11,-5.8755197221339985,0,12,4,2,0,0,40,4,22,4,17,1,3.0,29.0,6,0,0,3,0,0,0,0,1,0,1,34,1,7,74,6,2,0,0,2,1,2,4,0,0,0,1,1,0,,0.0,0,0,0,0,0,0,0,0,1,0,0,0,,39,,0,39,0,2,2,0,0,1.0,0,0,0,0,0,8,0,59,390,5,1,1,1,2,3,24,0,346
2017,10,HOU,REG,2017_10_HOU_LA,LA,18,36,221,1,2,3,-27,2,2,348,64,9,-17.147965737710535,-8.020770720073156,0,8,5,3,0,25,89,0,0,0,3,-4.887321423040703,0,2,2,1,0,18,35,221,1,0,0,348,64,9,-3.7945284732606392,0,8,5,3,0,0,51,4,8,10,43,0,3.0,22.0,6,0,0,3,0,0,0,0,0,0,0,0,0,8,60,2,2,0,0,2,2,1,17,0,0,0,1,1,0,,0.0,0,0,0,0,0,0,0,0,1,0,0,0,,34,,0,34,0,1,1,0,0,1.0,0,0,0,0,0,6,0,58,281,4,0,1,1,1,3,32,0,229
2017,11,HOU,REG,2017_11_ARI_HOU,ARI,22,32,230,2,1,1,-7,1,1,287,83,12,0.7884455513010331,9.382859524339437,0,9,4,4,0,34,134,2,2,0,7,-0.6582124100823421,0,4,2,1,0,22,32,230,2,1,0,287,83,12,6.543506417252269,0,9,4,4,0,0,33,6,18,6,22,0,2.0,13.0,3,2,7,6,0,0,0,0,3,4,0,0,0,6,42,3,4,0,0,4,1,3,9,2,32,1,1,0,0,34,1.0,0,0,1,0,0,0,0,0,0,0,0,0,34,,,34,0,0,4,4,0,0,1.0,0,0,0,0,0,6,0,55,281,0,0,1,1,2,2,7,0,254
2017,12,HOU,REG,2017_12_HOU_BAL,BAL,22,37,252,0,2,2,-15,1,1,279,94,11,-3.9748324062772458,-4.375253215029433,0,9,5,4,0,25,66,1,0,0,4,-4.7560358421178535,0,1,1,0,0,22,37,252,0,0,0,279,94,11,3.2756312459726455,0,9,5,4,0,0,47,0,8,7,25,0,1.0,8.0,2,0,0,2,0,1,0,0,1,0,0,0,0,6,36,4,1,1,0,2,1,2,21,3,67,3,3,0,0,37,1.0,0,1,2,0,0,0,0,0,0,0,0,0,25;36;37,,,98,0,0,1,1,0,0,1.0,0,0,0,0,0,4,0,59,174,1,1,1,0,2,0,0,0,174
2017,13,HOU,REG,2017_13_HOU_TEN,TEN,31,49,365,1,1,4,-34,0,0,378,165,17,10.493970528883066,3.5984495965143046,0,16,7,4,1,22,53,0,0,0,3,-5.147718698834069,0,2,1,0,0,31,48,365,1,0,0,378,165,17,14.001382759621961,0,16,7,4,1,0,35,0,10,7,14,2,2.0,4.0,2,0,0,2,0,1,0,0,1,0,1,0,0,11,85,4,0,1,0,1,0,3,29,2,42,2,4,2,0,42,0.5,0,1,0,1,0,0,0,1,0,1,0,0,23;42,48;27,,65,75,0,1,1,0,0,1.0,0,0,0,0,0,3,0,54,139,1,1,0,0,0,2,41,0,98
2017,14,HOU,REG,2017_14_SF_HOU,SF,20,38,238,2,0,3,-17,0,0,470,52,12,-1.7440475841022538,-6.100356901014173,0,9,5,4,0,23,90,0,0,0,4,-3.42559135087382,0,3,2,0,0,20,37,238,2,1,1,470,52,12,1.4614311230252497,0,9,5,4,0,0,40,6,18,3,17,0,2.0,20.0,9,1,2,5,0,1,0,0,1,0,0,0,0,8,81,3,1,1,0,2,1,4,3,0,0,1,2,1,0,55,0.5,0,0,0,0,1,0,0,0,0,0,1,0,55,52,,55,52,0,1,2,1,0,0.5,0,0,0,0,0,6,0,63,314,1,0,0,2,2,2,15,0,259
2017,15,HOU,REG,2017_15_HOU_JAX,JAX,12,31,128,1,1,4,-29,1,0,312,26,6,-14.010838781483471,-17.4027226608375,0,5,2,2,1,21,87,0,0,0,3,-0.1815707206260413,0,1,0,0,0,12,29,128,1,0,0,312,26,6,-6.278282791143283,0,5,2,2,1,0,52,1,13,1,1,0,1.0,0.0,4,0,0,1,0,0,0,0,2,0,0,0,0,14,127,2,1,1,0,2,0,1,16,2,25,0,0,0,0,,,0,0,0,0,0,0,0,0,0,0,0,0,,,,0,0,0,1,1,0,0,1.0,0,0,0,0,0,11,0,58,518,3,2,0,0,3,6,57,0,461
2017,16,HOU,REG,2017_16_PIT_HOU,PIT,8,17,93,1,1,7,-42,3,1,105,58,5,-18.278871456277557,-16.405382938683033,0,5,1,1,0,28,176,0,0,0,7,3.4036706667393446,0,6,4,1,1,8,16,93,1,0,0,105,58,5,-5.466850859113038,0,5,1,1,0,0,30,9,23,2,4,0,0.0,0.0,1,0,0,5,0,0,0,0,2,0,0,0,0,7,80,1,3,0,0,3,1,1,7,2,41,0,0,0,0,,,0,0,0,0,0,0,0,0,0,0,0,0,,,,0,0,0,0,0,0,0,,0,0,0,0,0,7,0,60,342,2,0,0,0,2,5,82,0,260
2017,17,HOU,REG,2017_17_HOU_IND,IND,14,24,137,0,1,2,-13,0,0,223,52,8,-1.273476297361051,-1.1472116345944612,0,6,1,1,0,27,85,1,0,0,4,-3.5707485621096566,0,1,1,0,0,14,23,137,0,0,0,223,52,8,2.822408649104907,0,6,1,1,0,0,37,0,28,4,7,0,1.0,10.0,4,0,0,2,0,0,0,0,0,0,0,0,0,7,34,4,0,0,0,0,0,1,-3,1,28,2,2,0,0,52,1.0,0,0,0,1,1,0,0,0,0,0,0,0,52;46,,,98,0,0,1,1,0,0,1.0,0,0,0,0,0,4,0,58,201,2,0,0,0,1,3,53,0,148
2018,1,HOU,REG,2018_01_HOU_NE,NE,17,34,176,1,1,3,-18,0,0,377,59,8,-9.509828350359676,-9.726795028237735,0,9,2,1,0,34,167,1,1,1,10,-2.387900684028864,0,6,4,1,0,17,34,176,1,0,0,377,59,8,-5.631695571974323,0,9,2,1,0,0,47,0,20,2,10,2,2.0,10.0,5,1,0,6,0,0,0,0,0,-3,2,1,0,6,44,3,0,1,0,1,1,2,20,5,156,2,2,0,0,42,1.0,0,0,1,1,0,0,0,0,0,0,0,0,42;36,,,78,0,0,2,2,0,0,1.0,0,0,0,0,0,6,0,48,230,3,1,1,0,3,1,0,0,230
2018,2,HOU,REG,2018_02_HOU_TEN,TEN,22,32,310,2,1,4,-21,1,0,399,71,13,6.375416893557425,11.609108505710479,0,12,10,6,0,26,148,0,1,0,6,0.04809606780315934,0,5,4,0,0,22,31,310,2,0,0,399,71,13,12.249665178009309,0,12,10,6,0,0,36,4,22,4,15,1,1.0,8.0,2,0,0,2,0,0,0,0,2,-10,0,0,0,11,88,6,1,1,0,2,0,4,25,0,0,1,2,1,0,34,0.5,0,0,1,0,0,0,0,0,0,0,1,0,34,54,,34,54,0,2,2,0,0,1.0,0,0,0,0,0,4,0,53,164,2,0,1,1,1,1,2,0,142
2018,3,HOU,REG,2018_03_NYG_HOU,NYG,24,40,385,2,1,3,-17,0,0,439,165,18,13.193749250626619,3.629810166986365,0,17,10,7,0,19,59,0,0,0,2,-4.293550748669077,0,2,0,0,0,24,38,385,2,1,1,439,165,18,11.480160218707946,0,17,10,7,0,0,44,6,22,7,40,1,4.0,32.0,5,0,0,2,0,0,0,0,0,0,0,0,0,7,50,6,1,0,0,1,1,3,45,2,41,3,3,0,0,54,1.0,0,2,0,0,1,0,0,0,0,0,0,0,23;28;54,,,105,0,0,1,1,0,0,1.0,0,0,0,0,0,3,0,57,155,1,0,0,0,1,2,6,0,149
2018,4,HOU,REG,2018_04_HOU_IND,IND,29,42,375,2,1,7,-28,0,0,342,156,23,10.790722143618646,5.681501403450966,0,21,9,5,0,35,119,1,0,0,6,-3.066111458145315,0,3,2,0,0,29,40,375,2,0,0,342,156,23,18.10706169481427,0,21,9,5,0,0,54,3,5,8,34,2,4.0,27.0,10,0,0,7,0,0,0,0,0,0,2,0,1,10,54,5,0,0,0,0,0,2,20,4,69,3,4,1,0,40,0.75,0,1,1,1,0,0,0,0,0,0,1,0,40;29;37,59,,106,59,0,4,4,0,0,1.0,1,1,0,0,37,5,0,51,207,4,0,1,0,3,1,19,0,188
2018,5,HOU,REG,2018_05_DAL_HOU,DAL,33,44,375,1,1,1,-1,0,0,290,183,18,4.117513804850394,10.118366188781206,0,19,4,3,1,31,88,0,1,0,4,-10.258869919109916,0,2,1,0,0,33,43,375,1,1,1,290,183,18,5.892281761212104,0,19,4,3,1,0,43,3,13,6,17,0,2.0,14.0,6,2,17,7,0,0,0,0,0,-12,0,0,0,5,25,6,1,1,1,2,1,2,29,0,0,4,5,1,0,36,0.8,1,2,1,0,0,0,0,0,0,1,0,0,20;21;19;36,48,,96,48,0,1,1,0,0,1.0,1,1,0,0,36,3,0,61,160,1,0,0,1,0,2,22,0,118
2018,6,HOU,REG,2018_06_BUF_HOU,BUF,15,26,177,1,2,7,-35,3,1,213,94,9,-18.17097737891686,-8.468945152484453,0,10,5,2,0,24,74,0,0,0,3,-7.416020348042366,0,2,1,0,0,15,26,177,1,0,0,213,94,9,-4.084151712782614,0,10,5,2,0,0,39,5,21,5,24,1,2.0,16.0,4,2,41,7,1,0,0,14,2,0,1,0,0,6,50,1,3,0,0,3,1,3,7,0,0,2,2,0,0,33,1.0,0,1,1,0,0,0,0,0,0,0,0,0,33;27,,,60,0,0,2,2,0,0,1.0,0,0,0,0,0,5,0,53,203,2,1,1,0,0,3,8,0,195
2018,7,HOU,REG,2018_07_HOU_JAX,JAX,12,24,139,1,0,1,-8,0,0,221,43,7,2.6823281206991845,-9.827722484866777,0,7,3,1,0,37,141,1,0,0,7,-4.458541876976508,0,2,1,0,0,12,24,139,1,0,0,221,43,7,4.803509060235228,0,7,3,1,0,0,48,0,8,4,28,3,4.0,28.0,11,1,6,4,0,1,0,0,1,0,2,0,0,6,35,1,0,2,1,2,0,2,0,0,0,2,2,0,0,48,1.0,0,0,0,2,0,0,0,0,0,0,0,0,44;48,,,92,0,0,2,2,0,0,1.0,0,0,0,0,0,6,0,61,277,4,0,1,1,3,1,21,0,236
2018,8,HOU,REG,2018_08_MIA_HOU,MIA,16,20,239,5,0,0,0,0,0,185,101,8,15.49307358590886,14.123187065124512,0,6,4,3,2,35,188,1,0,0,8,1.7582600102759898,0,5,5,1,1,16,20,239,5,0,0,185,101,8,15.49307358590886,0,6,4,3,2,0,37,4,26,5,19,0,2.0,15.0,5,1,21,7,0,0,0,0,0,0,0,0,0,8,57,3,0,0,0,0,0,1,13,0,0,0,0,0,0,,,0,0,0,0,0,0,0,0,0,0,0,0,,,,0,0,0,6,6,0,0,1.0,0,0,0,0,0,5,0,53,211,1,0,0,1,2,2,29,0,162
2018,9,HOU,REG,2018_09_HOU_DEN,DEN,17,24,213,2,0,4,-21,0,0,159,114,11,7.230977313622693,3.935810146124467,0,10,5,1,0,33,98,0,0,0,4,-5.745602736773435,0,0,0,0,0,17,23,213,2,0,0,159,114,11,14.96804188455214,0,10,5,1,0,0,49,0,6,5,23,1,2.0,17.0,7,0,0,6,0,0,0,0,0,0,1,1,0,7,60,6,0,0,0,0,0,2,16,0,0,2,2,0,0,46,1.0,0,0,1,1,0,0,0,0,0,0,0,0,46;37,,,83,0,0,1,2,1,0,0.5,0,0,0,0,0,6,0,61,307,4,0,0,0,0,6,17,0,290
2018,11,HOU,REG,2018_11_HOU_WAS,WAS,16,24,208,1,2,3,-27,1,0,122,140,8,-1.8562891333910965,-2.5421050687630973,0,9,5,2,1,31,139,0,0,0,7,-1.5520103894691561,0,5,3,1,0,16,24,208,1,1,1,122,140,8,-1.489380297037992,0,9,5,2,1,0,45,4,16,5,35,1,5.0,35.0,7,2,109,8,1,0,0,0,1,0,0,0,0,7,40,2,2,0,0,2,1,1,16,1,18,3,5,2,0,54,0.6,0,1,1,0,1,0,0,0,0,2,0,0,23;33;54,44;45,,110,89,0,2,2,0,0,1.0,0,0,0,0,0,1,0,30,30,0,1,0,0,0,0,0,0,30
2018,12,HOU,REG,2018_12_TEN_HOU,TEN,19,24,210,2,0,4,-29,0,0,189,88,11,8.11459425263122,12.362516962963602,0,9,3,3,0,34,281,2,0,0,7,7.312772849235695,0,6,6,3,1,19,23,210,2,0,0,189,88,11,16.85758631589124,0,9,3,3,0,0,35,6,30,8,43,2,6.0,43.0,8,0,0,0,0,0,0,0,1,0,1,0,0,3,53,3,1,0,0,1,0,3,37,1,30,2,2,0,0,47,1.0,0,0,0,2,0,0,0,0,0,0,0,0,43;47,,,90,0,0,4,4,0,0,1.0,0,0,0,0,0,5,0,55,224,2,0,0,1,2,2,19,0,185
2018,13,HOU,REG,2018_13_CLE_HOU,CLE,22,31,224,1,0,4,-27,0,0,232,108,12,5.39221787243029,5.411956433592172,0,11,3,2,0,39,187,0,0,0,11,0.23716606601374224,0,5,4,1,0,22,29,224,1,1,0,232,108,12,12.310956952917575,0,11,3,2,0,0,31,4,14,3,7,1,0.0,0.0,1,3,56,8,1,1,0,0,1,0,1,9,0,5,77,1,2,0,1,2,0,1,0,1,23,5,5,0,0,53,1.0,0,0,2,2,1,0,0,0,0,0,0,0,35;42;48;53;38,,,216,0,0,2,2,0,0,1.0,0,0,0,0,0,3,0,52,114,3,0,1,0,2,0,0,0,114
2018,14,HOU,REG,2018_14_IND_HOU,IND,27,38,267,1,0,5,-41,0,0,257,152,14,3.617449871439021,-0.853987234203439,0,10,4,3,1,25,89,2,0,0,6,-2.1458703805110417,0,4,3,0,0,27,38,267,1,0,0,257,152,14,11.96245102956891,0,10,4,3,1,0,44,1,11,3,14,0,2.0,13.0,5,1,2,8,0,0,0,0,0,0,0,0,0,7,35,4,0,0,0,0,0,2,18,0,0,0,0,0,0,,,0,0,0,0,0,0,0,0,0,0,0,0,,,,0,0,0,3,3,0,0,1.0,0,0,0,0,0,8,0,53,362,3,0,0,0,3,5,47,0,315
2018,15,HOU,REG,2018_15_HOU_NYJ,NYJ,22,28,294,2,0,6,-55,0,0,264,111,12,6.71497240228048,23.709083978946392,0,11,7,6,2,17,47,0,0,0,1,-5.729350632908243,0,1,1,1,0,22,26,294,2,0,0,264,111,12,17.415568543252533,0,11,7,6,2,0,41,1,33,5,28,1,3.0,25.0,7,0,0,5,0,0,0,0,0,0,1,0,0,5,43,3,0,0,0,0,0,3,17,1,28,5,5,0,0,53,1.0,0,0,1,3,1,0,0,0,0,0,0,0,41;32;53;49;40,,,215,0,0,2,2,0,0,1.0,0,0,0,0,0,3,0,51,137,0,1,0,0,0,2,22,0,115
2018,16,HOU,REG,2018_16_HOU_PHI,PHI,29,40,339,2,0,4,-30,1,1,418,68,17,7.920985762997141,11.430840492248535,0,15,5,4,0,19,62,2,1,0,4,0.8622559013892896,0,2,1,0,0,29,40,339,2,0,0,418,68,17,16.708161321621,0,15,5,4,0,0,49,1,17,2,4,3,1.0,9.0,4,1,0,6,0,0,0,0,1,0,2,0,0,10,61,3,1,1,0,2,1,1,8,5,122,1,1,0,0,30,1.0,0,0,1,0,0,0,0,0,0,0,0,0,30,,,30,0,0,3,4,1,0,0.75,0,0,0,0,0,4,0,51,161,2,1,1,0,1,1,11,0,150
2018,17,HOU,REG,2018_17_JAX_HOU,JAX,25,35,234,0,0,6,-26,0,0,230,100,13,-2.396857024054336,1.6631677321025304,0,7,3,2,1,33,134,2,0,0,8,-6.037255356495734,0,4,3,0,0,25,35,234,0,0,0,230,100,13,4.770471336785411,0,7,3,2,1,0,30,2,14,6,15,1,3.0,18.0,5,1,0,7,0,1,0,0,0,0,1,0,0,2,15,2,0,1,0,1,1,6,56,0,0,2,2,0,0,24,1.0,0,2,0,0,0,0,0,0,0,0,0,0,23;24,,,47,0,0,2,2,0,0,1.0,0,0,0,0,0,7,0,60,295,4,1,1,0,2,3,17,0,278
2018,18,HOU,POST,2018_18_IND_HOU,IND,29,49,235,1,1,3,-18,0,0,352,139,13,-12.567946621507872,-10.131575072065313,0,10,2,1,0,16,105,0,0,0,7,6.020279509422835,0,4,2,1,0,29,47,235,1,0,0,352,139,13,-7.566367792111123,0,10,2,1,0,0,40,2,20,1,2,0,0.0,0.0,4,1,0,7,0,0,0,0,0,0,0,0,0,8,67,5,0,0,0,0,0,0,0,1,26,0,0,0,0,,,0,0,0,0,0,0,0,0,0,0,0,0,,,,0,0,0,1,1,0,0,1.0,0,0,0,0,0,5,0,60,234,2,0,1,0,2,2,20,0,214
2019,1,HOU,REG,2019_01_HOU_NO,NO,20,30,268,3,1,6,-34,0,0,325,90,12,7.570613407006022,2.5812317585122995,0,10,6,4,1,23,180,1,0,0,8,9.15255206002621,0,7,6,3,0,20,29,268,3,0,0,325,90,12,16.704590857436415,0,10,6,4,1,0,45,0,22,3,20,1,1.0,8.0,3,1,2,2,0,0,0,0,0,0,0,0,0,8,69,5,0,0,0,0,0,0,0,1,12,0,0,0,0,,,0,0,0,0,0,0,0,0,0,0,0,0,,,,0,0,0,4,4,0,0,1.0,0,0,0,0,0,4,0,54,172,1,0,1,0,0,3,20,0,152
2019,2,HOU,REG,2019_02_JAX_HOU,JAX,16,29,159,0,0,4,-22,1,0,371,35,9,-5.807588512839654,-6.034504750679279,0,5,3,2,0,30,126,1,1,0,7,-0.9410080481902696,0,2,2,0,0,16,29,159,0,0,0,371,35,9,-0.47276409151302445,0,5,3,2,0,0,39,9,17,3,26,3,4.0,35.0,7,0,0,3,0,0,0,0,2,-3,1,0,0,7,47,4,0,2,0,2,0,1,5,0,0,2,2,0,0,39,1.0,0,1,1,0,0,0,0,0,0,0,0,0,39;22,,,61,0,0,1,1,0,0,1.0,0,0,0,0,0,7,0,54,307,1,0,0,0,3,4,9,0,298
2019,3,HOU,REG,2019_03_HOU_LAC,LAC,25,34,351,3,0,2,-14,0,0,283,165,15,20.535220017701647,8.215736816911136,0,13,6,5,1,19,39,1,1,1,3,-8.170258896250743,0,2,1,0,0,25,34,351,3,0,0,283,165,15,23.902390713848433,0,13,6,5,1,0,48,1,15,8,36,1,5.0,25.0,13,0,0,5,0,0,0,0,1,0,1,0,0,6,65,5,0,2,0,2,1,2,34,0,0,0,1,1,0,,0.0,0,0,0,0,0,0,0,0,0,0,1,0,,56,,0,56,0,3,4,1,0,0.75,0,0,0,0,0,4,0,55,180,3,0,0,0,2,2,-1,0,181
2019,4,HOU,REG,2019_04_CAR_HOU,CAR,21,34,160,0,1,6,-32,1,1,314,95,7,-23.322572889797037,-5.115081276744604,0,9,0,0,0,22,136,1,0,0,8,5.243744447079196,0,5,2,2,1,21,32,160,0,0,0,314,95,7,-11.747560408142041,0,9,0,0,0,0,40,6,30,3,11,3,3.0,29.0,5,0,0,5,0,0,0,0,0,0,3,1,0,7,81,4,1,0,0,1,1,1,18,0,0,1,2,1,0,37,0.5,0,0,1,0,0,0,0,0,0,0,1,0,37,52,,37,52,0,1,1,0,0,1.0,0,0,0,0,0,5,0,71,257,3,0,3,0,1,1,0,0,257
2019,5,HOU,REG,2019_05_ATL_HOU,ATL,28,33,426,5,0,0,0,0,0,286,204,18,32.19702999291449,17.85810391108195,0,14,10,8,2,34,166,1,3,0,11,1.3704018192365766,0,4,3,2,0,28,33,426,5,1,0,286,204,18,32.19702999291449,0,14,10,8,2,0,34,8,30,4,17,1,2.0,14.0,8,1,79,4,1,1,0,0,3,0,0,0,0,9,89,3,3,2,1,5,1,4,22,1,22,2,2,0,0,50,1.0,0,1,0,0,1,0,0,0,0,0,0,0,50;26,,,76,0,0,5,7,2,0,0.7142857142857143,0,0,0,0,0,1,0,35,35,0,0,1,0,0,0,0,0,35
2019,6,HOU,REG,2019_06_HOU_KC,KC,30,42,280,1,2,0,0,0,0,369,176,20,15.265212335769272,6.746404263235274,1,11,5,2,0,41,192,3,1,1,12,1.110432434885297,0,5,2,1,0,30,42,280,1,0,0,369,176,20,15.265212335769272,1,11,5,2,0,0,28,0,12,1,4,1,1.0,17.0,2,1,0,6,0,0,0,0,0,0,1,0,0,10,70,2,1,0,0,1,1,1,10,1,20,1,2,1,0,44,0.5,0,0,0,1,0,0,0,0,0,1,0,0,44,46,,44,46,0,2,3,1,0,0.6666666666666666,0,0,0,0,0,0,0,,0,0,0,0,0,0,0,0,0,0
2019,7,HOU,REG,2019_07_HOU_IND,IND,23,34,308,1,2,3,-17,0,0,268,125,15,1.9117577140879094,1.2562064510403257,0,15,4,3,2,24,100,1,0,0,6,-0.44847277958969123,0,4,1,0,0,23,33,308,1,0,0,268,125,15,6.255829102372255,0,15,4,3,2,0,45,5,7,1,4,0,1.0,5.0,8,0,0,2,0,0,0,0,0,0,1,2,0,10,54,5,0,0,0,0,0,1,3,3,63,3,3,0,0,47,1.0,0,1,1,1,0,0,0,0,0,0,0,0,47;31;26,,,104,0,0,2,2,0,0,1.0,0,0,0,0,0,2,0,51,89,1,0,1,1,0,0,0,0,69
2019,8,HOU,REG,2019_08_OAK_HOU,LV,27,39,279,3,0,3,-21,0,0,266,106,17,10.615891871995498,-0.6721160913768568,0,9,3,3,1,32,130,0,1,0,7,0.9779831983032636,0,4,2,1,0,27,38,279,3,0,0,266,106,17,15.724013157266464,0,9,3,3,1,0,25,7,25,5,11,0,0.0,0.0,1,0,0,8,0,0,0,0,1,0,0,0,0,7,50,1,1,0,0,1,0,4,32,1,22,2,2,0,0,40,1.0,0,0,1,1,0,0,0,0,0,0,0,0,33;40,,,73,0,0,3,3,0,0,1.0,0,0,0,0,0,4,0,63,207,1,0,0,1,1,2,3,0,184
2019,9,HOU,REG,2019_09_HOU_JAX,JAX,22,28,201,2,0,1,-7,0,0,181,91,11,14.430471978937657,13.364372083118983,0,10,4,2,0,34,216,1,1,1,8,-1.13141700901906,0,4,3,2,2,22,28,201,2,0,0,181,91,11,15.568887184692246,0,10,4,2,0,0,49,0,2,3,27,3,4.0,27.0,5,2,38,8,0,0,0,0,0,0,2,51,0,7,60,4,1,0,0,1,1,0,0,1,19,2,3,1,0,52,0.6666666666666666,0,0,0,1,1,0,0,0,0,0,1,0,52;42,58,,94,58,0,2,3,0,1,0.6666666666666666,0,0,0,0,0,3,0,53,136,1,0,1,0,0,2,8,0,128
2019,11,HOU,REG,2019_11_HOU_BAL,BAL,18,30,169,0,1,7,-59,1,1,241,83,10,-22.27489061810012,-7.931170066197713,0,10,3,1,0,20,122,1,0,0,3,-0.9808783250628039,0,3,2,1,1,18,30,169,0,0,0,241,83,10,-4.942005438431455,0,10,3,1,0,0,48,0,16,3,10,0,0.0,0.0,1,0,0,1,0,0,0,0,0,0,0,0,0,5,60,3,1,0,0,1,1,0,0,3,70,0,1,1,0,,0.0,0,0,0,0,0,0,0,0,0,1,0,0,,43,,0,43,0,1,1,0,0,1.0,0,0,0,0,0,3,0,41,112,1,0,0,0,1,2,4,0,108
2019,12,HOU,REG,2019_12_IND_HOU,IND,19,30,298,2,1,1,-1,0,0,415,63,11,7.496709455318575,6.158300382750375,0,10,5,5,2,24,99,0,1,0,5,-3.7688106767600402,0,2,2,1,0,19,28,298,2,0,0,415,63,11,11.284725730064617,0,10,5,5,2,0,41,9,25,3,13,0,1.0,8.0,4,0,0,3,0,1,0,0,2,0,0,0,0,4,27,3,2,0,0,2,0,2,23,0,0,2,2,0,0,36,1.0,0,0,2,0,0,0,0,0,0,0,0,0,35;36,,,71,0,0,2,2,0,0,1.0,0,0,0,0,0,2,0,57,94,1,0,1,0,1,0,0,0,94
2019,13,HOU,REG,2019_13_NE_HOU,NE,19,26,240,4,0,3,-16,0,0,195,117,12,12.565939825028181,2.011542939222776,0,11,5,3,0,23,52,0,0,0,2,-4.895508562680334,0,1,1,0,0,19,26,240,4,0,0,195,117,12,17.043822693405673,0,11,5,3,0,0,39,4,24,4,23,0,3.0,23.0,12,1,22,8,0,0,0,0,0,0,0,0,0,8,79,3,0,0,0,0,0,2,24,0,0,0,0,0,0,,,0,0,0,0,0,0,0,0,0,0,0,0,,,,0,0,0,4,4,0,0,1.0,0,0,0,0,0,5,0,56,236,3,0,1,0,3,1,6,0,230
2019,14,HOU,REG,2019_14_DEN_HOU,DEN,28,50,292,1,2,3,-12,0,0,434,160,16,-2.695218452230206,-9.949454792002415,0,14,5,3,1,22,134,2,0,0,9,9.603306066914229,0,4,4,0,0,28,47,292,1,1,1,434,160,16,-7.7290157375169155,0,14,5,3,1,0,28,6,32,3,10,0,1.0,8.0,8,1,26,2,0,0,0,0,0,0,0,0,0,9,44,4,1,0,0,1,1,1,8,1,26,1,1,0,0,54,1.0,0,0,0,0,1,0,0,0,0,0,0,0,54,,,54,0,0,3,3,0,0,1.0,0,0,0,0,0,2,0,41,74,1,0,0,0,1,1,2,0,72
2019,15,HOU,REG,2019_15_HOU_TEN,TEN,19,27,243,2,2,1,-9,0,0,271,95,12,4.84309092577314,12.014301896095276,0,9,5,4,0,35,140,1,1,0,9,2.985001318156719,0,3,1,0,0,19,25,243,2,0,0,271,95,12,7.4560350907268,0,9,5,4,0,0,36,8,24,1,8,0,2.0,10.0,7,1,86,6,0,0,0,0,0,0,0,0,0,5,27,2,1,0,1,1,0,0,0,2,54,1,1,0,0,29,1.0,0,1,0,0,0,0,0,0,0,0,0,0,29,,,29,0,0,3,3,0,0,1.0,0,0,0,0,0,4,0,60,185,3,0,1,0,1,2,19,0,166
2019,16,HOU,REG,2019_16_HOU_TB,TB,19,32,184,0,1,5,-23,1,0,215,73,7,-7.386854507294796,-6.33238572627306,0,8,3,2,0,26,68,1,1,1,5,-7.776960243558008,0,1,1,0,0,19,32,184,0,0,0,215,73,7,-2.8998776425470933,0,8,3,2,0,0,49,0,10,3,8,1,3.0,6.0,5,4,49,10,1,0,0,19,0,0,1,0,0,4,35,1,2,0,1,2,1,1,10,0,0,3,3,0,0,37,1.0,0,1,2,0,0,0,0,0,0,0,0,0,32;25;37,,,94,0,0,2,2,0,0,1.0,0,0,0,0,0,6,0,55,267,4,2,0,0,2,2,3,0,264
2019,17,HOU,REG,2019_17_TEN_HOU,TEN,21,36,225,0,1,4,-33,0,0,308,130,11,-3.6366681246145163,-4.193595238029957,0,8,5,4,0,25,109,2,0,0,9,1.3870121063955594,0,3,2,0,0,21,32,225,0,0,0,308,130,11,5.924152802239405,0,8,5,4,0,0,32,0,36,0,0,0,0.0,0.0,2,0,0,2,0,0,0,0,0,0,0,0,0,5,35,4,0,0,0,0,0,2,25,0,0,0,0,0,0,,,0,0,0,0,0,0,0,0,0,0,0,0,,,,0,0,0,2,2,0,0,1.0,0,0,0,0,0,5,0,58,248,3,0,0,0,3,2,9,0,239
2019,18,HOU,POST,2019_18_BUF_HOU,BUF,20,25,247,1,0,7,-28,0,0,216,97,13,6.051862829046311,13.905576348304749,1,13,4,3,1,33,141,1,1,0,5,-4.349642118657241,1,3,2,1,0,20,25,247,1,1,1,216,97,13,12.221656135068226,1,13,4,3,1,0,40,9,25,3,29,2,3.0,27.0,11,0,0,6,0,0,0,0,1,-4,1,0,0,4,20,5,1,1,0,2,1,1,11,2,15,2,2,0,0,41,1.0,0,1,0,1,0,0,0,0,0,0,0,0,41;28,,,69,0,0,0,0,0,0,,1,1,0,0,28,5,0,56,216,3,0,1,0,3,1,8,0,208
2019,19,HOU,POST,2019_19_HOU_KC,KC,31,52,388,2,0,5,-40,0,0,465,156,18,2.687744141049526,-2.583246350288391,0,12,7,6,1,21,94,1,0,0,4,-0.9114584392963827,0,2,0,0,0,31,50,388,2,1,0,465,153,18,12.289900924445439,0,12,7,6,1,1,40,0,4,3,10,0,1.0,5.0,3,0,0,4,0,0,0,10,1,0,1,0,0,7,87,6,1,1,0,2,1,1,11,3,51,1,2,1,0,31,0.5,0,0,1,0,0,0,0,0,0,0,1,0,31,51,,31,51,0,4,4,0,0,1.0,0,0,0,0,0,3,0,50,137,2,0,0,0,1,2,1,0,136
2020,1,HOU,REG,2020_01_HOU_KC,KC,20,32,253,1,1,4,-11,0,0,283,132,13,3.5179229892052675,-1.2257502925011419,0,12,6,3,0,22,118,2,0,0,8,5.319069342396688,0,3,3,0,0,20,31,253,1,0,0,283,132,13,8.463132031025175,0,12,6,3,0,0,50,1,15,4,12,0,1.0,8.0,3,0,0,2,0,0,0,0,0,0,0,0,0,5,37,4,0,0,0,0,0,1,19,3,66,0,1,1,0,,0.0,0,0,0,0,0,0,0,0,0,0,1,0,,51,,0,51,0,2,2,0,0,1.0,0,0,0,0,0,3,0,42,123,2,1,0,0,2,0,0,0,123
2020,2,HOU,REG,2020_02_BAL_HOU,BAL,25,36,275,1,1,4,-22,0,0,283,112,15,0.7226558885816061,6.518315304728115,0,12,3,3,0,17,51,0,0,0,2,-4.499421563348733,0,0,0,0,0,25,34,275,1,1,1,283,112,15,-0.8319721452580202,0,12,3,3,0,0,44,1,29,5,30,0,4.0,27.0,5,0,0,3,0,0,0,0,0,0,0,0,0,4,22,6,1,0,0,1,1,1,10,1,17,3,3,0,0,45,1.0,0,0,1,2,0,0,0,0,0,0,0,0,44;35;45,,,124,0,0,1,1,0,0,1.0,0,0,0,0,0,3,0,57,140,2,0,0,0,2,1,8,0,132
2020,3,HOU,REG,2020_03_HOU_PIT,PIT,19,27,264,2,1,5,-33,0,0,285,82,12,7.013693063840037,10.637583390430168,0,12,9,6,0,15,29,1,0,0,1,-4.9524204953049775,0,0,0,0,0,19,27,264,2,0,0,285,82,12,14.070963771868264,0,12,9,6,0,0,47,6,22,3,20,1,2.0,19.0,5,0,0,3,0,0,0,0,0,0,0,0,0,4,49,6,0,0,0,0,0,3,17,3,57,0,0,0,0,,,0,0,0,0,0,0,0,0,0,0,0,0,,,,0,0,0,3,3,0,0,1.0,0,0,0,0,0,6,0,58,291,1,1,1,0,2,2,25,0,266
2020,4,HOU,REG,2020_04_MIN_HOU,MIN,20,33,300,2,0,3,-10,1,0,300,102,12,7.387939696206487,-2.648951449701863,0,14,7,5,1,26,96,0,1,0,5,-5.8699054972676095,0,1,1,0,0,20,31,300,2,0,0,300,102,12,12.583346511928603,0,14,7,5,1,0,38,8,30,3,12,0,3.0,12.0,8,0,0,2,0,1,0,0,2,-4,0,0,0,2,15,4,1,2,0,3,1,2,14,2,51,3,3,0,0,50,1.0,0,2,0,0,1,0,0,0,0,0,0,0,50;28;25,,,103,0,0,2,2,0,0,1.0,0,0,0,0,0,4,0,59,201,0,0,0,1,2,1,6,0,175
2020,5,HOU,REG,2020_05_JAX_HOU,JAX,25,35,359,3,2,1,-2,0,0,366,136,16,11.248709308400857,4.72926778452737,0,13,9,6,1,22,129,0,0,0,7,0.3967830295441672,0,5,3,1,0,25,35,359,3,0,0,366,136,16,12.115056371384407,0,13,9,6,1,0,37,7,27,3,10,1,3.0,8.0,5,0,0,3,0,1,0,0,1,0,2,0,0,5,25,3,1,0,0,1,0,1,9,0,0,3,3,0,0,46,1.0,0,0,2,1,0,0,0,0,0,0,0,0,36;33;46,,,115,0,0,3,3,0,0,1.0,0,0,0,0,0,1,0,33,33,1,1,0,0,0,0,0,0,33
2020,6,HOU,REG,2020_06_HOU_TEN,TEN,28,38,335,4,0,2,-15,0,0,334,112,17,20.36273884944012,11.226435851406407,0,12,9,4,1,27,92,1,0,0,6,-1.361987890151795,0,4,0,0,0,28,37,335,4,0,0,334,112,17,23.495231647262816,0,12,9,4,1,0,44,12,16,3,11,1,2.0,22.0,6,1,0,6,0,0,0,0,0,0,1,0,0,4,46,5,0,0,0,0,0,1,0,2,39,1,1,0,0,38,1.0,0,0,1,0,0,0,0,0,0,0,0,0,38,,,38,0,0,3,4,1,0,0.75,0,0,0,0,0,4,0,56,209,1,0,0,1,0,3,20,0,169
2020,7,HOU,REG,2020_07_GB_HOU,GB,29,39,309,2,0,3,-23,0,0,248,133,15,7.801318274423706,4.9149485010849805,0,12,6,3,0,22,79,0,0,0,4,-6.245824181416538,0,2,2,0,0,29,38,309,2,2,1,248,133,15,10.541100067975814,0,12,6,3,0,0,31,4,28,3,6,0,0.0,0.0,1,0,0,0,0,0,0,0,1,0,0,0,0,6,55,3,2,0,0,2,1,2,19,0,0,2,3,1,0,38,0.6666666666666666,0,1,1,0,0,0,0,0,0,1,0,0,38;29,41,,67,41,0,2,2,0,0,1.0,0,0,0,0,0,4,0,67,205,2,0,0,1,2,1,6,0,179
2020,9,HOU,REG,2020_09_HOU_JAX,JAX,19,32,281,2,0,2,-14,0,0,291,194,10,7.122316825828295,-1.757493204083936,0,8,4,2,2,28,107,1,2,1,7,-2.652764192316681,0,4,2,0,0,19,29,281,2,0,0,291,194,10,14.51748284643587,0,8,4,2,2,0,42,0,28,2,8,1,2.0,16.0,4,1,0,3,0,0,0,0,1,-4,0,0,0,3,18,2,1,1,0,2,1,0,0,1,20,2,2,0,0,54,1.0,0,0,1,0,1,0,0,0,0,0,0,0,54;30,,,84,0,0,3,3,0,0,1.0,0,0,0,0,0,5,0,61,223,3,0,1,1,1,2,3,0,200
2020,10,HOU,REG,2020_10_HOU_CLE,CLE,20,30,163,1,0,2,-10,0,0,185,87,7,0.6792835701423763,3.4428281443459645,0,7,2,1,0,22,90,0,0,0,8,0.01331143593415618,0,2,2,1,0,20,28,163,1,0,0,185,87,7,5.103398893196514,0,7,2,1,0,0,40,0,24,3,14,0,1.0,7.0,2,0,0,1,0,0,0,0,0,0,0,0,0,6,49,3,0,0,0,0,0,2,22,2,39,0,1,1,0,,0.0,0,0,0,0,0,0,0,0,0,1,0,0,,46,,0,46,0,1,1,0,0,1.0,0,0,0,0,0,4,0,64,194,1,0,1,1,0,2,11,0,163
2020,11,HOU,REG,2020_11_NE_HOU,NE,28,37,344,2,0,0,0,0,0,314,167,17,20.124489289021977,7.755755089424752,0,13,9,7,1,19,55,1,0,0,2,-4.189583623112412,0,1,0,0,0,28,37,344,2,0,0,314,167,17,20.124489289021977,0,13,9,7,1,0,41,7,11,5,23,0,2.0,16.0,8,0,0,5,0,0,0,0,0,0,0,0,0,5,35,4,0,0,0,0,0,2,14,1,22,2,2,0,0,46,1.0,0,0,1,1,0,0,0,0,0,0,0,0,36;46,,,82,0,0,3,3,0,0,1.0,0,0,0,0,0,4,0,44,161,1,0,0,0,2,2,3,0,158
2020,12,HOU,REG,2020_12_HOU_DET,DET,17,25,318,4,0,2,-11,0,0,319,115,15,18.90969482321821,11.003568898076596,1,13,8,6,1,23,77,0,1,1,4,-7.173880837566685,0,2,1,0,0,17,23,318,4,0,0,319,115,15,23.78064636590721,1,13,8,6,1,0,47,4,26,4,17,3,4.0,16.0,8,1,19,7,1,0,0,0,0,0,2,0,0,10,74,2,1,0,0,1,1,0,0,2,34,2,2,0,0,42,1.0,0,1,0,1,0,0,0,0,0,0,0,0,42;26,,,68,0,0,3,4,1,0,0.75,0,0,0,0,0,3,0,41,117,1,0,1,0,2,0,0,0,117
2020,13,HOU,REG,2020_13_IND_HOU,IND,26,38,341,0,1,5,-33,1,0,394,106,15,1.1388486342204607,3.8058346187746204,0,13,8,4,1,19,90,2,1,1,4,-2.654296501976205,0,3,1,0,0,26,37,341,0,0,0,394,106,15,9.510529525711002,0,13,8,4,1,0,43,2,30,8,37,0,3.0,23.0,5,0,0,3,0,0,0,0,1,-5,0,0,0,3,30,6,1,1,0,2,1,3,25,4,87,2,3,1,0,52,0.6666666666666666,0,0,1,0,1,0,0,0,0,0,1,0,52;34,53,,86,53,0,2,2,0,0,1.0,0,0,0,0,0,3,0,54,145,0,1,0,0,0,2,22,0,123
2020,14,HOU,REG,2020_14_HOU_CHI,CHI,21,30,219,1,0,7,-64,0,0,197,122,10,-5.526707258832175,11.284953355789185,0,9,1,1,1,27,108,0,1,1,7,-4.874074223160278,0,2,1,0,0,21,27,219,1,0,0,197,122,10,13.453281389723998,0,9,1,1,1,0,41,0,16,6,31,0,3.0,26.0,5,0,0,3,0,1,0,0,0,0,0,0,0,6,50,2,2,0,0,2,2,1,7,4,64,0,0,0,0,,,0,0,0,0,0,0,0,0,0,0,0,0,,,,0,0,0,1,1,0,0,1.0,0,0,0,0,0,4,0,50,172,0,0,1,0,2,1,4,0,168
2020,15,HOU,REG,2020_15_HOU_IND,IND,33,41,373,2,0,5,-31,1,1,313,140,17,13.34211007240069,16.392975731899863,0,16,7,5,0,21,83,0,0,0,4,2.55841657606652,0,0,0,0,0,33,38,373,2,2,1,313,140,17,21.668744755775034,0,16,7,5,0,0,26,18,18,2,7,0,1.0,5.0,3,0,0,2,0,0,0,0,0,0,0,0,0,5,24,5,3,0,1,3,2,0,0,5,96,2,2,0,0,31,1.0,0,1,1,0,0,0,0,0,0,0,0,0,23;31,,,54,0,0,2,2,0,0,1.0,0,0,0,0,0,2,0,57,95,2,0,0,0,1,1,13,0,82
2020,16,HOU,REG,2020_16_CIN_HOU,CIN,24,33,324,3,0,1,-2,1,1,339,138,14,3.4711059633644705,7.623643450664751,0,14,7,6,1,17,166,1,1,0,8,8.963512036134489,0,6,4,2,1,24,33,324,3,1,0,339,138,14,8.704536134284217,0,13,6,5,1,0,46,5,21,1,6,0,0.0,0.0,4,0,0,5,0,0,0,0,0,0,0,0,0,6,46,5,4,0,3,4,1,0,0,2,35,1,1,0,0,21,1.0,0,1,0,0,0,0,0,0,0,0,0,0,21,,,21,0,0,4,4,0,0,1.0,0,0,0,0,0,4,0,51,180,2,0,0,1,2,1,7,0,153
2020,17,HOU,REG,2020_17_TEN_HOU,TEN,29,40,385,3,1,4,-24,0,0,416,95,17,12.573423602690399,8.9738230407238,0,13,8,8,1,17,96,1,0,0,6,2.8414246676838957,0,3,2,1,0,29,40,385,3,0,0,416,95,17,17.64872437881491,0,13,8,8,1,0,39,5,29,4,17,2,2.0,12.0,8,0,0,2,0,0,0,0,0,0,1,0,0,6,44,6,0,0,0,0,0,1,2,4,95,4,4,0,0,51,1.0,0,2,0,1,1,0,0,0,0,0,0,0,24;43;28;51,,,146,0,0,2,3,1,0,0.6666666666666666,0,0,0,0,0,1,0,42,42,1,0,0,0,1,0,0,0,42
2021,1,HOU,REG,2021_01_JAX_HOU,JAX,21,33,291,2,0,1,-2,0,0,318,102,13,14.053602164235166,1.7178318463265896,0,9,6,5,2,41,160,2,1,0,6,-2.4597409970037742,0,2,1,1,0,21,32,291,2,0,0,318,102,13,15.621662533931634,0,9,6,5,2,0,28,6,24,2,16,1,1.0,13.0,4,3,40,6,0,0,0,0,0,0,0,0,0,5,50,3,0,1,1,1,0,3,17,2,47,3,3,0,0,40,1.0,0,2,0,1,0,0,0,0,0,0,0,0,40;26;25,,,91,0,0,4,4,0,0,1.0,0,0,0,0,0,6,0,52,266,3,1,0,0,3,2,1,0,265
2021,2,HOU,REG,2021_02_HOU_CLE,CLE,18,29,227,2,1,1,-7,1,0,272,134,10,9.352581492130135,-2.784750929900578,0,10,5,4,0,28,82,1,0,0,5,-3.771652611263562,0,1,1,0,0,18,28,227,2,0,0,272,134,10,11.08131758993813,0,10,5,4,0,0,38,2,26,5,22,2,2.0,14.0,2,1,24,1,0,1,0,0,1,0,1,-1,0,9,78,4,1,1,0,2,1,1,0,4,81,0,1,0,1,,0.0,0,0,0,0,0,0,0,0,0,0,0,0,,,41,0,0,41,3,3,0,0,1.0,0,0,0,0,0,4,0,56,209,1,0,0,1,0,3,22,0,167
2021,3,HOU,REG,2021_03_CAR_HOU,CAR,19,28,168,1,0,4,-17,0,0,190,42,10,-7.626221771077047,6.143577337265015,0,9,1,1,0,17,42,0,0,0,2,-6.7462557921535335,0,0,0,0,0,19,25,168,1,0,0,190,42,10,0.9314668187580537,0,9,1,1,0,0,36,7,31,2,10,2,3.0,14.0,5,0,0,3,0,1,0,0,2,-6,0,0,0,7,51,6,1,1,0,2,0,1,-4,2,57,1,1,0,0,53,1.0,0,0,0,0,1,0,0,0,0,0,0,0,53,,,53,0,0,0,1,1,0,0.0,0,0,0,0,0,6,0,53,267,3,0,1,0,3,2,17,0,250
2021,4,HOU,REG,2021_04_HOU_BUF,BUF,11,21,87,0,4,3,-26,1,0,180,34,4,-22.929134988808073,-15.85621252655983,0,3,1,0,0,18,48,0,0,0,2,-6.597374394186772,0,2,1,0,0,11,20,87,0,1,1,180,34,4,-22.382509987568483,0,3,1,0,0,0,44,13,25,3,11,2,1.0,5.0,4,1,32,4,0,0,0,0,1,0,0,0,0,10,100,3,1,1,0,2,1,1,6,4,67,0,0,0,0,,,0,0,0,0,0,0,0,0,0,0,0,0,,,,0,0,0,0,0,0,0,,0,0,0,0,0,5,0,61,251,1,0,1,0,0,4,24,0,227
2021,5,HOU,REG,2021_05_NE_HOU,NE,21,29,312,3,0,3,-19,0,0,266,160,10,17.91204633558163,9.29164864398815,0,10,5,4,2,24,67,0,0,0,2,-7.058863230457064,0,1,0,0,0,21,27,312,3,1,1,266,160,10,22.505015487590143,0,10,5,4,2,0,36,10,28,5,15,1,1.0,5.0,4,1,0,5,0,0,0,0,0,0,1,0,0,8,70,5,0,1,0,1,1,1,11,3,70,1,2,1,0,33,0.5,0,0,1,0,0,0,0,0,0,0,1,0,33,56,,33,56,0,1,3,2,0,0.3333333333333333,0,0,0,0,0,3,0,54,99,1,1,0,0,1,1,13,0,86
2021,6,HOU,REG,2021_06_HOU_IND,IND,29,43,243,0,2,2,-14,0,0,279,113,12,-8.99938089727458,-1.9808316514605568,0,10,3,1,0,29,124,0,1,1,7,-7.553757055196911,0,3,2,2,0,29,42,243,0,0,0,279,113,12,-5.590737357512456,0,10,3,1,0,0,28,8,12,2,9,0,2.0,9.0,5,0,0,1,0,0,0,0,0,0,0,0,0,4,25,2,1,0,0,1,1,1,3,4,91,1,1,0,0,31,1.0,0,0,1,0,0,0,0,0,0,0,0,0,31,,,31,0,0,0,0,0,0,,0,0,0,0,0,5,0,55,212,4,1,1,0,1,2,8,0,204
2021,7,HOU,REG,2021_07_HOU_ARI,ARI,23,32,135,0,0,2,-17,1,1,153,58,6,-16.395969196806718,0.11796047610621299,0,6,2,1,0,15,42,0,0,0,0,-6.137608775869012,0,1,1,0,0,23,31,135,0,0,0,153,58,6,-7.851248976194356,0,6,2,1,0,0,44,6,20,9,43,0,4.0,36.0,4,1,15,5,0,0,1,0,0,0,0,0,0,8,80,1,1,0,0,1,1,4,51,2,42,1,1,0,0,53,1.0,0,0,0,0,1,0,0,0,0,0,0,0,53,,,53,0,0,0,0,0,0,,0,0,0,0,0,7,0,69,344,2,1,3,1,0,2,27,0,297
2021,8,HOU,REG,2021_08_LA_HOU,LA,29,39,310,2,1,5,-31,0,0,263,118,13,-7.361883358972397,8.359576844506794,0,9,5,5,1,14,44,1,0,0,4,0.443721283853054,1,1,1,0,0,29,36,310,2,1,0,263,118,13,3.162885842523986,0,9,5,5,1,0,33,7,31,2,10,0,1.0,8.0,2,0,0,4,0,0,0,0,1,0,0,0,0,6,38,6,1,1,1,2,0,1,1,1,44,0,1,1,0,,0.0,0,0,0,0,0,0,0,0,0,1,0,0,,45,,0,45,0,2,2,0,0,1.0,0,0,0,0,0,7,0,63,364,2,1,0,0,3,3,2,0,362
2021,9,HOU,REG,2021_09_HOU_MIA,MIA,24,44,240,0,3,5,-41,0,0,365,132,11,-14.909136896620854,-4.558415487408638,0,9,2,2,0,18,73,0,0,0,3,-2.2563885503914207,0,1,0,0,0,24,40,240,0,1,1,365,132,11,-5.9270042168380455,0,9,2,2,0,0,41,5,31,5,21,3,4.0,29.0,9,2,0,5,0,0,0,0,0,0,3,0,0,8,60,4,1,0,0,1,1,1,2,1,18,3,3,0,0,40,1.0,0,1,1,1,0,0,0,0,0,0,0,0,31;40;20,,,91,0,0,0,0,0,0,,0,0,0,0,0,5,0,58,235,3,0,0,0,2,3,31,0,204
2021,11,HOU,REG,2021_11_HOU_TEN,TEN,14,24,107,0,0,0,0,0,0,97,54,5,-0.2966390122557674,-8.934508847153705,0,4,0,0,0,38,83,2,1,0,8,-4.720308819785714,0,0,0,0,0,14,23,107,0,0,0,97,54,5,0.15738137593579848,0,4,0,0,0,0,49,4,34,4,11,2,2.0,6.0,8,4,129,7,0,0,0,0,1,-3,1,0,0,7,50,3,0,1,0,1,0,1,10,1,17,3,3,0,0,43,1.0,0,1,1,1,0,0,0,0,0,0,0,0,43;24;37,,,104,0,0,1,2,1,0,0.5,0,0,0,0,0,7,0,52,307,5,1,0,0,2,4,20,0,287
2021,12,HOU,REG,2021_12_NYJ_HOU,NYJ,17,26,158,2,1,5,-52,0,0,219,79,7,-12.880443342038465,-1.8919529823156505,0,6,3,3,1,24,96,0,1,0,4,-2.3572291080490686,0,2,1,1,0,17,26,158,2,0,0,219,79,7,-3.3094834422893236,0,6,3,3,1,0,42,2,18,7,32,1,4.0,36.0,4,1,0,3,0,0,0,0,1,0,0,0,0,4,32,5,0,1,0,1,0,1,7,2,50,0,1,1,0,,0.0,0,0,0,0,0,0,0,0,0,0,1,0,,55,,0,55,0,2,2,0,0,1.0,0,0,0,0,0,5,0,56,236,2,1,1,0,2,1,17,0,219
2021,13,HOU,REG,2021_13_IND_HOU,IND,11,27,94,0,1,4,-37,0,0,144,69,6,-22.38251178956125,-28.067254447020016,0,6,0,0,0,19,84,0,0,0,3,-3.5238066987949423,0,1,1,0,0,11,26,94,0,1,1,144,69,6,-19.506141814461444,0,6,0,0,0,0,45,10,28,4,12,1,1.0,7.0,3,0,0,1,0,0,0,0,0,0,1,0,0,4,25,5,1,0,0,1,1,1,4,2,48,0,0,0,0,,,0,0,0,0,0,0,0,0,0,0,0,0,,,,0,0,0,0,0,0,0,,0,0,0,0,0,6,0,60,302,1,0,0,0,1,5,37,0,265
2021,14,HOU,REG,2021_14_SEA_HOU,SEA,33,49,331,1,0,2,-14,0,0,264,231,16,-2.1099609465055122,-3.5227648292978606,0,16,6,1,0,25,63,0,0,0,6,-8.530819487350527,0,1,0,0,0,33,48,331,1,0,0,264,231,16,0.7583875226954975,0,16,6,1,0,0,28,9,23,5,17,0,0.0,0.0,1,0,0,3,0,0,0,0,0,0,0,0,0,6,52,6,0,0,0,0,0,1,2,4,93,2,2,0,0,61,1.0,0,1,0,0,0,1,0,0,0,0,0,0,21;61,,,82,0,0,1,1,0,0,1.0,0,0,0,0,0,5,0,58,229,1,0,1,1,1,2,31,0,178
2021,15,HOU,REG,2021_15_HOU_JAX,JAX,19,30,209,2,1,1,-3,0,0,211,108,8,3.503470433296327,-2.166117231051127,0,7,4,3,1,26,75,0,0,0,4,-4.52858240326168,0,0,0,0,0,19,30,209,2,0,0,211,108,8,4.325783532464568,0,7,4,3,1,1,37,6,30,6,24,0,3.0,21.0,4,0,0,3,0,0,0,0,0,0,0,0,0,9,65,4,0,0,0,0,0,3,31,2,121,3,3,0,0,52,1.0,0,1,0,0,2,0,0,0,0,0,0,0,52;51;25,,,128,0,0,3,3,0,0,1.0,0,0,0,0,0,4,0,55,193,3,0,1,0,0,3,49,0,144
2021,16,HOU,REG,2021_16_LAC_HOU,LAC,21,27,254,2,0,1,-6,0,0,209,117,14,16.02542242752344,7.640280215828507,0,11,5,4,1,36,189,2,0,0,9,2.6788063660496846,0,5,5,2,0,21,27,254,2,0,0,209,117,14,17.815114693901993,0,11,5,4,1,0,36,4,26,0,0,1,1.0,8.0,2,2,55,4,1,0,0,0,0,0,1,6,0,10,70,2,0,0,0,0,0,0,0,1,0,2,3,1,0,51,0.6666666666666666,0,1,0,0,1,0,0,0,0,0,1,0,51;25,52,,76,52,0,5,5,0,0,1.0,0,0,0,0,0,1,0,53,53,0,0,0,0,1,0,0,0,53
2021,17,HOU,REG,2021_17_HOU_SF,SF,21,32,163,1,1,3,-27,1,0,194,68,6,-16.03667814728904,1.2184575200080872,0,4,2,2,0,27,86,0,1,0,5,-2.8458997226553038,0,0,0,0,0,21,30,163,1,0,0,194,68,6,-9.496027392102405,0,4,2,2,0,0,42,8,24,3,12,0,1.0,8.0,2,1,0,5,0,0,0,0,2,0,0,0,0,5,67,5,2,0,0,2,0,2,23,5,98,0,1,1,0,,0.0,0,0,0,0,0,0,0,0,0,1,0,0,,45,,0,45,0,1,1,0,0,1.0,0,0,0,0,0,7,0,53,328,1,0,1,1,1,4,33,0,275
2021,18,HOU,REG,2021_18_TEN_HOU,TEN,23,33,301,3,0,2,-12,0,0,373,104,11,10.669094356228133,6.786826159805059,1,10,8,8,0,21,64,0,0,0,7,-0.4926168790388412,0,2,1,0,0,23,32,301,3,0,0,373,104,11,13.96174057513429,1,10,8,8,0,0,37,12,26,3,8,0,1.0,6.0,7,0,0,4,0,0,0,0,0,0,0,0,0,4,65,5,0,0,0,0,0,3,24,3,62,1,1,0,0,31,1.0,0,0,1,0,0,0,0,0,0,0,0,0,31,,,31,0,0,2,2,0,0,1.0,0,0,0,0,0,5,0,50,213,4,0,0,0,1,4,23,0,190
2022,1,HOU,REG,2022_01_IND_HOU,IND,23,37,240,2,0,3,-18,1,1,266,81,12,-6.464837897088398,-6.728735069433848,0,8,5,2,1,28,77,0,0,0,4,-5.302811652130913,0,0,0,0,0,23,36,240,2,0,0,266,81,12,2.099262833319119,0,8,5,2,1,0,49,9,39,5,14,2,2.0,12.0,7,1,14,11,0,0,0,0,0,0,1,0,0,6,40,6,1,0,0,1,1,0,0,0,0,2,2,0,0,45,1.0,0,0,0,2,0,0,0,0,0,0,0,0,45;43,,,88,0,0,2,2,0,0,1.0,0,0,0,0,0,7,0,52,318,3,0,0,0,2,5,34,0,284
2022,2,HOU,REG,2022_02_HOU_DEN,DEN,19,38,177,0,0,3,-23,2,0,324,83,6,-11.454928964852702,-13.692901907740412,0,5,5,4,0,18,80,0,0,0,7,0.9115269432077184,0,4,1,0,0,19,37,177,0,0,0,324,83,6,-6.253054109005138,0,5,5,4,0,0,35,8,24,3,16,0,3.0,18.0,7,1,0,6,0,0,0,0,2,0,0,0,0,8,94,4,2,0,0,2,0,1,7,1,22,3,3,0,0,44,1.0,0,1,0,2,0,0,0,0,0,0,0,0,40;44;24,,,108,0,0,0,0,0,0,,0,0,0,0,0,5,0,64,268,2,0,0,0,1,4,59,0,209
2022,3,HOU,REG,2022_03_HOU_CHI,CHI,20,32,245,1,2,1,-8,0,0,238,141,9,-5.738881866280412,-2.3164170403634348,0,8,6,4,1,24,92,1,2,0,6,0.32811154325959624,0,1,1,1,0,20,31,245,1,0,0,238,141,9,-2.871596021294085,0,8,6,4,1,0,37,10,22,5,29,0,5.0,24.0,8,2,22,3,0,1,0,0,3,0,0,0,0,3,25,5,3,0,0,3,0,1,31,0,0,2,2,0,0,39,1.0,0,1,1,0,0,0,0,0,0,0,0,0,39;23,,,62,0,0,2,2,0,0,1.0,0,0,0,0,0,5,0,56,242,5,1,1,0,1,2,1,0,241
2022,4,HOU,REG,2022_04_LAC_HOU,LAC,26,35,246,2,2,4,-31,1,0,256,107,11,-8.713956958995084,5.257619874817984,0,7,6,5,1,14,131,1,0,0,2,5.118998403137084,0,2,1,1,1,26,35,246,2,0,0,256,107,11,-0.7040121105116546,0,7,6,5,1,0,32,15,25,3,7,1,1.0,2.0,2,0,0,2,0,0,0,0,1,0,1,0,0,9,67,5,1,0,0,1,0,2,8,1,24,1,2,1,0,40,0.5,0,0,0,1,0,0,0,0,0,1,0,0,40,46,,40,46,0,3,3,0,0,1.0,0,0,0,0,0,3,0,55,156,1,0,0,0,1,2,24,0,132
2022,5,HOU,REG,2022_05_HOU_JAX,JAX,16,24,140,0,0,1,-8,0,0,132,79,6,-2.518987307273534,-1.7401573558648427,0,6,3,2,0,31,116,1,0,0,7,-0.9380226692103741,0,3,3,1,0,16,24,140,0,0,0,132,79,6,-1.28440589033508,0,6,3,2,0,0,43,6,20,2,5,0,0.0,0.0,1,2,38,8,0,0,0,0,0,0,0,0,0,4,25,2,0,0,0,0,0,2,13,1,24,2,2,0,0,51,1.0,0,0,0,0,2,0,0,0,0,0,0,0,50;51,,,101,0,0,1,1,0,0,1.0,0,0,0,0,0,6,0,58,293,3,1,1,1,1,2,21,0,252
2022,7,HOU,REG,2022_07_HOU_LV,LV,28,41,302,2,1,1,-6,0,0,222,183,12,3.0725101789447704,-0.011628270149230957,0,11,6,5,0,23,108,0,0,0,9,0.6670668585575186,0,3,2,1,0,28,40,302,2,0,0,222,183,12,4.020505923590366,0,11,6,5,0,0,41,1,9,3,7,0,1.0,5.0,3,0,0,1,0,0,0,0,0,0,0,0,0,3,14,2,0,0,0,0,0,1,1,4,78,2,3,1,0,55,0.6666666666666666,0,0,1,0,1,0,0,0,1,0,0,0,55;35,39,,90,39,0,2,2,0,0,1.0,0,0,0,0,0,1,0,55,55,1,0,0,0,0,1,0,0,55
2022,8,HOU,REG,2022_08_TEN_HOU,TEN,17,30,152,1,1,3,-34,0,0,236,60,5,-12.53959028190808,-12.061013380686441,0,4,4,3,1,18,43,0,0,0,4,-4.76152681116946,0,2,1,0,0,17,30,152,1,0,0,236,60,5,-7.099930543277878,0,4,4,3,1,0,42,6,24,5,18,1,3.0,15.0,4,1,33,1,0,0,0,0,0,0,1,0,0,6,45,4,0,0,0,0,0,3,18,2,39,1,1,0,0,43,1.0,0,0,0,1,0,0,0,0,0,0,0,0,43,,,43,0,0,1,1,0,0,1.0,0,0,0,0,0,8,0,60,374,3,0,1,0,3,4,40,0,334
2022,9,HOU,REG,2022_09_PHI_HOU,PHI,13,22,154,2,2,3,-19,0,0,160,93,8,-7.146010215591003,-5.676218299638657,0,5,3,3,0,32,168,0,0,0,10,0.5365875737334136,0,3,1,1,0,13,21,154,2,0,0,160,93,8,-0.5277979114547531,0,5,3,3,0,0,42,7,19,5,24,2,4.0,26.0,5,0,0,1,0,0,0,0,0,0,1,0,0,4,24,4,0,0,0,0,0,1,-2,0,0,1,1,0,0,30,1.0,0,0,1,0,0,0,0,0,0,0,0,0,30,,,30,0,0,2,2,0,0,1.0,0,0,0,0,0,4,0,67,208,1,0,0,2,1,1,8,0,160
2022,10,HOU,REG,2022_10_HOU_NYG,NYG,22,37,319,1,1,4,-33,0,0,258,197,15,5.210638428934834,-5.360804216281788,0,15,8,5,1,19,101,0,1,1,6,-4.638091672502924,0,3,3,1,1,22,37,319,1,0,0,258,197,15,11.057716856807073,0,15,8,5,1,0,38,14,34,5,22,0,3.0,21.0,6,0,0,1,0,0,0,0,1,0,0,0,0,7,40,5,1,1,0,2,1,3,17,1,32,3,3,0,0,46,1.0,0,0,2,1,0,0,0,0,0,0,0,0,38;34;46,,,118,0,0,1,1,0,0,1.0,0,0,0,0,0,5,0,52,229,2,0,2,0,1,2,2,0,227
2022,11,HOU,REG,2022_11_WAS_HOU,WAS,19,33,169,0,2,5,-42,0,0,268,119,6,-18.63728263321312,-8.35101818665862,0,5,3,2,1,16,21,1,0,0,4,-2.625069852510933,0,0,0,0,0,19,32,169,0,0,0,268,119,6,-7.9775660947780125,0,5,3,2,1,0,38,7,33,2,5,0,0.0,0.0,6,0,0,0,0,0,0,0,0,0,0,0,0,2,15,3,0,0,0,0,0,2,14,0,0,1,1,0,0,29,1.0,0,1,0,0,0,0,0,0,0,0,0,0,29,,,29,0,0,1,1,0,0,1.0,0,0,0,0,0,6,0,53,286,1,0,0,0,2,4,22,0,264
2022,12,HOU,REG,2022_12_HOU_MIA,MIA,26,39,215,1,2,5,-41,2,0,210,125,9,-16.719812435890994,-4.851921451719184,0,9,3,2,0,14,36,1,0,0,3,-1.235962226593867,0,0,0,0,0,26,38,215,1,1,1,210,125,9,-14.105117196835558,0,9,3,2,0,0,42,6,14,6,33,0,5.0,32.0,6,0,0,3,0,0,0,0,2,-2,1,0,0,5,45,3,3,0,0,3,1,5,81,2,33,1,1,0,0,28,1.0,0,1,0,0,0,0,0,0,0,0,0,0,28,,,28,0,0,0,0,0,0,,0,0,0,0,0,7,0,56,350,2,1,0,0,3,3,22,0,328
2022,13,HOU,REG,2022_13_CLE_HOU,CLE,20,39,201,1,2,0,0,0,0,350,114,10,-19.178753267763113,-13.480829145457294,0,8,3,2,0,22,82,0,2,1,4,-8.322843364673371,0,1,0,0,0,20,37,201,1,0,0,350,114,10,-16.878006461040513,0,8,3,2,0,0,29,15,31,2,2,2,1.0,1.0,2,1,29,3,0,1,1,0,1,-4,1,15,0,5,31,3,2,1,0,3,2,3,42,3,92,2,2,0,0,44,1.0,0,0,1,1,0,0,0,0,0,0,0,0,44;35,,,79,0,0,0,0,0,0,,0,0,0,0,0,7,0,64,354,2,1,1,1,1,3,86,1,248
2022,14,HOU,REG,2022_14_HOU_DAL,DAL,20,27,213,1,1,0,0,0,0,198,77,10,7.2852527859696465,10.63373846312364,0,6,5,3,0,37,114,1,1,1,6,-19.098467499680467,0,2,1,1,0,20,24,213,1,0,0,198,77,10,8.351626494976813,0,6,5,3,0,0,38,3,31,3,7,1,1.0,7.0,5,2,33,11,0,0,0,0,0,0,1,0,0,4,25,6,1,0,0,1,1,3,36,0,0,3,3,0,0,54,1.0,0,0,0,1,2,0,0,0,0,0,0,0,43;50;54,,,147,0,0,2,2,0,0,1.0,0,0,0,0,0,4,0,60,197,2,1,1,0,0,2,9,0,188
2022,15,HOU,REG,2022_15_KC_HOU,KC,14,29,129,2,0,1,-4,0,0,256,63,8,-0.6126096966847321,-13.307717552891484,0,5,2,1,0,28,94,1,1,1,5,-7.367208216281142,0,2,1,0,0,14,27,129,2,0,0,256,63,8,2.5948858697145702,0,5,2,1,0,0,55,8,26,6,31,2,2.0,23.0,3,0,0,2,0,0,0,0,0,0,2,5,0,4,33,3,1,0,0,1,1,3,23,0,0,1,1,0,0,29,1.0,0,1,0,0,0,0,0,0,0,0,0,0,29,,,29,0,0,3,3,0,0,1.0,0,0,0,0,0,5,0,52,234,2,1,1,0,1,2,8,0,226
2022,16,HOU,REG,2022_16_HOU_TEN,TEN,20,32,218,1,1,1,-3,0,0,296,74,8,-0.3389990162575004,6.8786683781393645,0,8,5,3,0,30,70,0,2,0,7,-6.206188747892156,0,0,0,0,0,20,29,218,1,0,0,296,74,8,2.873401044646246,0,8,5,3,0,0,39,11,21,5,17,2,4.0,11.0,6,2,26,5,0,0,0,0,2,-1,1,0,1,4,35,4,1,1,0,2,0,5,41,2,51,2,2,0,0,25,1.0,0,2,0,0,0,0,0,0,0,0,0,0,25;22,,,47,0,0,1,1,0,0,1.0,0,0,0,0,0,5,0,53,221,2,0,2,0,1,2,16,0,205
2022,17,HOU,REG,2022_17_JAX_HOU,JAX,25,44,211,0,0,2,-18,1,1,349,126,9,-26.2839806440752,-8.3575135185605,0,7,4,3,0,21,84,0,0,0,3,-7.65499751842708,0,2,1,0,0,25,42,211,0,0,0,349,126,9,-15.59405730839353,0,7,4,3,0,0,38,11,19,7,32,0,2.0,13.0,3,2,1,2,0,0,0,0,0,0,0,0,0,7,45,3,1,0,0,1,1,1,16,4,99,1,1,0,0,56,1.0,0,0,0,0,1,0,0,0,0,0,0,0,56,,,56,0,0,0,0,0,0,,0,0,0,0,0,6,0,53,274,2,0,1,0,1,4,36,0,238
2022,18,HOU,REG,2022_18_HOU_IND,IND,24,40,311,3,2,1,-10,0,0,339,120,15,7.652857407389209,-0.4011672970495726,1,12,7,6,1,23,59,0,1,1,3,-12.016529786907887,0,1,0,0,0,24,38,311,3,1,0,339,120,15,10.289506426299457,1,12,7,6,1,0,41,13,27,2,8,1,2.0,7.0,4,2,57,5,1,0,0,0,0,0,1,0,0,7,41,3,2,0,1,2,1,1,16,1,19,1,1,0,0,37,1.0,0,0,1,0,0,0,0,0,0,0,0,0,37,,,37,0,0,3,3,0,0,1.0,0,0,0,0,0,4,0,51,170,3,0,0,0,2,2,13,0,157
2023,1,HOU,REG,2023_01_HOU_BAL,BAL,28,44,242,0,0,5,-46,1,1,260,133,13,-11.156192205151807,-4.56968767698421,0,11,2,1,0,23,72,0,0,0,1,-8.125070234664948,0,1,0,0,0,28,43,242,0,0,0,260,133,13,2.7966766054362266,0,11,2,1,0,0,34,7,23,5,26,1,3.0,13.0,7,1,0,1,0,0,0,0,0,0,1,0,0,9,88,6,1,0,0,1,1,2,24,0,0,3,3,0,0,38,1.0,0,0,3,0,0,0,0,0,0,0,0,0,35;38;36,,,109,0,0,0,0,0,0,,0,0,0,0,0,4,0,48,176,0,2,0,1,1,0,0,0,156
2023,2,HOU,REG,2023_02_IND_HOU,IND,30,47,384,2,0,6,-47,1,1,436,123,18,7.303065555903382,1.6159686931343966,0,15,10,7,0,26,52,0,1,0,3,-8.756140708574094,0,1,0,0,0,30,43,384,2,0,0,436,123,18,21.64773054174093,0,15,10,7,0,0,33,5,19,0,0,1,0.0,0.0,1,0,0,1,0,0,0,0,2,-9,0,0,0,3,20,4,1,2,0,3,1,2,20,2,37,2,3,1,0,36,0.6666666666666666,0,1,1,0,0,0,0,0,0,0,1,0,29;36,51,,65,51,0,2,2,0,0,1.0,0,0,0,0,0,3,0,51,127,0,0,0,1,1,1,0,0,107
2023,3,HOU,REG,2023_03_HOU_JAX,JAX,20,30,280,2,0,0,0,0,0,252,148,11,14.348350209458214,6.139893470139339,0,8,5,3,2,26,86,1,0,0,4,-2.0211372535354206,0,3,1,0,0,20,29,280,2,0,0,252,148,11,15.382590385472035,0,8,5,3,2,1,42,6,24,0,0,1,0.0,0.0,5,1,0,5,0,0,0,0,0,0,1,2,0,8,75,5,0,0,0,0,0,0,0,2,99,3,3,0,0,33,1.0,0,2,1,0,0,0,0,0,0,0,0,0,28;26;33,,,87,0,0,4,4,0,0,1.0,0,0,0,0,0,4,0,54,173,1,0,1,0,3,0,0,0,173
2023,4,HOU,REG,2023_04_PIT_HOU,PIT,17,31,312,3,0,0,0,0,0,259,173,14,11.682681519395963,-1.7617562302836665,0,12,8,6,2,38,139,0,1,0,9,-2.081083244702313,0,4,2,0,0,17,27,312,3,0,0,259,173,14,14.734001773156034,0,12,8,6,2,0,29,10,28,5,30,2,3.0,21.0,6,1,33,5,0,1,0,0,2,0,0,0,0,8,63,3,1,1,0,2,0,2,14,1,35,3,3,0,0,39,1.0,0,0,3,0,0,0,0,0,0,0,0,0,36;38;39,,,113,0,0,3,3,0,0,1.0,0,0,0,0,0,3,0,42,114,1,1,0,0,0,2,9,0,105
2023,5,HOU,REG,2023_05_HOU_ATL,ATL,20,35,249,1,0,0,0,0,0,293,83,13,3.2933569529967612,-7.727622985839844,0,11,6,4,0,23,64,0,0,0,3,-7.14755097438807,0,2,2,0,0,20,32,249,1,0,0,293,83,13,6.310634458478377,0,11,6,4,0,0,43,13,29,2,3,2,0.0,0.0,4,0,0,3,0,0,0,0,0,0,2,22,0,5,25,6,0,0,0,0,0,2,19,0,0,4,4,0,0,43,1.0,0,1,1,2,0,0,0,0,0,0,0,0,38;43;28;42,,,151,0,0,1,1,0,0,1.0,0,0,0,0,0,6,0,48,234,2,1,1,0,3,1,10,0,224
2023,6,HOU,REG,2023_06_NO_HOU,NO,13,27,199,2,1,2,-22,0,0,235,89,9,-0.315728024306809,-10.150206709901491,0,9,6,4,0,31,120,0,0,0,7,-1.8555600423715077,0,4,2,0,0,13,24,199,2,0,0,235,89,9,6.488634821067462,0,9,6,4,0,0,43,10,24,3,18,1,2.0,16.0,8,1,0,3,0,0,0,0,0,0,1,0,0,3,29,2,0,0,0,0,0,1,0,1,18,2,2,0,0,24,1.0,0,2,0,0,0,0,0,0,0,0,0,0,24;22,,,46,0,0,2,2,0,0,1.0,0,0,0,0,0,5,0,63,237,3,0,2,1,2,0,0,0,217
2023,8,HOU,REG,2023_08_HOU_CAR,CAR,16,24,140,0,0,2,-21,0,0,179,74,10,1.4899864267646334,-1.0741612563530605,0,5,2,2,0,30,110,2,0,0,6,2.080196784401778,0,3,2,0,0,16,24,140,0,1,1,179,74,10,-1.6732867772369646,0,5,2,2,0,0,38,9,31,8,46,0,6.0,55.0,10,0,0,3,0,0,0,0,0,0,0,0,0,10,70,5,1,0,0,1,1,3,25,2,44,0,0,0,0,,,0,0,0,0,0,0,0,0,0,0,0,0,,,,0,0,0,1,1,0,0,1.0,0,0,0,0,0,6,0,74,287,4,0,0,0,3,3,12,0,275
2023,9,HOU,REG,2023_09_TB_HOU,TB,30,42,470,5,0,3,-27,1,0,463,205,22,27.471964593821205,13.61880427912662,0,20,10,8,1,17,53,0,0,0,2,-5.4250848017106765,1,2,1,0,0,30,38,470,5,1,1,463,205,22,30.026374162468194,0,20,10,8,1,0,37,8,30,5,21,2,2.0,14.0,5,0,0,3,0,0,0,0,1,0,1,0,0,9,115,5,2,0,0,2,1,1,7,3,52,2,2,0,0,50,1.0,0,1,0,0,1,0,0,0,0,0,0,0,50;29,,,79,0,0,1,1,0,0,1.0,0,0,0,0,0,3,0,62,174,0,0,0,0,0,3,22,0,152
2023,10,HOU,REG,2023_10_HOU_CIN,CIN,23,39,356,1,1,1,0,1,1,466,82,16,5.137883713780642,0.7072235529239361,0,14,11,8,0,34,188,2,1,1,10,2.3639730577124283,0,7,6,1,0,23,39,356,1,0,0,466,82,16,8.811572352503166,0,14,11,8,0,0,35,4,22,4,23,1,4.0,33.0,9,2,13,2,0,0,0,0,0,-1,0,0,0,7,50,5,1,1,0,2,2,3,18,0,0,3,3,0,0,45,1.0,0,1,1,1,0,0,0,0,0,0,0,0,45;22;38,,,105,0,0,3,3,0,0,1.0,1,1,0,0,38,4,0,47,169,2,0,1,0,2,1,8,0,161
2023,11,HOU,REG,2023_11_ARI_HOU,ARI,28,38,338,2,3,4,-30,0,0,370,89,18,2.065919150634692,6.365352712179485,0,15,10,6,1,25,111,1,0,0,4,-5.555969332635868,0,4,2,1,0,28,38,338,2,0,0,370,89,18,7.49404870821305,0,15,10,6,1,0,35,6,20,7,29,0,2.0,13.0,5,1,0,7,0,0,0,0,0,0,1,0,0,3,19,3,0,0,0,0,0,2,16,0,0,0,1,1,0,,0.0,0,0,0,0,0,0,0,0,0,1,0,0,,48,,0,48,0,3,3,0,0,1.0,0,0,0,0,0,2,0,50,94,1,0,0,0,0,2,3,0,91
2023,12,HOU,REG,2023_12_JAX_HOU,JAX,26,36,304,2,0,4,-43,0,0,345,144,12,0.7591409554233532,3.5959993799527488,0,12,9,5,0,18,91,1,0,0,6,2.555744650249835,0,4,3,0,0,26,36,304,2,0,0,345,144,12,7.939977640658034,0,12,9,5,0,0,33,10,28,4,11,0,0.0,0.0,2,1,14,6,0,0,0,0,0,0,0,0,0,7,49,5,0,0,0,0,0,0,0,0,0,0,2,2,0,,0.0,0,0,0,0,0,0,0,0,0,0,2,0,,50;58,,0,108,0,3,3,0,0,1.0,0,0,0,0,0,4,0,53,192,2,0,0,0,3,1,22,0,170
2023,13,HOU,REG,2023_13_DEN_HOU,DEN,17,28,292,1,0,5,-28,1,0,292,136,8,1.844624253981746,-3.853099544843038,0,8,6,5,2,30,89,1,0,0,5,-5.257428329140461,0,3,2,1,0,17,27,292,1,0,0,292,136,8,9.554791259407065,0,8,6,5,2,0,30,8,28,5,25,0,3.0,22.0,8,3,3,7,0,0,0,0,1,0,0,0,0,8,81,5,1,0,0,1,0,1,7,1,23,3,3,0,0,38,1.0,0,1,2,0,0,0,0,0,0,0,0,0,29;38;38,,,105,0,0,1,1,0,0,1.0,0,0,0,0,0,7,0,69,354,2,1,1,2,2,1,7,0,307
2023,14,HOU,REG,2023_14_HOU_NYJ,NYJ,11,28,95,0,0,5,-41,1,0,275,48,4,-25.50267126702238,-24.218343363867866,0,3,2,2,0,19,81,1,0,0,4,-1.9154541715688538,0,2,2,0,0,11,27,95,0,0,0,275,48,4,-15.197215034859255,0,3,2,2,0,0,44,4,16,8,47,1,4.0,33.0,9,0,0,3,0,1,0,0,1,0,1,0,0,4,35,2,0,2,1,2,0,2,22,0,0,0,0,0,0,,,0,0,0,0,0,0,0,0,0,0,0,0,,,,0,0,0,0,1,1,0,0.0,0,0,0,0,0,8,0,65,405,2,0,1,0,4,3,17,0,388
2023,15,HOU,REG,2023_15_HOU_TEN,TEN,23,36,229,1,1,4,-37,0,0,276,103,12,-2.7170289373091396,0.4695285769069896,0,9,5,3,1,32,148,0,1,0,5,-5.227707064898837,0,4,3,0,0,23,34,229,1,0,0,276,103,12,3.986059134033651,0,9,5,3,1,0,39,7,29,11,51,1,7.0,61.0,11,1,0,6,0,0,0,0,1,-8,0,0,0,8,67,7,0,1,0,1,0,2,33,3,71,4,4,0,0,54,1.0,0,2,0,0,2,0,0,0,0,0,0,0,23;27;53;54,,,157,0,0,1,1,0,0,1.0,1,1,0,0,54,6,0,56,280,3,0,1,0,1,4,17,0,263
2023,16,HOU,REG,2023_16_CLE_HOU,CLE,26,49,211,2,2,3,-33,0,0,352,99,13,-14.485117858916055,-15.354486368596554,1,9,3,0,0,16,72,0,1,0,3,-3.726779116492253,0,2,2,0,0,26,48,211,2,0,0,352,99,13,-7.429907467929181,1,9,3,0,0,1,35,16,26,5,18,0,1.0,10.0,8,2,0,7,0,0,0,0,1,0,0,0,0,10,76,5,1,0,0,1,0,2,15,6,183,0,0,0,0,,,0,0,0,0,0,0,0,0,0,0,0,0,,,,0,0,0,2,2,0,0,1.0,0,0,0,0,0,6,0,56,266,4,0,1,0,3,2,18,0,248
2023,17,HOU,REG,2023_17_TEN_HOU,TEN,24,32,213,1,0,1,-12,0,0,163,138,12,4.086053234528455,4.450982039974582,0,11,3,1,0,28,111,0,0,0,7,-3.931703440400926,0,1,1,1,0,24,31,213,1,1,0,163,138,12,6.8654765591525315,0,11,3,1,0,0,23,9,37,5,27,1,6.0,50.0,12,0,0,4,0,0,0,0,0,0,1,13,1,1,6,0,1,0,1,1,0,2,30,1,21,4,4,0,0,51,1.0,0,2,1,0,1,0,0,0,0,0,0,0,28;38;27;51,,,144,0,0,2,2,0,0,1.0,0,0,0,0,0,3,0,54,155,1,0,0,0,1,2,22,0,133
2023,18,HOU,REG,2023_18_HOU_IND,IND,20,26,264,2,0,2,-18,0,0,261,115,10,12.062857357430085,8.344965141553145,0,7,5,4,1,28,60,1,0,0,5,-5.345952523115557,0,1,1,0,0,20,26,264,2,0,0,261,115,10,14.908974280458688,0,7,5,4,1,0,35,3,35,5,15,1,1.0,8.0,3,0,0,4,0,0,0,0,0,0,1,0,0,11,69,2,0,0,0,0,0,3,42,1,30,1,1,0,0,51,1.0,0,0,0,0,1,0,0,0,0,0,0,0,51,,,51,0,0,2,3,1,0,0.6666666666666666,0,0,0,0,0,6,0,62,298,4,1,1,0,1,3,25,0,273
2023,19,HOU,POST,2023_19_CLE_HOU,CLE,17,22,280,3,0,0,0,0,0,206,162,10,13.278032914861063,8.649667555635626,0,10,5,5,1,22,76,1,0,0,3,-3.1173793684574775,0,2,2,1,0,17,22,280,3,0,0,206,162,10,13.278032914861063,0,10,5,5,1,0,38,12,24,9,52,0,4.0,39.0,7,2,118,5,2,0,0,0,0,0,0,0,0,3,20,1,0,0,0,0,0,1,8,1,14,1,1,0,0,21,1.0,0,1,0,0,0,0,0,0,0,0,0,0,21,,,21,0,0,6,6,0,0,1.0,0,0,0,0,0,4,0,49,184,3,1,0,1,1,1,2,0,162
2023,20,HOU,POST,2023_20_HOU_BAL,BAL,19,33,175,0,0,0,0,0,0,221,94,8,-4.314405376955754,-6.733070458135297,0,8,4,3,0,14,38,0,0,0,1,-5.873273088247515,0,1,1,0,0,19,31,175,0,0,0,221,94,8,-1.3085912354782967,0,8,4,3,0,1,48,2,20,8,39,0,3.0,29.0,5,0,0,1,0,0,0,0,1,0,0,0,0,11,70,6,1,0,0,1,0,1,67,3,69,1,2,1,0,50,0.5,0,0,0,0,1,0,0,0,0,1,0,0,50,47,,50,47,0,1,1,0,0,1.0,0,0,0,0,0,5,0,54,217,2,0,2,0,2,1,11,0,206
2024,1,HOU,REG,2024_01_HOU_IND,IND,24,32,234,2,0,4,-30,0,0,252,79,13,7.507696996312891,9.766073092337578,0,9,4,2,1,40,213,1,0,0,11,1.1946995000909082,0,6,4,0,0,24,31,234,2,0,0,252,79,13,15.356544368104277,0,9,4,2,1,0,21,6,18,5,19,0,2.0,13.0,2,1,0,7,0,0,0,0,0,0,0,0,0,5,30,5,0,0,0,0,0,0,0,0,0,3,3,0,0,51,1.0,0,0,0,0,3,0,0,0,0,0,0,0,51;50;51,,,152,0,0,2,2,0,0,1.0,0,0,0,0,0,1,1,56,56,0,0,0,0,1,0,0,0,56
2024,2,HOU,REG,2024_02_CHI_HOU,CHI,23,36,260,1,0,3,-25,0,0,277,132,11,1.608856120066673,-3.270298593184527,0,10,9,3,0,22,75,0,1,1,4,-12.136085074336734,0,3,3,0,0,23,34,260,1,0,0,277,132,11,6.921143983315526,0,10,9,3,0,0,39,8,20,9,45,0,7.0,40.0,11,2,9,3,0,0,0,0,0,0,0,0,0,12,115,3,1,0,0,1,1,3,11,3,98,4,4,0,0,59,1.0,0,0,0,1,3,0,0,0,0,0,0,0,56;47;59;53,,,215,0,0,1,1,0,0,1.0,0,0,0,0,0,6,0,60,267,2,1,3,0,1,1,1,0,266
2024,3,HOU,REG,2024_03_HOU_MIN,MIN,28,44,307,1,2,5,-49,0,0,265,165,16,-7.33475681115258,-5.398112535476685,0,13,8,2,0,14,38,0,0,0,0,-6.245107074500993,0,0,0,0,0,28,43,307,1,0,0,265,165,16,0.3462070331993563,0,13,8,2,0,0,32,7,19,6,31,1,4.0,25.0,6,0,0,3,0,0,0,0,0,0,0,0,0,11,88,3,0,0,0,0,0,3,5,1,27,0,1,1,0,,0.0,0,0,0,0,0,0,0,0,0,0,1,0,,54,,0,54,0,1,1,0,0,1.0,0,0,0,0,0,4,0,52,177,2,0,1,1,1,1,10,0,147
2024,4,HOU,REG,2024_04_JAX_HOU,JAX,27,40,345,2,0,2,-11,0,0,322,165,20,14.305587934855184,1.5790648949451935,0,15,9,7,0,26,101,1,0,0,4,-3.6329726284893695,0,2,1,0,0,27,39,345,2,0,0,322,165,20,16.72439417580729,0,15,9,7,0,0,35,2,18,3,24,0,1.0,14.0,3,0,0,5,0,1,0,0,0,0,0,0,0,12,93,5,0,1,0,1,1,3,19,0,0,1,1,0,0,30,1.0,0,0,1,0,0,0,0,0,0,0,0,0,30,,,30,0,0,3,3,0,0,1.0,0,0,0,0,0,6,0,50,263,4,1,0,0,3,2,2,0,261
2024,5,HOU,REG,2024_05_BUF_HOU,BUF,28,38,331,1,1,1,0,1,1,241,181,13,6.2263078053876795,6.011677128928048,0,15,8,2,1,28,94,1,0,0,5,-10.110249008983374,0,3,2,0,0,28,35,331,1,0,0,241,181,13,12.275560794954192,0,15,8,2,1,0,26,7,19,7,19,0,1.0,5.0,9,0,0,5,0,0,0,0,0,0,0,0,0,7,65,4,1,0,0,1,1,5,66,1,31,3,3,0,0,59,1.0,0,0,0,1,2,0,0,0,0,0,0,0,50;47;59,,,156,0,0,2,2,0,0,1.0,1,1,0,0,59,5,0,61,221,2,1,2,0,1,1,5,0,216
2024,6,HOU,REG,2024_06_HOU_NE,NE,20,32,192,3,1,2,-16,0,0,265,62,13,1.8557457199326897,1.2386372973842006,0,10,3,3,0,28,192,2,1,0,5,5.194489736517426,0,4,3,3,2,20,31,192,3,0,0,265,62,13,5.975539792434443,0,10,3,3,0,0,38,8,28,8,40,3,4.0,34.0,8,2,28,6,0,0,0,0,1,-1,2,0,0,4,38,0,0,1,0,1,0,4,30,1,25,2,3,1,0,46,0.6666666666666666,0,0,1,1,0,0,0,0,0,1,0,0,39;46,40,,85,40,0,5,5,0,0,1.0,0,0,0,0,0,4,0,65,185,1,1,0,0,1,2,16,0,169
2024,7,HOU,REG,2024_07_HOU_GB,GB,10,21,86,0,0,4,-31,0,0,153,46,6,-11.363515555555596,-14.842326703824495,0,5,2,1,0,33,142,2,0,0,9,1.176133409244474,0,5,3,1,0,10,19,86,0,0,0,153,46,6,-1.446086281083653,0,5,2,1,0,0,40,4,8,8,35,0,3.0,25.0,6,2,45,5,0,0,0,0,0,0,1,0,0,5,55,2,0,0,0,0,0,4,26,1,42,3,3,0,0,52,1.0,0,1,1,0,1,0,0,0,0,0,0,0,23;52;35,,,110,0,0,1,1,0,0,1.0,0,0,0,0,0,6,0,58,241,4,0,0,1,2,3,13,0,208
2024,8,HOU,REG,2024_08_IND_HOU,IND,25,37,285,1,0,2,-18,0,0,278,119,15,5.5037074731111515,1.6954836746056874,0,12,7,2,1,29,96,1,1,1,5,-10.224372290656902,0,5,4,1,0,25,36,285,1,0,0,278,119,15,10.24509792204788,0,12,7,2,1,0,32,5,15,6,39,1,5.0,35.0,9,1,10,10,0,0,0,0,0,0,1,0,0,5,30,2,1,0,0,1,1,2,23,2,78,3,3,0,0,35,1.0,0,0,3,0,0,0,0,0,0,0,0,0,35;35;34,,,104,0,0,2,2,0,0,1.0,0,0,0,0,0,6,0,53,257,5,1,2,0,1,2,12,0,245
2024,9,HOU,REG,2024_09_HOU_NYJ,NYJ,11,31,191,0,0,8,-56,1,1,484,61,6,-14.163793190495197,-15.74665364520303,0,6,4,3,1,36,187,1,0,0,10,8.59026288901805,0,5,3,2,0,11,29,191,0,0,0,484,61,6,3.4302437476778294,0,6,4,3,1,0,28,1,23,7,28,1,2.0,18.0,4,0,0,4,0,1,0,0,0,0,0,0,0,7,60,4,1,1,1,2,1,1,0,4,106,2,4,2,0,54,0.5,0,1,0,0,1,0,0,1,0,0,1,0,54;29,56;27,,83,83,0,1,1,0,0,1.0,0,0,0,0,0,3,0,56,154,2,0,0,0,3,0,0,0,154
2024,10,HOU,REG,2024_10_DET_HOU,DET,19,33,232,1,2,4,-40,1,0,268,117,12,-5.874458842751671,-8.771794103085995,0,9,6,3,0,28,56,1,0,0,3,-8.853419720379371,0,1,0,0,0,19,32,232,1,0,0,268,117,12,1.1813252681777189,0,9,6,3,0,0,31,5,29,3,14,1,0.0,0.0,5,5,2,9,0,0,0,0,1,0,0,0,0,4,30,6,0,1,0,1,0,3,43,0,0,3,4,1,0,56,0.75,0,1,1,0,1,0,0,0,0,0,1,0,34;56;29,58,,119,58,0,2,2,0,0,1.0,0,0,0,0,0,5,0,62,275,2,0,1,0,1,3,15,0,260
2024,11,HOU,REG,2024_11_HOU_DAL,DAL,23,34,257,0,1,1,-7,0,0,170,156,13,6.418011947523786,-5.342165899999214,0,11,4,3,0,25,141,3,0,0,6,5.212233859085245,0,3,3,2,1,23,33,257,0,0,0,170,156,13,8.872617201635597,0,11,4,3,0,0,43,3,21,6,31,2,5.0,34.0,6,1,7,10,0,0,0,0,0,0,1,28,1,9,69,2,0,0,0,0,0,0,0,2,26,2,2,0,0,33,1.0,0,1,1,0,0,0,0,0,0,0,0,0,33;29,,,62,0,0,4,4,0,0,1.0,0,0,0,0,0,4,0,59,210,3,0,1,1,2,0,0,0,190
2024,12,HOU,REG,2024_12_TEN_HOU,TEN,20,33,247,2,2,4,-27,0,0,291,91,11,-6.365417903699746,-4.694335018434832,0,10,8,3,1,17,40,0,0,0,0,-5.8922238984378055,0,0,0,0,0,20,31,247,2,0,0,291,91,11,1.0245515904812188,0,10,8,3,1,0,48,1,19,13,57,0,8.0,41.0,9,1,65,2,1,0,0,0,0,0,2,0,0,11,81,6,0,0,0,0,0,5,24,4,147,2,3,1,0,54,0.6666666666666666,0,1,0,0,1,0,0,1,0,0,0,0,28;54,28,,82,28,0,3,3,0,0,1.0,0,0,0,0,0,5,0,52,240,4,0,0,0,2,3,2,0,238
2024,13,HOU,REG,2024_13_HOU_JAX,JAX,22,34,242,1,0,2,-24,0,0,293,111,10,2.8301942070348893,-0.9996484174872889,0,10,5,4,1,25,108,1,0,0,9,0.013045521742221844,0,4,3,1,0,22,33,242,1,0,0,293,111,10,6.965841137581389,0,10,5,4,1,0,34,1,31,3,11,0,0.0,0.0,3,1,31,5,0,0,0,0,0,0,0,0,0,3,15,4,0,0,0,0,0,3,27,0,0,3,3,0,0,53,1.0,0,1,1,0,1,0,0,0,0,0,0,0,53;30;28,,,111,0,0,2,2,0,0,1.0,0,0,0,0,0,4,0,63,202,2,0,0,1,2,1,5,0,177
2024,15,HOU,REG,2024_15_MIA_HOU,MIA,18,26,131,2,0,4,-27,0,0,194,46,8,-6.688229880207084,3.934816002845764,0,6,0,0,0,20,77,0,1,1,3,-2.505535240925383,0,2,2,1,0,18,25,131,2,1,0,194,46,8,1.4206803464634756,0,6,0,0,0,0,35,3,39,6,31,2,3.0,24.0,3,3,78,5,0,0,0,0,1,-3,1,2,0,7,70,1,1,1,0,2,1,3,45,0,0,2,2,0,0,44,1.0,0,1,0,1,0,0,0,0,0,0,0,0,44;23,,,67,0,0,2,2,0,0,1.0,0,0,0,0,0,5,0,58,250,1,1,1,0,1,2,24,0,226
2024,16,HOU,REG,2024_16_HOU_KC,KC,23,39,244,2,2,2,-17,0,0,411,99,14,6.035946416850766,0.8866064451836251,0,12,7,4,0,17,84,0,0,0,6,-0.6774340050760657,0,4,3,1,0,23,37,244,2,1,0,411,99,14,9.455543477561424,0,12,7,4,0,0,44,2,28,4,13,0,1.0,9.0,4,0,0,3,0,0,0,0,0,0,0,0,0,6,45,5,1,0,1,1,0,1,12,1,31,2,2,0,0,38,1.0,0,0,2,0,0,0,0,0,0,0,0,0,33;38,,,71,0,0,1,2,1,0,0.5,0,0,0,0,0,2,0,57,105,0,0,0,1,0,1,9,0,76
2024,17,HOU,REG,2024_17_BAL_HOU,BAL,18,32,190,0,1,5,-37,0,0,308,67,8,-18.30080268130405,-9.149917287211265,0,8,5,1,0,17,58,0,0,0,1,-4.098615394788794,0,0,0,0,0,18,31,190,0,1,0,308,67,8,-8.042950075992849,0,8,5,1,0,0,33,7,37,6,19,0,1.0,3.0,5,0,0,2,0,0,1,0,0,0,0,0,0,5,49,1,1,0,1,1,0,0,0,1,45,0,0,0,0,,,0,0,0,0,0,0,0,0,0,0,0,0,,,,0,0,0,0,0,0,0,,0,0,0,0,0,6,0,69,289,3,1,2,1,0,2,7,0,262
2024,18,HOU,REG,2024_18_HOU_TEN,TEN,18,28,178,1,0,1,-11,0,0,181,56,8,1.5149016677751206,-3.8664568747792925,0,9,3,2,0,29,207,1,1,0,8,3.552915047671923,0,5,3,1,1,18,28,178,1,1,1,181,56,8,-2.1895086317090318,0,9,3,2,0,0,43,1,13,6,31,0,2.0,16.0,5,0,0,5,0,0,0,0,1,0,1,36,1,6,48,6,2,0,0,2,1,2,9,2,66,1,1,0,0,27,1.0,0,1,0,0,0,0,0,0,0,0,0,0,27,,,27,0,0,2,3,1,0,0.6666666666666666,0,0,0,0,0,4,0,53,191,2,0,1,1,1,1,0,0,171
2024,19,HOU,POST,2024_19_LAC_HOU,LAC,22,33,282,1,1,3,-21,0,0,317,120,12,1.1497275900673811,-1.0317163076251745,0,11,3,3,1,34,168,1,1,1,8,-2.4240498094586655,0,5,4,1,0,22,32,282,1,1,1,317,120,12,1.200057485000765,0,11,3,3,1,0,29,1,21,5,27,1,4.0,31.0,9,4,108,11,1,0,0,0,1,0,0,0,0,8,86,4,2,1,0,3,2,1,10,1,28,3,3,0,0,41,1.0,0,0,2,1,0,0,0,0,0,0,0,0,41;37;30,,,108,0,0,3,3,0,0,1.0,0,0,0,0,0,4,0,67,183,1,1,0,1,2,0,0,0,163
2024,20,HOU,POST,2024_20_HOU_KC,KC,19,28,245,0,0,8,-58,1,0,270,60,12,0.970950500509085,7.0815419512135644,0,12,6,3,0,29,149,1,0,0,6,5.631521441444988,0,3,3,1,0,19,28,245,0,0,0,270,60,12,14.240091784566175,0,12,6,3,0,0,29,1,23,6,42,1,3.0,15.0,8,0,0,3,0,0,1,0,1,0,0,0,0,8,82,4,1,0,0,1,0,0,0,3,67,2,4,1,1,48,0.5,0,0,1,1,0,0,0,0,0,0,1,0,30;48,55,35,78,55,35,0,1,1,0,0.0,0,0,0,0,0,2,0,49,83,0,1,0,0,0,1,11,0,72
2025,1,HOU,REG,2025_01_HOU_LA,LA,19,27,188,0,1,3,-37,0,0,172,73,7,-4.065033344958763,-0.9746561447779337,0,8,3,2,0,27,114,0,0,0,8,1.0518964720943282,0,3,2,0,0,19,27,188,0,1,1,172,73,7,-2.531756629289102,0,8,3,2,0,0,35,3,23,5,42,1,3.0,21.0,6,0,0,1,0,0,0,0,0,0,1,0,0,11,80,4,1,0,0,1,1,2,20,1,11,3,3,0,0,53,1.0,0,0,0,1,2,0,0,0,0,0,0,0,51;45;53,,,149,0,0,0,0,0,0,,0,0,0,0,0,4,0,61,208,1,0,0,0,2,2,21,0,187
2025,2,HOU,REG,2025_02_TB_HOU,TB,13,24,207,1,0,3,-25,0,0,195,124,7,-4.481482616525894,-9.786830648131993,0,7,7,5,0,19,84,1,0,0,3,1.4734649395104498,0,2,2,1,0,13,23,207,1,0,0,195,124,7,3.6956396692527402,0,7,7,5,0,0,50,3,15,6,26,1,4.0,24.0,6,0,0,3,0,0,0,1,0,0,0,0,0,6,45,2,0,0,0,0,0,3,67,4,107,2,2,0,0,53,1.0,0,0,1,0,1,0,0,0,0,0,0,0,35;53,,,88,0,0,1,1,0,0,1.0,0,0,0,0,0,4,0,57,203,2,1,0,1,1,1,6,0,177
2025,3,HOU,REG,2025_03_HOU_JAX,JAX,25,38,204,1,2,2,-20,0,0,288,91,8,-4.190346033706602,1.464213016960356,0,8,3,1,1,19,87,0,0,0,2,-3.3823644383228384,0,1,1,0,0,25,36,204,1,1,1,288,91,8,-4.070450557440791,0,8,3,1,1,0,40,0,20,3,16,0,2.0,17.0,5,1,0,7,0,0,0,0,0,0,0,0,0,7,66,3,1,0,0,1,1,2,11,2,53,1,2,1,0,27,0.5,0,1,0,0,0,0,0,0,0,0,1,0,27,52,,27,52,0,1,1,0,0,1.0,0,0,0,0,0,6,0,66,261,2,2,2,0,0,2,17,0,244
2025,4,HOU,REG,2025_04_TEN_HOU,TEN,22,28,233,2,0,2,-9,0,0,182,109,9,8.211450432493871,8.142503244536263,0,7,5,4,0,35,129,1,0,0,10,1.6865984231252993,0,3,2,0,0,22,28,233,2,0,0,182,109,9,10.403841135915423,0,7,5,4,0,0,26,0,20,6,23,0,2.0,15.0,7,1,20,7,0,0,0,0,0,0,0,0,0,6,50,2,0,0,0,0,0,3,15,1,26,2,3,1,0,47,0.6666666666666666,0,0,0,2,0,0,0,0,0,0,1,0,47;43,54,,90,54,0,2,2,0,0,1.0,0,0,0,0,0,3,0,64,132,2,2,1,0,0,0,0,0,132
2025,5,HOU,REG,2025_05_HOU_BAL,BAL,25,31,267,4,0,2,-17,0,0,259,77,15,18.976819263320994,16.18174256816987,0,10,4,3,1,33,167,1,0,0,8,3.0716267556887153,0,4,2,2,0,25,31,267,4,0,0,259,77,15,23.09963262620949,0,10,4,3,1,0,28,1,27,3,20,0,1.0,16.0,2,3,20,4,0,0,0,0,0,0,0,0,0,4,26,1,0,0,0,0,0,1,12,2,58,3,3,0,0,57,1.0,0,0,1,0,2,0,0,0,0,0,0,0,50;57;34,,,141,0,0,5,5,0,0,1.0,0,0,0,0,0,1,0,59,59,0,0,0,0,0,1,16,0,43
2025,7,HOU,REG,2025_07_HOU_SEA,SEA,23,49,229,1,1,3,-31,0,0,424,109,13,-13.52440370475038,-14.157423377037048,0,10,5,4,0,17,56,0,0,0,1,-8.1790441799385,0,3,1,0,0,23,46,229,1,0,0,424,109,13,-6.739802497465575,0,10,5,4,0,0,40,5,27,7,20,2,2.0,15.0,5,2,28,5,0,0,0,0,0,0,2,0,1,10,105,4,0,0,0,0,0,3,25,6,154,2,2,0,0,46,1.0,0,0,1,1,0,0,0,0,0,0,0,0,36;46,,,82,0,0,1,1,0,0,1.0,0,0,0,0,0,7,0,57,344,1,0,1,1,0,5,67,0,257
2025,8,HOU,REG,2025_08_SF_HOU,SF,30,39,318,2,1,0,0,0,0,338,146,16,19.188032113091264,8.515917784289309,0,9,6,3,2,36,157,0,0,0,6,-1.7961320135784566,0,3,3,1,0,30,38,318,2,0,0,338,146,16,19.693896270723723,0,9,6,3,2,0,25,1,19,4,24,1,2.0,18.0,6,1,0,5,0,0,0,0,0,0,0,0,0,8,55,3,0,0,0,0,0,2,11,3,70,4,4,0,0,37,1.0,0,0,4,0,0,0,0,0,0,0,0,0,33;34;37;30,,,134,0,0,2,2,0,0,1.0,0,0,0,0,0,2,0,53,96,1,1,1,0,0,0,0,0,96
2025,9,HOU,REG,2025_09_DEN_HOU,DEN,23,40,216,0,0,4,-25,0,0,331,69,11,-2.5921751130592905,-11.836634232447697,0,7,3,2,1,28,77,0,0,0,2,-8.171892868587747,0,0,0,0,0,23,39,216,0,0,0,331,69,11,3.130128855996301,0,7,3,2,1,0,28,0,36,4,16,0,1.0,2.0,4,1,0,7,0,0,0,0,0,0,1,0,0,4,29,6,0,0,0,0,0,4,62,3,85,5,6,1,0,41,0.8333333333333334,0,1,1,3,0,0,0,0,0,0,1,0,23;41;38;40;41,51,,183,51,0,0,0,0,0,,0,0,0,0,0,8,0,73,420,2,0,0,2,2,4,30,0,350
2025,10,HOU,REG,2025_10_JAX_HOU,JAX,27,45,292,2,1,2,-10,0,0,427,76,17,0.7544076708290387,-3.2593265853144904,1,10,6,4,1,22,130,2,1,0,8,4.545292288399767,0,5,4,1,0,27,44,292,2,0,0,427,76,17,3.1986179752420294,1,10,6,4,1,0,38,0,26,8,48,2,5.0,39.0,6,1,0,9,0,0,0,0,1,-5,1,32,1,11,80,4,1,1,0,2,1,1,8,3,71,1,1,0,0,23,1.0,0,1,0,0,0,0,0,0,0,0,0,0,23,,,23,0,0,1,1,0,0,1.0,0,0,0,0,0,2,0,68,108,0,0,0,0,0,2,90,1,18
2025,11,HOU,REG,2025_11_HOU_TEN,TEN,26,41,274,1,0,4,-34,0,0,350,82,13,-0.15799854809233072,-0.025067180395126343,0,12,4,2,0,23,75,0,0,0,5,-4.360790692323905,0,2,1,0,0,26,40,274,1,0,0,350,82,13,12.026401140756896,0,12,4,2,0,0,29,1,29,5,28,1,3.0,23.0,6,0,0,5,0,0,0,0,0,0,1,0,0,5,53,4,0,0,0,0,0,5,38,2,51,3,3,0,0,43,1.0,0,0,1,2,0,0,0,0,0,0,0,0,41;43;35,,,119,0,0,1,1,0,0,1.0,1,1,0,0,35,5,0,51,208,4,1,0,1,1,2,1,0,187
2025,12,HOU,REG,2025_12_BUF_HOU,BUF,16,30,153,2,0,0,0,0,0,231,65,7,-6.352323018502744,-7.499050136123385,0,6,4,2,0,26,108,0,0,0,6,2.81782941709389,0,3,2,0,0,16,28,153,2,0,0,231,65,7,-3.7760381652268786,0,6,4,2,0,0,46,0,28,11,72,1,8.0,70.0,12,2,29,5,0,0,0,0,0,0,1,9,0,5,40,4,0,0,0,0,0,0,0,5,116,3,3,0,0,43,1.0,0,2,0,1,0,0,0,0,0,0,0,0,24;43;26,,,93,0,0,2,2,0,0,1.0,0,0,0,0,0,6,0,57,286,4,0,1,0,1,4,15,0,271
2025,13,HOU,REG,2025_13_HOU_IND,IND,22,35,276,0,1,2,-20,0,0,392,110,14,7.595687960062666,6.048811133950949,0,14,5,4,0,34,108,2,1,0,7,-6.808023981488077,0,2,2,0,0,22,32,276,0,0,0,392,110,14,12.857139297628839,0,14,5,4,0,0,25,2,32,5,15,0,1.0,6.0,6,0,0,4,0,0,0,0,1,0,0,0,0,9,85,5,1,0,0,1,0,2,28,4,115,2,2,0,0,43,1.0,0,1,0,1,0,0,0,0,0,0,0,0,23;43,,,66,0,0,2,2,0,0,1.0,0,0,0,0,0,2,0,52,96,0,0,0,0,0,2,14,0,82
2025,14,HOU,REG,2025_14_HOU_KC,KC,15,31,203,1,0,3,-17,0,0,305,69,7,0.1888540767831728,-6.10207838040811,0,5,4,2,2,31,82,1,0,0,5,-5.089950044170452,0,0,0,0,0,15,27,203,1,0,0,305,69,7,6.4443386240745895,0,5,4,2,2,0,29,0,38,2,19,0,2.0,12.0,8,3,-2,7,0,0,0,0,0,0,0,0,0,8,59,5,0,0,0,0,0,1,21,2,41,2,2,0,0,35,1.0,0,1,1,0,0,0,0,0,0,0,0,0,35;28,,,63,0,0,2,2,0,0,1.0,0,0,0,0,0,8,0,56,329,3,1,2,0,4,1,0,0,329
2025,15,HOU,REG,2025_15_ARI_HOU,ARI,22,29,260,3,0,1,-4,0,0,117,173,13,15.128921640948635,11.928566144062923,0,9,6,2,1,33,143,0,1,0,9,-0.03985797483225095,0,4,2,1,1,22,26,260,3,0,0,117,173,13,17.918621867357523,0,9,6,2,1,0,38,0,34,4,21,1,2.0,14.0,3,1,0,6,0,0,0,0,1,1,1,6,1,5,40,3,0,1,0,1,0,1,13,2,108,4,5,0,1,55,0.8,0,1,2,0,1,0,0,0,0,0,0,0,30;55;22;33,,52,140,0,52,4,4,0,0,1.0,0,0,0,0,0,1,0,43,43,1,0,1,0,0,0,0,0,43
2025,16,HOU,REG,2025_16_LV_HOU,LV,23,35,187,1,0,0,0,0,0,305,57,10,2.8858946117398543,-1.5157653128399569,0,7,4,2,0,26,83,0,1,0,4,-16.01655339087994,0,4,2,1,0,23,34,187,1,0,0,305,57,10,3.3604186851590154,0,7,4,2,0,0,30,2,40,4,34,1,3.0,31.0,2,1,31,4,1,0,0,0,1,-11,0,0,0,4,29,3,0,1,0,1,0,2,19,4,88,3,3,0,0,55,1.0,0,0,0,1,2,0,0,0,0,0,0,0,55;50;49,,,154,0,0,2,2,0,0,1.0,0,0,0,0,0,5,0,57,258,1,1,0,0,0,4,23,0,235
2025,17,HOU,REG,2025_17_HOU_LAC,LAC,16,28,244,2,2,0,0,0,0,256,107,8,-4.726699392707863,-7.463044501267946,0,9,4,3,2,34,118,0,0,0,5,-6.279175316682085,0,2,1,0,0,16,26,244,2,1,0,256,107,8,-2.496134139062681,0,9,4,3,2,0,37,2,28,8,36,1,5.0,35.0,8,1,0,5,0,0,0,0,0,0,0,0,0,8,70,2,1,0,1,1,0,1,4,4,78,2,2,0,0,44,1.0,0,0,0,2,0,0,0,0,0,0,0,0,41;44,,,85,0,0,2,2,0,0,1.0,0,0,0,0,0,5,0,56,252,4,0,1,0,2,2,13,0,239
2025,18,HOU,REG,2025_18_IND_HOU,IND,17,32,205,1,0,0,0,0,0,193,97,9,-1.8986795882608196,-12.230629793235234,0,10,5,3,0,32,134,1,0,0,10,0.5412522690449442,0,2,2,1,0,17,28,205,1,0,0,193,97,9,3.5340149659352957,0,10,5,3,0,0,35,1,35,6,22,2,1.0,8.0,3,1,0,6,0,0,0,0,0,0,2,17,1,7,77,4,0,0,0,0,0,1,6,6,175,6,6,0,0,51,1.0,0,1,0,4,1,0,0,0,0,0,0,0,51;48;29;43;44;43,,,258,0,0,2,2,0,0,1.0,0,0,0,0,0,3,0,45,121,2,1,0,0,1,1,13,0,108
2025,19,HOU,POST,2025_19_HOU_PIT,PIT,21,32,250,1,1,3,-6,2,2,289,90,12,0.4363770208041404,-0.2728414721786976,0,7,5,3,1,31,164,1,1,0,8,5.390770211670315,0,3,3,1,0,21,32,250,1,0,0,289,90,12,11.652646612627361,0,7,5,3,1,0,31,1,29,8,33,2,4.0,36.0,12,1,50,4,1,0,0,0,3,-5,1,33,1,6,44,4,2,3,0,5,2,3,22,3,59,1,1,0,0,51,1.0,0,0,0,0,1,0,0,0,0,0,0,0,51,,,51,0,0,3,4,1,0,0.75,0,0,0,0,0,3,0,60,125,1,1,1,0,0,1,14,0,111
2025,20,HOU,POST,2025_20_HOU_NE,NE,20,47,212,1,4,3,-19,0,0,417,84,9,-23.50918970489672,-20.15050709247589,0,8,3,2,1,22,48,0,1,1,4,-5.7754753333865665,0,1,0,0,0,20,45,212,1,0,0,417,84,9,-17.412628759977245,0,8,3,2,1,0,40,1,35,9,48,4,5.0,36.0,2,1,0,6,0,0,0,0,0,0,2,2,0,4,32,3,1,0,0,1,1,3,29,4,88,3,3,0,0,51,1.0,0,2,0,0,1,0,0,0,0,0,0,0,25;25;51,,,101,0,0,1,1,0,0,1.0,0,0,0,0,0,5,0,72,294,1,0,1,0,0,4,53,0,241
